[2026-03-14T16:13:21.439+0000] {processor.py:186} INFO - Started process (PID=1163) to work on /opt/airflow/dags/practice.py
[2026-03-14T16:13:21.443+0000] {processor.py:914} INFO - Processing file /opt/airflow/dags/practice.py for tasks to queue
[2026-03-14T16:13:21.466+0000] {logging_mixin.py:190} INFO - [2026-03-14T16:13:21.463+0000] {dagbag.py:588} INFO - Filling up the DagBag from /opt/airflow/dags/practice.py
[2026-03-14T16:13:21.634+0000] {processor.py:925} INFO - DAG(s) 'transaction_pipeline_practice' retrieved from /opt/airflow/dags/practice.py
[2026-03-14T16:13:22.844+0000] {logging_mixin.py:190} INFO - [2026-03-14T16:13:22.843+0000] {override.py:1912} INFO - Created Permission View: can delete on DAG:transaction_pipeline_practice
[2026-03-14T16:13:22.866+0000] {logging_mixin.py:190} INFO - [2026-03-14T16:13:22.866+0000] {override.py:1912} INFO - Created Permission View: can read on DAG:transaction_pipeline_practice
[2026-03-14T16:13:22.879+0000] {logging_mixin.py:190} INFO - [2026-03-14T16:13:22.879+0000] {override.py:1912} INFO - Created Permission View: can edit on DAG:transaction_pipeline_practice
[2026-03-14T16:13:22.894+0000] {logging_mixin.py:190} INFO - [2026-03-14T16:13:22.893+0000] {override.py:1912} INFO - Created Permission View: can delete on DAG Run:transaction_pipeline_practice
[2026-03-14T16:13:22.907+0000] {logging_mixin.py:190} INFO - [2026-03-14T16:13:22.907+0000] {override.py:1912} INFO - Created Permission View: menu access on DAG Run:transaction_pipeline_practice
[2026-03-14T16:13:22.921+0000] {logging_mixin.py:190} INFO - [2026-03-14T16:13:22.920+0000] {override.py:1912} INFO - Created Permission View: can read on DAG Run:transaction_pipeline_practice
[2026-03-14T16:13:22.933+0000] {logging_mixin.py:190} INFO - [2026-03-14T16:13:22.933+0000] {override.py:1912} INFO - Created Permission View: can create on DAG Run:transaction_pipeline_practice
[2026-03-14T16:13:22.935+0000] {logging_mixin.py:190} INFO - [2026-03-14T16:13:22.935+0000] {dag.py:3239} INFO - Sync 1 DAGs
[2026-03-14T16:13:24.492+0000] {logging_mixin.py:190} INFO - [2026-03-14T16:13:24.491+0000] {dag.py:3262} INFO - Creating ORM DAG for transaction_pipeline_practice
[2026-03-14T16:13:24.515+0000] {logging_mixin.py:190} INFO - [2026-03-14T16:13:24.515+0000] {dag.py:4180} INFO - Setting next_dagrun for transaction_pipeline_practice to 2026-03-13 00:00:00+00:00, run_after=2026-03-14 00:00:00+00:00
[2026-03-14T16:13:24.567+0000] {processor.py:208} INFO - Processing /opt/airflow/dags/practice.py took 3.166 seconds
[2026-03-14T16:13:55.207+0000] {processor.py:186} INFO - Started process (PID=1174) to work on /opt/airflow/dags/practice.py
[2026-03-14T16:13:55.209+0000] {processor.py:914} INFO - Processing file /opt/airflow/dags/practice.py for tasks to queue
[2026-03-14T16:13:55.214+0000] {logging_mixin.py:190} INFO - [2026-03-14T16:13:55.214+0000] {dagbag.py:588} INFO - Filling up the DagBag from /opt/airflow/dags/practice.py
[2026-03-14T16:13:55.258+0000] {processor.py:925} INFO - DAG(s) 'transaction_pipeline_practice' retrieved from /opt/airflow/dags/practice.py
[2026-03-14T16:13:55.323+0000] {logging_mixin.py:190} INFO - [2026-03-14T16:13:55.322+0000] {dag.py:3239} INFO - Sync 1 DAGs
[2026-03-14T16:13:55.374+0000] {logging_mixin.py:190} INFO - [2026-03-14T16:13:55.373+0000] {dag.py:4180} INFO - Setting next_dagrun for transaction_pipeline_practice to 2026-03-13 00:00:00+00:00, run_after=2026-03-14 00:00:00+00:00
[2026-03-14T16:13:55.425+0000] {processor.py:208} INFO - Processing /opt/airflow/dags/practice.py took 0.228 seconds
[2026-03-14T16:14:26.099+0000] {processor.py:186} INFO - Started process (PID=1185) to work on /opt/airflow/dags/practice.py
[2026-03-14T16:14:26.101+0000] {processor.py:914} INFO - Processing file /opt/airflow/dags/practice.py for tasks to queue
[2026-03-14T16:14:26.107+0000] {logging_mixin.py:190} INFO - [2026-03-14T16:14:26.106+0000] {dagbag.py:588} INFO - Filling up the DagBag from /opt/airflow/dags/practice.py
[2026-03-14T16:14:26.147+0000] {processor.py:925} INFO - DAG(s) 'transaction_pipeline_practice' retrieved from /opt/airflow/dags/practice.py
[2026-03-14T16:14:26.219+0000] {logging_mixin.py:190} INFO - [2026-03-14T16:14:26.219+0000] {dag.py:3239} INFO - Sync 1 DAGs
[2026-03-14T16:14:26.280+0000] {logging_mixin.py:190} INFO - [2026-03-14T16:14:26.280+0000] {dag.py:4180} INFO - Setting next_dagrun for transaction_pipeline_practice to 2026-03-13 00:00:00+00:00, run_after=2026-03-14 00:00:00+00:00
[2026-03-14T16:14:26.317+0000] {processor.py:208} INFO - Processing /opt/airflow/dags/practice.py took 0.231 seconds
[2026-03-14T16:14:56.776+0000] {processor.py:186} INFO - Started process (PID=1195) to work on /opt/airflow/dags/practice.py
[2026-03-14T16:14:56.778+0000] {processor.py:914} INFO - Processing file /opt/airflow/dags/practice.py for tasks to queue
[2026-03-14T16:14:56.782+0000] {logging_mixin.py:190} INFO - [2026-03-14T16:14:56.781+0000] {dagbag.py:588} INFO - Filling up the DagBag from /opt/airflow/dags/practice.py
[2026-03-14T16:14:56.827+0000] {processor.py:925} INFO - DAG(s) 'transaction_pipeline_practice' retrieved from /opt/airflow/dags/practice.py
[2026-03-14T16:14:56.888+0000] {logging_mixin.py:190} INFO - [2026-03-14T16:14:56.887+0000] {dag.py:3239} INFO - Sync 1 DAGs
[2026-03-14T16:14:56.941+0000] {logging_mixin.py:190} INFO - [2026-03-14T16:14:56.941+0000] {dag.py:4180} INFO - Setting next_dagrun for transaction_pipeline_practice to 2026-03-13 00:00:00+00:00, run_after=2026-03-14 00:00:00+00:00
[2026-03-14T16:14:56.977+0000] {processor.py:208} INFO - Processing /opt/airflow/dags/practice.py took 0.212 seconds
[2026-03-14T16:15:27.494+0000] {processor.py:186} INFO - Started process (PID=1206) to work on /opt/airflow/dags/practice.py
[2026-03-14T16:15:27.497+0000] {processor.py:914} INFO - Processing file /opt/airflow/dags/practice.py for tasks to queue
[2026-03-14T16:15:27.501+0000] {logging_mixin.py:190} INFO - [2026-03-14T16:15:27.500+0000] {dagbag.py:588} INFO - Filling up the DagBag from /opt/airflow/dags/practice.py
[2026-03-14T16:15:27.550+0000] {processor.py:925} INFO - DAG(s) 'transaction_pipeline_practice' retrieved from /opt/airflow/dags/practice.py
[2026-03-14T16:15:27.630+0000] {logging_mixin.py:190} INFO - [2026-03-14T16:15:27.630+0000] {dag.py:3239} INFO - Sync 1 DAGs
[2026-03-14T16:15:27.708+0000] {logging_mixin.py:190} INFO - [2026-03-14T16:15:27.707+0000] {dag.py:4180} INFO - Setting next_dagrun for transaction_pipeline_practice to 2026-03-13 00:00:00+00:00, run_after=2026-03-14 00:00:00+00:00
[2026-03-14T16:15:27.761+0000] {processor.py:208} INFO - Processing /opt/airflow/dags/practice.py took 0.285 seconds
[2026-03-14T16:15:58.308+0000] {processor.py:186} INFO - Started process (PID=1217) to work on /opt/airflow/dags/practice.py
[2026-03-14T16:15:58.313+0000] {processor.py:914} INFO - Processing file /opt/airflow/dags/practice.py for tasks to queue
[2026-03-14T16:15:58.319+0000] {logging_mixin.py:190} INFO - [2026-03-14T16:15:58.319+0000] {dagbag.py:588} INFO - Filling up the DagBag from /opt/airflow/dags/practice.py
[2026-03-14T16:15:58.378+0000] {processor.py:925} INFO - DAG(s) 'transaction_pipeline_practice' retrieved from /opt/airflow/dags/practice.py
[2026-03-14T16:15:58.456+0000] {logging_mixin.py:190} INFO - [2026-03-14T16:15:58.456+0000] {dag.py:3239} INFO - Sync 1 DAGs
[2026-03-14T16:15:58.528+0000] {logging_mixin.py:190} INFO - [2026-03-14T16:15:58.527+0000] {dag.py:4180} INFO - Setting next_dagrun for transaction_pipeline_practice to 2026-03-13 00:00:00+00:00, run_after=2026-03-14 00:00:00+00:00
[2026-03-14T16:15:58.633+0000] {processor.py:208} INFO - Processing /opt/airflow/dags/practice.py took 0.341 seconds
[2026-03-14T16:16:29.017+0000] {processor.py:186} INFO - Started process (PID=1227) to work on /opt/airflow/dags/practice.py
[2026-03-14T16:16:29.019+0000] {processor.py:914} INFO - Processing file /opt/airflow/dags/practice.py for tasks to queue
[2026-03-14T16:16:29.023+0000] {logging_mixin.py:190} INFO - [2026-03-14T16:16:29.022+0000] {dagbag.py:588} INFO - Filling up the DagBag from /opt/airflow/dags/practice.py
[2026-03-14T16:16:29.062+0000] {processor.py:925} INFO - DAG(s) 'transaction_pipeline_practice' retrieved from /opt/airflow/dags/practice.py
[2026-03-14T16:16:29.125+0000] {logging_mixin.py:190} INFO - [2026-03-14T16:16:29.125+0000] {dag.py:3239} INFO - Sync 1 DAGs
[2026-03-14T16:16:29.190+0000] {logging_mixin.py:190} INFO - [2026-03-14T16:16:29.190+0000] {dag.py:4180} INFO - Setting next_dagrun for transaction_pipeline_practice to 2026-03-13 00:00:00+00:00, run_after=2026-03-14 00:00:00+00:00
[2026-03-14T16:16:29.234+0000] {processor.py:208} INFO - Processing /opt/airflow/dags/practice.py took 0.228 seconds
[2026-03-14T16:17:00.234+0000] {processor.py:186} INFO - Started process (PID=1238) to work on /opt/airflow/dags/practice.py
[2026-03-14T16:17:00.236+0000] {processor.py:914} INFO - Processing file /opt/airflow/dags/practice.py for tasks to queue
[2026-03-14T16:17:00.240+0000] {logging_mixin.py:190} INFO - [2026-03-14T16:17:00.240+0000] {dagbag.py:588} INFO - Filling up the DagBag from /opt/airflow/dags/practice.py
[2026-03-14T16:17:00.282+0000] {processor.py:925} INFO - DAG(s) 'transaction_pipeline_practice' retrieved from /opt/airflow/dags/practice.py
[2026-03-14T16:17:00.345+0000] {logging_mixin.py:190} INFO - [2026-03-14T16:17:00.344+0000] {dag.py:3239} INFO - Sync 1 DAGs
[2026-03-14T16:17:00.402+0000] {logging_mixin.py:190} INFO - [2026-03-14T16:17:00.401+0000] {dag.py:4180} INFO - Setting next_dagrun for transaction_pipeline_practice to 2026-03-13 00:00:00+00:00, run_after=2026-03-14 00:00:00+00:00
[2026-03-14T16:17:00.442+0000] {processor.py:208} INFO - Processing /opt/airflow/dags/practice.py took 0.219 seconds
[2026-03-14T16:17:31.234+0000] {processor.py:186} INFO - Started process (PID=1249) to work on /opt/airflow/dags/practice.py
[2026-03-14T16:17:31.235+0000] {processor.py:914} INFO - Processing file /opt/airflow/dags/practice.py for tasks to queue
[2026-03-14T16:17:31.239+0000] {logging_mixin.py:190} INFO - [2026-03-14T16:17:31.238+0000] {dagbag.py:588} INFO - Filling up the DagBag from /opt/airflow/dags/practice.py
[2026-03-14T16:17:31.292+0000] {processor.py:925} INFO - DAG(s) 'transaction_pipeline_practice' retrieved from /opt/airflow/dags/practice.py
[2026-03-14T16:17:31.353+0000] {logging_mixin.py:190} INFO - [2026-03-14T16:17:31.353+0000] {dag.py:3239} INFO - Sync 1 DAGs
[2026-03-14T16:17:31.401+0000] {logging_mixin.py:190} INFO - [2026-03-14T16:17:31.401+0000] {dag.py:4180} INFO - Setting next_dagrun for transaction_pipeline_practice to 2026-03-13 00:00:00+00:00, run_after=2026-03-14 00:00:00+00:00
[2026-03-14T16:17:31.444+0000] {processor.py:208} INFO - Processing /opt/airflow/dags/practice.py took 0.220 seconds
[2026-03-14T16:18:02.124+0000] {processor.py:186} INFO - Started process (PID=1261) to work on /opt/airflow/dags/practice.py
[2026-03-14T16:18:02.129+0000] {processor.py:914} INFO - Processing file /opt/airflow/dags/practice.py for tasks to queue
[2026-03-14T16:18:02.142+0000] {logging_mixin.py:190} INFO - [2026-03-14T16:18:02.141+0000] {dagbag.py:588} INFO - Filling up the DagBag from /opt/airflow/dags/practice.py
[2026-03-14T16:18:02.241+0000] {processor.py:925} INFO - DAG(s) 'transaction_pipeline_practice' retrieved from /opt/airflow/dags/practice.py
[2026-03-14T16:18:02.480+0000] {logging_mixin.py:190} INFO - [2026-03-14T16:18:02.479+0000] {dag.py:3239} INFO - Sync 1 DAGs
[2026-03-14T16:18:02.643+0000] {logging_mixin.py:190} INFO - [2026-03-14T16:18:02.643+0000] {dag.py:4180} INFO - Setting next_dagrun for transaction_pipeline_practice to 2026-03-13 00:00:00+00:00, run_after=2026-03-14 00:00:00+00:00
[2026-03-14T16:18:02.719+0000] {processor.py:208} INFO - Processing /opt/airflow/dags/practice.py took 0.634 seconds
[2026-03-14T16:18:33.526+0000] {processor.py:186} INFO - Started process (PID=1272) to work on /opt/airflow/dags/practice.py
[2026-03-14T16:18:33.528+0000] {processor.py:914} INFO - Processing file /opt/airflow/dags/practice.py for tasks to queue
[2026-03-14T16:18:33.532+0000] {logging_mixin.py:190} INFO - [2026-03-14T16:18:33.532+0000] {dagbag.py:588} INFO - Filling up the DagBag from /opt/airflow/dags/practice.py
[2026-03-14T16:18:33.574+0000] {processor.py:925} INFO - DAG(s) 'transaction_pipeline_practice' retrieved from /opt/airflow/dags/practice.py
[2026-03-14T16:18:33.639+0000] {logging_mixin.py:190} INFO - [2026-03-14T16:18:33.638+0000] {dag.py:3239} INFO - Sync 1 DAGs
[2026-03-14T16:18:33.692+0000] {logging_mixin.py:190} INFO - [2026-03-14T16:18:33.692+0000] {dag.py:4180} INFO - Setting next_dagrun for transaction_pipeline_practice to 2026-03-13 00:00:00+00:00, run_after=2026-03-14 00:00:00+00:00
[2026-03-14T16:18:33.734+0000] {processor.py:208} INFO - Processing /opt/airflow/dags/practice.py took 0.218 seconds
[2026-03-14T16:19:04.202+0000] {processor.py:186} INFO - Started process (PID=1283) to work on /opt/airflow/dags/practice.py
[2026-03-14T16:19:04.205+0000] {processor.py:914} INFO - Processing file /opt/airflow/dags/practice.py for tasks to queue
[2026-03-14T16:19:04.210+0000] {logging_mixin.py:190} INFO - [2026-03-14T16:19:04.209+0000] {dagbag.py:588} INFO - Filling up the DagBag from /opt/airflow/dags/practice.py
[2026-03-14T16:19:04.289+0000] {processor.py:925} INFO - DAG(s) 'transaction_pipeline_practice' retrieved from /opt/airflow/dags/practice.py
[2026-03-14T16:19:04.393+0000] {logging_mixin.py:190} INFO - [2026-03-14T16:19:04.391+0000] {dag.py:3239} INFO - Sync 1 DAGs
[2026-03-14T16:19:04.498+0000] {logging_mixin.py:190} INFO - [2026-03-14T16:19:04.498+0000] {dag.py:4180} INFO - Setting next_dagrun for transaction_pipeline_practice to 2026-03-13 00:00:00+00:00, run_after=2026-03-14 00:00:00+00:00
[2026-03-14T16:19:04.537+0000] {processor.py:208} INFO - Processing /opt/airflow/dags/practice.py took 0.353 seconds
[2026-03-14T16:19:34.932+0000] {processor.py:186} INFO - Started process (PID=1294) to work on /opt/airflow/dags/practice.py
[2026-03-14T16:19:34.934+0000] {processor.py:914} INFO - Processing file /opt/airflow/dags/practice.py for tasks to queue
[2026-03-14T16:19:34.938+0000] {logging_mixin.py:190} INFO - [2026-03-14T16:19:34.937+0000] {dagbag.py:588} INFO - Filling up the DagBag from /opt/airflow/dags/practice.py
[2026-03-14T16:19:34.973+0000] {processor.py:925} INFO - DAG(s) 'transaction_pipeline_practice' retrieved from /opt/airflow/dags/practice.py
[2026-03-14T16:19:35.034+0000] {logging_mixin.py:190} INFO - [2026-03-14T16:19:35.034+0000] {dag.py:3239} INFO - Sync 1 DAGs
[2026-03-14T16:19:35.081+0000] {logging_mixin.py:190} INFO - [2026-03-14T16:19:35.080+0000] {dag.py:4180} INFO - Setting next_dagrun for transaction_pipeline_practice to 2026-03-13 00:00:00+00:00, run_after=2026-03-14 00:00:00+00:00
[2026-03-14T16:19:35.121+0000] {processor.py:208} INFO - Processing /opt/airflow/dags/practice.py took 0.200 seconds
[2026-03-14T16:20:05.760+0000] {processor.py:186} INFO - Started process (PID=1305) to work on /opt/airflow/dags/practice.py
[2026-03-14T16:20:05.763+0000] {processor.py:914} INFO - Processing file /opt/airflow/dags/practice.py for tasks to queue
[2026-03-14T16:20:05.773+0000] {logging_mixin.py:190} INFO - [2026-03-14T16:20:05.771+0000] {dagbag.py:588} INFO - Filling up the DagBag from /opt/airflow/dags/practice.py
[2026-03-14T16:20:05.829+0000] {processor.py:925} INFO - DAG(s) 'transaction_pipeline_practice' retrieved from /opt/airflow/dags/practice.py
[2026-03-14T16:20:05.894+0000] {logging_mixin.py:190} INFO - [2026-03-14T16:20:05.893+0000] {dag.py:3239} INFO - Sync 1 DAGs
[2026-03-14T16:20:05.945+0000] {logging_mixin.py:190} INFO - [2026-03-14T16:20:05.945+0000] {dag.py:4180} INFO - Setting next_dagrun for transaction_pipeline_practice to 2026-03-13 00:00:00+00:00, run_after=2026-03-14 00:00:00+00:00
[2026-03-14T16:20:05.985+0000] {processor.py:208} INFO - Processing /opt/airflow/dags/practice.py took 0.241 seconds
[2026-03-14T16:20:36.487+0000] {processor.py:186} INFO - Started process (PID=1316) to work on /opt/airflow/dags/practice.py
[2026-03-14T16:20:36.489+0000] {processor.py:914} INFO - Processing file /opt/airflow/dags/practice.py for tasks to queue
[2026-03-14T16:20:36.493+0000] {logging_mixin.py:190} INFO - [2026-03-14T16:20:36.493+0000] {dagbag.py:588} INFO - Filling up the DagBag from /opt/airflow/dags/practice.py
[2026-03-14T16:20:36.534+0000] {processor.py:925} INFO - DAG(s) 'transaction_pipeline_practice' retrieved from /opt/airflow/dags/practice.py
[2026-03-14T16:20:36.599+0000] {logging_mixin.py:190} INFO - [2026-03-14T16:20:36.598+0000] {dag.py:3239} INFO - Sync 1 DAGs
[2026-03-14T16:20:36.649+0000] {logging_mixin.py:190} INFO - [2026-03-14T16:20:36.648+0000] {dag.py:4180} INFO - Setting next_dagrun for transaction_pipeline_practice to 2026-03-13 00:00:00+00:00, run_after=2026-03-14 00:00:00+00:00
[2026-03-14T16:20:36.688+0000] {processor.py:208} INFO - Processing /opt/airflow/dags/practice.py took 0.212 seconds
[2026-03-14T16:21:02.311+0000] {processor.py:186} INFO - Started process (PID=1327) to work on /opt/airflow/dags/practice.py
[2026-03-14T16:21:02.312+0000] {processor.py:914} INFO - Processing file /opt/airflow/dags/practice.py for tasks to queue
[2026-03-14T16:21:02.317+0000] {logging_mixin.py:190} INFO - [2026-03-14T16:21:02.316+0000] {dagbag.py:588} INFO - Filling up the DagBag from /opt/airflow/dags/practice.py
[2026-03-14T16:21:02.390+0000] {processor.py:925} INFO - DAG(s) 'transaction_pipeline_practice' retrieved from /opt/airflow/dags/practice.py
[2026-03-14T16:21:02.460+0000] {logging_mixin.py:190} INFO - [2026-03-14T16:21:02.459+0000] {dag.py:3239} INFO - Sync 1 DAGs
[2026-03-14T16:21:02.530+0000] {logging_mixin.py:190} INFO - [2026-03-14T16:21:02.530+0000] {dag.py:4180} INFO - Setting next_dagrun for transaction_pipeline_practice to 2026-03-13 00:00:00+00:00, run_after=2026-03-14 00:00:00+00:00
[2026-03-14T16:21:02.578+0000] {processor.py:208} INFO - Processing /opt/airflow/dags/practice.py took 0.276 seconds
[2026-03-14T16:21:16.910+0000] {processor.py:186} INFO - Started process (PID=1332) to work on /opt/airflow/dags/practice.py
[2026-03-14T16:21:16.912+0000] {processor.py:914} INFO - Processing file /opt/airflow/dags/practice.py for tasks to queue
[2026-03-14T16:21:16.918+0000] {logging_mixin.py:190} INFO - [2026-03-14T16:21:16.917+0000] {dagbag.py:588} INFO - Filling up the DagBag from /opt/airflow/dags/practice.py
[2026-03-14T16:21:16.977+0000] {processor.py:925} INFO - DAG(s) 'transaction_pipeline_practice' retrieved from /opt/airflow/dags/practice.py
[2026-03-14T16:21:17.083+0000] {logging_mixin.py:190} INFO - [2026-03-14T16:21:17.082+0000] {dag.py:3239} INFO - Sync 1 DAGs
[2026-03-14T16:21:17.160+0000] {logging_mixin.py:190} INFO - [2026-03-14T16:21:17.160+0000] {dag.py:4180} INFO - Setting next_dagrun for transaction_pipeline_practice to 2026-03-13 00:00:00+00:00, run_after=2026-03-14 00:00:00+00:00
[2026-03-14T16:21:17.206+0000] {processor.py:208} INFO - Processing /opt/airflow/dags/practice.py took 0.307 seconds
[2026-03-14T16:21:47.584+0000] {processor.py:186} INFO - Started process (PID=1343) to work on /opt/airflow/dags/practice.py
[2026-03-14T16:21:47.586+0000] {processor.py:914} INFO - Processing file /opt/airflow/dags/practice.py for tasks to queue
[2026-03-14T16:21:47.592+0000] {logging_mixin.py:190} INFO - [2026-03-14T16:21:47.591+0000] {dagbag.py:588} INFO - Filling up the DagBag from /opt/airflow/dags/practice.py
[2026-03-14T16:21:47.643+0000] {processor.py:925} INFO - DAG(s) 'transaction_pipeline_practice' retrieved from /opt/airflow/dags/practice.py
[2026-03-14T16:21:47.741+0000] {logging_mixin.py:190} INFO - [2026-03-14T16:21:47.741+0000] {dag.py:3239} INFO - Sync 1 DAGs
[2026-03-14T16:21:47.850+0000] {logging_mixin.py:190} INFO - [2026-03-14T16:21:47.849+0000] {dag.py:4180} INFO - Setting next_dagrun for transaction_pipeline_practice to 2026-03-13 00:00:00+00:00, run_after=2026-03-14 00:00:00+00:00
[2026-03-14T16:21:47.920+0000] {processor.py:208} INFO - Processing /opt/airflow/dags/practice.py took 0.349 seconds
[2026-03-14T16:22:18.468+0000] {processor.py:186} INFO - Started process (PID=1360) to work on /opt/airflow/dags/practice.py
[2026-03-14T16:22:18.470+0000] {processor.py:914} INFO - Processing file /opt/airflow/dags/practice.py for tasks to queue
[2026-03-14T16:22:18.474+0000] {logging_mixin.py:190} INFO - [2026-03-14T16:22:18.474+0000] {dagbag.py:588} INFO - Filling up the DagBag from /opt/airflow/dags/practice.py
[2026-03-14T16:22:18.511+0000] {processor.py:925} INFO - DAG(s) 'transaction_pipeline_practice' retrieved from /opt/airflow/dags/practice.py
[2026-03-14T16:22:18.586+0000] {logging_mixin.py:190} INFO - [2026-03-14T16:22:18.586+0000] {dag.py:3239} INFO - Sync 1 DAGs
[2026-03-14T16:22:18.653+0000] {logging_mixin.py:190} INFO - [2026-03-14T16:22:18.653+0000] {dag.py:4180} INFO - Setting next_dagrun for transaction_pipeline_practice to 2026-03-13 00:00:00+00:00, run_after=2026-03-14 00:00:00+00:00
[2026-03-14T16:22:18.693+0000] {processor.py:208} INFO - Processing /opt/airflow/dags/practice.py took 0.234 seconds
[2026-03-14T16:22:49.131+0000] {processor.py:186} INFO - Started process (PID=1371) to work on /opt/airflow/dags/practice.py
[2026-03-14T16:22:49.133+0000] {processor.py:914} INFO - Processing file /opt/airflow/dags/practice.py for tasks to queue
[2026-03-14T16:22:49.137+0000] {logging_mixin.py:190} INFO - [2026-03-14T16:22:49.136+0000] {dagbag.py:588} INFO - Filling up the DagBag from /opt/airflow/dags/practice.py
[2026-03-14T16:22:49.179+0000] {processor.py:925} INFO - DAG(s) 'transaction_pipeline_practice' retrieved from /opt/airflow/dags/practice.py
[2026-03-14T16:22:49.242+0000] {logging_mixin.py:190} INFO - [2026-03-14T16:22:49.241+0000] {dag.py:3239} INFO - Sync 1 DAGs
[2026-03-14T16:22:49.293+0000] {logging_mixin.py:190} INFO - [2026-03-14T16:22:49.292+0000] {dag.py:4180} INFO - Setting next_dagrun for transaction_pipeline_practice to 2026-03-13 00:00:00+00:00, run_after=2026-03-14 00:00:00+00:00
[2026-03-14T16:22:49.329+0000] {processor.py:208} INFO - Processing /opt/airflow/dags/practice.py took 0.208 seconds
[2026-03-14T16:23:20.290+0000] {processor.py:186} INFO - Started process (PID=1381) to work on /opt/airflow/dags/practice.py
[2026-03-14T16:23:20.296+0000] {processor.py:914} INFO - Processing file /opt/airflow/dags/practice.py for tasks to queue
[2026-03-14T16:23:20.311+0000] {logging_mixin.py:190} INFO - [2026-03-14T16:23:20.310+0000] {dagbag.py:588} INFO - Filling up the DagBag from /opt/airflow/dags/practice.py
[2026-03-14T16:23:20.424+0000] {processor.py:925} INFO - DAG(s) 'transaction_pipeline_practice' retrieved from /opt/airflow/dags/practice.py
[2026-03-14T16:23:20.780+0000] {logging_mixin.py:190} INFO - [2026-03-14T16:23:20.780+0000] {dag.py:3239} INFO - Sync 1 DAGs
[2026-03-14T16:23:20.872+0000] {logging_mixin.py:190} INFO - [2026-03-14T16:23:20.869+0000] {dag.py:4180} INFO - Setting next_dagrun for transaction_pipeline_practice to 2026-03-13 00:00:00+00:00, run_after=2026-03-14 00:00:00+00:00
[2026-03-14T16:23:20.927+0000] {processor.py:208} INFO - Processing /opt/airflow/dags/practice.py took 0.656 seconds
[2026-03-14T16:23:51.211+0000] {processor.py:186} INFO - Started process (PID=1392) to work on /opt/airflow/dags/practice.py
[2026-03-14T16:23:51.213+0000] {processor.py:914} INFO - Processing file /opt/airflow/dags/practice.py for tasks to queue
[2026-03-14T16:23:51.218+0000] {logging_mixin.py:190} INFO - [2026-03-14T16:23:51.218+0000] {dagbag.py:588} INFO - Filling up the DagBag from /opt/airflow/dags/practice.py
[2026-03-14T16:23:51.264+0000] {processor.py:925} INFO - DAG(s) 'transaction_pipeline_practice' retrieved from /opt/airflow/dags/practice.py
[2026-03-14T16:23:51.338+0000] {logging_mixin.py:190} INFO - [2026-03-14T16:23:51.338+0000] {dag.py:3239} INFO - Sync 1 DAGs
[2026-03-14T16:23:51.455+0000] {logging_mixin.py:190} INFO - [2026-03-14T16:23:51.454+0000] {dag.py:4180} INFO - Setting next_dagrun for transaction_pipeline_practice to 2026-03-13 00:00:00+00:00, run_after=2026-03-14 00:00:00+00:00
[2026-03-14T16:23:51.641+0000] {processor.py:208} INFO - Processing /opt/airflow/dags/practice.py took 0.442 seconds
[2026-03-14T16:23:53.479+0000] {processor.py:186} INFO - Started process (PID=1397) to work on /opt/airflow/dags/practice.py
[2026-03-14T16:23:53.481+0000] {processor.py:914} INFO - Processing file /opt/airflow/dags/practice.py for tasks to queue
[2026-03-14T16:23:53.487+0000] {logging_mixin.py:190} INFO - [2026-03-14T16:23:53.487+0000] {dagbag.py:588} INFO - Filling up the DagBag from /opt/airflow/dags/practice.py
[2026-03-14T16:23:53.539+0000] {processor.py:925} INFO - DAG(s) 'transaction_pipeline_practice' retrieved from /opt/airflow/dags/practice.py
[2026-03-14T16:23:53.801+0000] {logging_mixin.py:190} INFO - [2026-03-14T16:23:53.801+0000] {dag.py:3239} INFO - Sync 1 DAGs
[2026-03-14T16:23:54.212+0000] {logging_mixin.py:190} INFO - [2026-03-14T16:23:54.212+0000] {dag.py:4180} INFO - Setting next_dagrun for transaction_pipeline_practice to 2026-03-13 00:00:00+00:00, run_after=2026-03-14 00:00:00+00:00
[2026-03-14T16:23:54.294+0000] {processor.py:208} INFO - Processing /opt/airflow/dags/practice.py took 0.825 seconds
[2026-03-14T16:24:25.060+0000] {processor.py:186} INFO - Started process (PID=1408) to work on /opt/airflow/dags/practice.py
[2026-03-14T16:24:25.062+0000] {processor.py:914} INFO - Processing file /opt/airflow/dags/practice.py for tasks to queue
[2026-03-14T16:24:25.066+0000] {logging_mixin.py:190} INFO - [2026-03-14T16:24:25.066+0000] {dagbag.py:588} INFO - Filling up the DagBag from /opt/airflow/dags/practice.py
[2026-03-14T16:24:25.110+0000] {processor.py:925} INFO - DAG(s) 'transaction_pipeline_practice' retrieved from /opt/airflow/dags/practice.py
[2026-03-14T16:24:25.172+0000] {logging_mixin.py:190} INFO - [2026-03-14T16:24:25.171+0000] {dag.py:3239} INFO - Sync 1 DAGs
[2026-03-14T16:24:25.228+0000] {logging_mixin.py:190} INFO - [2026-03-14T16:24:25.228+0000] {dag.py:4180} INFO - Setting next_dagrun for transaction_pipeline_practice to 2026-03-13 00:00:00+00:00, run_after=2026-03-14 00:00:00+00:00
[2026-03-14T16:24:25.270+0000] {processor.py:208} INFO - Processing /opt/airflow/dags/practice.py took 0.220 seconds
[2026-03-14T16:24:55.918+0000] {processor.py:186} INFO - Started process (PID=1425) to work on /opt/airflow/dags/practice.py
[2026-03-14T16:24:55.920+0000] {processor.py:914} INFO - Processing file /opt/airflow/dags/practice.py for tasks to queue
[2026-03-14T16:24:55.927+0000] {logging_mixin.py:190} INFO - [2026-03-14T16:24:55.926+0000] {dagbag.py:588} INFO - Filling up the DagBag from /opt/airflow/dags/practice.py
[2026-03-14T16:24:55.973+0000] {processor.py:925} INFO - DAG(s) 'transaction_pipeline_practice' retrieved from /opt/airflow/dags/practice.py
[2026-03-14T16:24:56.037+0000] {logging_mixin.py:190} INFO - [2026-03-14T16:24:56.037+0000] {dag.py:3239} INFO - Sync 1 DAGs
[2026-03-14T16:24:56.092+0000] {logging_mixin.py:190} INFO - [2026-03-14T16:24:56.092+0000] {dag.py:4180} INFO - Setting next_dagrun for transaction_pipeline_practice to 2026-03-14 00:00:00+00:00, run_after=2026-03-15 00:00:00+00:00
[2026-03-14T16:24:56.131+0000] {processor.py:208} INFO - Processing /opt/airflow/dags/practice.py took 0.224 seconds
[2026-03-14T16:25:26.614+0000] {processor.py:186} INFO - Started process (PID=1436) to work on /opt/airflow/dags/practice.py
[2026-03-14T16:25:26.617+0000] {processor.py:914} INFO - Processing file /opt/airflow/dags/practice.py for tasks to queue
[2026-03-14T16:25:26.622+0000] {logging_mixin.py:190} INFO - [2026-03-14T16:25:26.621+0000] {dagbag.py:588} INFO - Filling up the DagBag from /opt/airflow/dags/practice.py
[2026-03-14T16:25:26.661+0000] {processor.py:925} INFO - DAG(s) 'transaction_pipeline_practice' retrieved from /opt/airflow/dags/practice.py
[2026-03-14T16:25:26.722+0000] {logging_mixin.py:190} INFO - [2026-03-14T16:25:26.721+0000] {dag.py:3239} INFO - Sync 1 DAGs
[2026-03-14T16:25:26.770+0000] {logging_mixin.py:190} INFO - [2026-03-14T16:25:26.769+0000] {dag.py:4180} INFO - Setting next_dagrun for transaction_pipeline_practice to 2026-03-14 00:00:00+00:00, run_after=2026-03-15 00:00:00+00:00
[2026-03-14T16:25:26.807+0000] {processor.py:208} INFO - Processing /opt/airflow/dags/practice.py took 0.205 seconds
[2026-03-14T16:25:57.591+0000] {processor.py:186} INFO - Started process (PID=1453) to work on /opt/airflow/dags/practice.py
[2026-03-14T16:25:57.593+0000] {processor.py:914} INFO - Processing file /opt/airflow/dags/practice.py for tasks to queue
[2026-03-14T16:25:57.598+0000] {logging_mixin.py:190} INFO - [2026-03-14T16:25:57.597+0000] {dagbag.py:588} INFO - Filling up the DagBag from /opt/airflow/dags/practice.py
[2026-03-14T16:25:57.638+0000] {processor.py:925} INFO - DAG(s) 'transaction_pipeline_practice' retrieved from /opt/airflow/dags/practice.py
[2026-03-14T16:25:57.698+0000] {logging_mixin.py:190} INFO - [2026-03-14T16:25:57.698+0000] {dag.py:3239} INFO - Sync 1 DAGs
[2026-03-14T16:25:57.747+0000] {logging_mixin.py:190} INFO - [2026-03-14T16:25:57.747+0000] {dag.py:4180} INFO - Setting next_dagrun for transaction_pipeline_practice to 2026-03-14 00:00:00+00:00, run_after=2026-03-15 00:00:00+00:00
[2026-03-14T16:25:57.783+0000] {processor.py:208} INFO - Processing /opt/airflow/dags/practice.py took 0.205 seconds
[2026-03-14T16:26:28.255+0000] {processor.py:186} INFO - Started process (PID=1464) to work on /opt/airflow/dags/practice.py
[2026-03-14T16:26:28.257+0000] {processor.py:914} INFO - Processing file /opt/airflow/dags/practice.py for tasks to queue
[2026-03-14T16:26:28.262+0000] {logging_mixin.py:190} INFO - [2026-03-14T16:26:28.260+0000] {dagbag.py:588} INFO - Filling up the DagBag from /opt/airflow/dags/practice.py
[2026-03-14T16:26:28.300+0000] {processor.py:925} INFO - DAG(s) 'transaction_pipeline_practice' retrieved from /opt/airflow/dags/practice.py
[2026-03-14T16:26:28.355+0000] {logging_mixin.py:190} INFO - [2026-03-14T16:26:28.355+0000] {dag.py:3239} INFO - Sync 1 DAGs
[2026-03-14T16:26:28.401+0000] {logging_mixin.py:190} INFO - [2026-03-14T16:26:28.400+0000] {dag.py:4180} INFO - Setting next_dagrun for transaction_pipeline_practice to 2026-03-14 00:00:00+00:00, run_after=2026-03-15 00:00:00+00:00
[2026-03-14T16:26:28.436+0000] {processor.py:208} INFO - Processing /opt/airflow/dags/practice.py took 0.193 seconds
[2026-03-14T16:26:58.903+0000] {processor.py:186} INFO - Started process (PID=1475) to work on /opt/airflow/dags/practice.py
[2026-03-14T16:26:58.905+0000] {processor.py:914} INFO - Processing file /opt/airflow/dags/practice.py for tasks to queue
[2026-03-14T16:26:58.909+0000] {logging_mixin.py:190} INFO - [2026-03-14T16:26:58.909+0000] {dagbag.py:588} INFO - Filling up the DagBag from /opt/airflow/dags/practice.py
[2026-03-14T16:26:58.951+0000] {processor.py:925} INFO - DAG(s) 'transaction_pipeline_practice' retrieved from /opt/airflow/dags/practice.py
[2026-03-14T16:26:59.009+0000] {logging_mixin.py:190} INFO - [2026-03-14T16:26:59.008+0000] {dag.py:3239} INFO - Sync 1 DAGs
[2026-03-14T16:26:59.059+0000] {logging_mixin.py:190} INFO - [2026-03-14T16:26:59.059+0000] {dag.py:4180} INFO - Setting next_dagrun for transaction_pipeline_practice to 2026-03-14 00:00:00+00:00, run_after=2026-03-15 00:00:00+00:00
[2026-03-14T16:26:59.093+0000] {processor.py:208} INFO - Processing /opt/airflow/dags/practice.py took 0.200 seconds
[2026-03-14T16:27:30.052+0000] {processor.py:186} INFO - Started process (PID=1486) to work on /opt/airflow/dags/practice.py
[2026-03-14T16:27:30.073+0000] {processor.py:914} INFO - Processing file /opt/airflow/dags/practice.py for tasks to queue
[2026-03-14T16:27:30.113+0000] {logging_mixin.py:190} INFO - [2026-03-14T16:27:30.112+0000] {dagbag.py:588} INFO - Filling up the DagBag from /opt/airflow/dags/practice.py
[2026-03-14T16:27:30.403+0000] {processor.py:925} INFO - DAG(s) 'transaction_pipeline_practice' retrieved from /opt/airflow/dags/practice.py
[2026-03-14T16:27:30.599+0000] {logging_mixin.py:190} INFO - [2026-03-14T16:27:30.599+0000] {dag.py:3239} INFO - Sync 1 DAGs
[2026-03-14T16:27:30.655+0000] {logging_mixin.py:190} INFO - [2026-03-14T16:27:30.655+0000] {dag.py:4180} INFO - Setting next_dagrun for transaction_pipeline_practice to 2026-03-14 00:00:00+00:00, run_after=2026-03-15 00:00:00+00:00
[2026-03-14T16:27:30.697+0000] {processor.py:208} INFO - Processing /opt/airflow/dags/practice.py took 0.674 seconds
[2026-03-14T16:28:01.261+0000] {processor.py:186} INFO - Started process (PID=1503) to work on /opt/airflow/dags/practice.py
[2026-03-14T16:28:01.264+0000] {processor.py:914} INFO - Processing file /opt/airflow/dags/practice.py for tasks to queue
[2026-03-14T16:28:01.280+0000] {logging_mixin.py:190} INFO - [2026-03-14T16:28:01.279+0000] {dagbag.py:588} INFO - Filling up the DagBag from /opt/airflow/dags/practice.py
[2026-03-14T16:28:01.423+0000] {processor.py:925} INFO - DAG(s) 'transaction_pipeline_practice' retrieved from /opt/airflow/dags/practice.py
[2026-03-14T16:28:01.650+0000] {logging_mixin.py:190} INFO - [2026-03-14T16:28:01.649+0000] {dag.py:3239} INFO - Sync 1 DAGs
[2026-03-14T16:28:01.787+0000] {logging_mixin.py:190} INFO - [2026-03-14T16:28:01.785+0000] {dag.py:4180} INFO - Setting next_dagrun for transaction_pipeline_practice to 2026-03-14 00:00:00+00:00, run_after=2026-03-15 00:00:00+00:00
[2026-03-14T16:28:01.881+0000] {processor.py:208} INFO - Processing /opt/airflow/dags/practice.py took 0.650 seconds
[2026-03-14T16:28:32.793+0000] {processor.py:186} INFO - Started process (PID=1514) to work on /opt/airflow/dags/practice.py
[2026-03-14T16:28:32.794+0000] {processor.py:914} INFO - Processing file /opt/airflow/dags/practice.py for tasks to queue
[2026-03-14T16:28:32.800+0000] {logging_mixin.py:190} INFO - [2026-03-14T16:28:32.799+0000] {dagbag.py:588} INFO - Filling up the DagBag from /opt/airflow/dags/practice.py
[2026-03-14T16:28:32.843+0000] {processor.py:925} INFO - DAG(s) 'transaction_pipeline_practice' retrieved from /opt/airflow/dags/practice.py
[2026-03-14T16:28:32.914+0000] {logging_mixin.py:190} INFO - [2026-03-14T16:28:32.913+0000] {dag.py:3239} INFO - Sync 1 DAGs
[2026-03-14T16:28:32.967+0000] {logging_mixin.py:190} INFO - [2026-03-14T16:28:32.967+0000] {dag.py:4180} INFO - Setting next_dagrun for transaction_pipeline_practice to 2026-03-14 00:00:00+00:00, run_after=2026-03-15 00:00:00+00:00
[2026-03-14T16:28:33.003+0000] {processor.py:208} INFO - Processing /opt/airflow/dags/practice.py took 0.221 seconds
[2026-03-14T16:29:03.536+0000] {processor.py:186} INFO - Started process (PID=1525) to work on /opt/airflow/dags/practice.py
[2026-03-14T16:29:03.538+0000] {processor.py:914} INFO - Processing file /opt/airflow/dags/practice.py for tasks to queue
[2026-03-14T16:29:03.542+0000] {logging_mixin.py:190} INFO - [2026-03-14T16:29:03.541+0000] {dagbag.py:588} INFO - Filling up the DagBag from /opt/airflow/dags/practice.py
[2026-03-14T16:29:03.583+0000] {processor.py:925} INFO - DAG(s) 'transaction_pipeline_practice' retrieved from /opt/airflow/dags/practice.py
[2026-03-14T16:29:03.653+0000] {logging_mixin.py:190} INFO - [2026-03-14T16:29:03.652+0000] {dag.py:3239} INFO - Sync 1 DAGs
[2026-03-14T16:29:03.708+0000] {logging_mixin.py:190} INFO - [2026-03-14T16:29:03.707+0000] {dag.py:4180} INFO - Setting next_dagrun for transaction_pipeline_practice to 2026-03-14 00:00:00+00:00, run_after=2026-03-15 00:00:00+00:00
[2026-03-14T16:29:03.748+0000] {processor.py:208} INFO - Processing /opt/airflow/dags/practice.py took 0.226 seconds
[2026-03-14T16:29:34.444+0000] {processor.py:186} INFO - Started process (PID=1537) to work on /opt/airflow/dags/practice.py
[2026-03-14T16:29:34.446+0000] {processor.py:914} INFO - Processing file /opt/airflow/dags/practice.py for tasks to queue
[2026-03-14T16:29:34.450+0000] {logging_mixin.py:190} INFO - [2026-03-14T16:29:34.450+0000] {dagbag.py:588} INFO - Filling up the DagBag from /opt/airflow/dags/practice.py
[2026-03-14T16:29:34.489+0000] {processor.py:925} INFO - DAG(s) 'transaction_pipeline_practice' retrieved from /opt/airflow/dags/practice.py
[2026-03-14T16:29:34.550+0000] {logging_mixin.py:190} INFO - [2026-03-14T16:29:34.550+0000] {dag.py:3239} INFO - Sync 1 DAGs
[2026-03-14T16:29:34.600+0000] {logging_mixin.py:190} INFO - [2026-03-14T16:29:34.599+0000] {dag.py:4180} INFO - Setting next_dagrun for transaction_pipeline_practice to 2026-03-14 00:00:00+00:00, run_after=2026-03-15 00:00:00+00:00
[2026-03-14T16:29:34.639+0000] {processor.py:208} INFO - Processing /opt/airflow/dags/practice.py took 0.208 seconds
[2026-03-14T16:30:05.107+0000] {processor.py:186} INFO - Started process (PID=1548) to work on /opt/airflow/dags/practice.py
[2026-03-14T16:30:05.109+0000] {processor.py:914} INFO - Processing file /opt/airflow/dags/practice.py for tasks to queue
[2026-03-14T16:30:05.113+0000] {logging_mixin.py:190} INFO - [2026-03-14T16:30:05.113+0000] {dagbag.py:588} INFO - Filling up the DagBag from /opt/airflow/dags/practice.py
[2026-03-14T16:30:05.170+0000] {processor.py:925} INFO - DAG(s) 'transaction_pipeline_practice' retrieved from /opt/airflow/dags/practice.py
[2026-03-14T16:30:05.260+0000] {logging_mixin.py:190} INFO - [2026-03-14T16:30:05.260+0000] {dag.py:3239} INFO - Sync 1 DAGs
[2026-03-14T16:30:05.313+0000] {logging_mixin.py:190} INFO - [2026-03-14T16:30:05.312+0000] {dag.py:4180} INFO - Setting next_dagrun for transaction_pipeline_practice to 2026-03-14 00:00:00+00:00, run_after=2026-03-15 00:00:00+00:00
[2026-03-14T16:30:05.348+0000] {processor.py:208} INFO - Processing /opt/airflow/dags/practice.py took 0.253 seconds
[2026-03-14T16:30:35.900+0000] {processor.py:186} INFO - Started process (PID=1559) to work on /opt/airflow/dags/practice.py
[2026-03-14T16:30:35.902+0000] {processor.py:914} INFO - Processing file /opt/airflow/dags/practice.py for tasks to queue
[2026-03-14T16:30:35.906+0000] {logging_mixin.py:190} INFO - [2026-03-14T16:30:35.906+0000] {dagbag.py:588} INFO - Filling up the DagBag from /opt/airflow/dags/practice.py
[2026-03-14T16:30:35.951+0000] {processor.py:925} INFO - DAG(s) 'transaction_pipeline_practice' retrieved from /opt/airflow/dags/practice.py
[2026-03-14T16:30:36.011+0000] {logging_mixin.py:190} INFO - [2026-03-14T16:30:36.011+0000] {dag.py:3239} INFO - Sync 1 DAGs
[2026-03-14T16:30:36.060+0000] {logging_mixin.py:190} INFO - [2026-03-14T16:30:36.059+0000] {dag.py:4180} INFO - Setting next_dagrun for transaction_pipeline_practice to 2026-03-14 00:00:00+00:00, run_after=2026-03-15 00:00:00+00:00
[2026-03-14T16:30:36.096+0000] {processor.py:208} INFO - Processing /opt/airflow/dags/practice.py took 0.209 seconds
[2026-03-14T16:31:06.527+0000] {processor.py:186} INFO - Started process (PID=1570) to work on /opt/airflow/dags/practice.py
[2026-03-14T16:31:06.529+0000] {processor.py:914} INFO - Processing file /opt/airflow/dags/practice.py for tasks to queue
[2026-03-14T16:31:06.533+0000] {logging_mixin.py:190} INFO - [2026-03-14T16:31:06.532+0000] {dagbag.py:588} INFO - Filling up the DagBag from /opt/airflow/dags/practice.py
[2026-03-14T16:31:06.571+0000] {processor.py:925} INFO - DAG(s) 'transaction_pipeline_practice' retrieved from /opt/airflow/dags/practice.py
[2026-03-14T16:31:06.629+0000] {logging_mixin.py:190} INFO - [2026-03-14T16:31:06.629+0000] {dag.py:3239} INFO - Sync 1 DAGs
[2026-03-14T16:31:06.676+0000] {logging_mixin.py:190} INFO - [2026-03-14T16:31:06.676+0000] {dag.py:4180} INFO - Setting next_dagrun for transaction_pipeline_practice to 2026-03-14 00:00:00+00:00, run_after=2026-03-15 00:00:00+00:00
[2026-03-14T16:31:06.714+0000] {processor.py:208} INFO - Processing /opt/airflow/dags/practice.py took 0.197 seconds
[2026-03-14T16:31:37.176+0000] {processor.py:186} INFO - Started process (PID=1581) to work on /opt/airflow/dags/practice.py
[2026-03-14T16:31:37.178+0000] {processor.py:914} INFO - Processing file /opt/airflow/dags/practice.py for tasks to queue
[2026-03-14T16:31:37.182+0000] {logging_mixin.py:190} INFO - [2026-03-14T16:31:37.181+0000] {dagbag.py:588} INFO - Filling up the DagBag from /opt/airflow/dags/practice.py
[2026-03-14T16:31:37.231+0000] {processor.py:925} INFO - DAG(s) 'transaction_pipeline_practice' retrieved from /opt/airflow/dags/practice.py
[2026-03-14T16:31:37.325+0000] {logging_mixin.py:190} INFO - [2026-03-14T16:31:37.325+0000] {dag.py:3239} INFO - Sync 1 DAGs
[2026-03-14T16:31:37.380+0000] {logging_mixin.py:190} INFO - [2026-03-14T16:31:37.380+0000] {dag.py:4180} INFO - Setting next_dagrun for transaction_pipeline_practice to 2026-03-14 00:00:00+00:00, run_after=2026-03-15 00:00:00+00:00
[2026-03-14T16:31:37.413+0000] {processor.py:208} INFO - Processing /opt/airflow/dags/practice.py took 0.247 seconds
[2026-03-14T16:32:07.806+0000] {processor.py:186} INFO - Started process (PID=1592) to work on /opt/airflow/dags/practice.py
[2026-03-14T16:32:07.807+0000] {processor.py:914} INFO - Processing file /opt/airflow/dags/practice.py for tasks to queue
[2026-03-14T16:32:07.812+0000] {logging_mixin.py:190} INFO - [2026-03-14T16:32:07.812+0000] {dagbag.py:588} INFO - Filling up the DagBag from /opt/airflow/dags/practice.py
[2026-03-14T16:32:07.862+0000] {processor.py:925} INFO - DAG(s) 'transaction_pipeline_practice' retrieved from /opt/airflow/dags/practice.py
[2026-03-14T16:32:07.925+0000] {logging_mixin.py:190} INFO - [2026-03-14T16:32:07.925+0000] {dag.py:3239} INFO - Sync 1 DAGs
[2026-03-14T16:32:07.984+0000] {logging_mixin.py:190} INFO - [2026-03-14T16:32:07.983+0000] {dag.py:4180} INFO - Setting next_dagrun for transaction_pipeline_practice to 2026-03-14 00:00:00+00:00, run_after=2026-03-15 00:00:00+00:00
[2026-03-14T16:32:08.023+0000] {processor.py:208} INFO - Processing /opt/airflow/dags/practice.py took 0.228 seconds
[2026-03-14T16:32:38.802+0000] {processor.py:186} INFO - Started process (PID=1603) to work on /opt/airflow/dags/practice.py
[2026-03-14T16:32:38.804+0000] {processor.py:914} INFO - Processing file /opt/airflow/dags/practice.py for tasks to queue
[2026-03-14T16:32:38.810+0000] {logging_mixin.py:190} INFO - [2026-03-14T16:32:38.809+0000] {dagbag.py:588} INFO - Filling up the DagBag from /opt/airflow/dags/practice.py
[2026-03-14T16:32:38.850+0000] {processor.py:925} INFO - DAG(s) 'transaction_pipeline_practice' retrieved from /opt/airflow/dags/practice.py
[2026-03-14T16:32:38.918+0000] {logging_mixin.py:190} INFO - [2026-03-14T16:32:38.918+0000] {dag.py:3239} INFO - Sync 1 DAGs
[2026-03-14T16:32:38.983+0000] {logging_mixin.py:190} INFO - [2026-03-14T16:32:38.982+0000] {dag.py:4180} INFO - Setting next_dagrun for transaction_pipeline_practice to 2026-03-14 00:00:00+00:00, run_after=2026-03-15 00:00:00+00:00
[2026-03-14T16:32:39.080+0000] {processor.py:208} INFO - Processing /opt/airflow/dags/practice.py took 0.288 seconds
[2026-03-14T16:33:10.123+0000] {processor.py:186} INFO - Started process (PID=1613) to work on /opt/airflow/dags/practice.py
[2026-03-14T16:33:10.146+0000] {processor.py:914} INFO - Processing file /opt/airflow/dags/practice.py for tasks to queue
[2026-03-14T16:33:10.154+0000] {logging_mixin.py:190} INFO - [2026-03-14T16:33:10.154+0000] {dagbag.py:588} INFO - Filling up the DagBag from /opt/airflow/dags/practice.py
[2026-03-14T16:33:10.197+0000] {processor.py:925} INFO - DAG(s) 'transaction_pipeline_practice' retrieved from /opt/airflow/dags/practice.py
[2026-03-14T16:33:10.279+0000] {logging_mixin.py:190} INFO - [2026-03-14T16:33:10.279+0000] {dag.py:3239} INFO - Sync 1 DAGs
[2026-03-14T16:33:10.422+0000] {logging_mixin.py:190} INFO - [2026-03-14T16:33:10.421+0000] {dag.py:4180} INFO - Setting next_dagrun for transaction_pipeline_practice to 2026-03-14 00:00:00+00:00, run_after=2026-03-15 00:00:00+00:00
[2026-03-14T16:33:10.537+0000] {processor.py:208} INFO - Processing /opt/airflow/dags/practice.py took 0.446 seconds
[2026-03-14T16:33:41.321+0000] {processor.py:186} INFO - Started process (PID=1623) to work on /opt/airflow/dags/practice.py
[2026-03-14T16:33:41.331+0000] {processor.py:914} INFO - Processing file /opt/airflow/dags/practice.py for tasks to queue
[2026-03-14T16:33:41.345+0000] {logging_mixin.py:190} INFO - [2026-03-14T16:33:41.344+0000] {dagbag.py:588} INFO - Filling up the DagBag from /opt/airflow/dags/practice.py
[2026-03-14T16:33:41.411+0000] {processor.py:925} INFO - DAG(s) 'transaction_pipeline_practice' retrieved from /opt/airflow/dags/practice.py
[2026-03-14T16:33:41.510+0000] {logging_mixin.py:190} INFO - [2026-03-14T16:33:41.509+0000] {dag.py:3239} INFO - Sync 1 DAGs
[2026-03-14T16:33:41.581+0000] {logging_mixin.py:190} INFO - [2026-03-14T16:33:41.581+0000] {dag.py:4180} INFO - Setting next_dagrun for transaction_pipeline_practice to 2026-03-14 00:00:00+00:00, run_after=2026-03-15 00:00:00+00:00
[2026-03-14T16:33:41.634+0000] {processor.py:208} INFO - Processing /opt/airflow/dags/practice.py took 0.336 seconds
[2026-03-14T16:33:51.663+0000] {processor.py:186} INFO - Started process (PID=1634) to work on /opt/airflow/dags/practice.py
[2026-03-14T16:33:51.667+0000] {processor.py:914} INFO - Processing file /opt/airflow/dags/practice.py for tasks to queue
[2026-03-14T16:33:51.678+0000] {logging_mixin.py:190} INFO - [2026-03-14T16:33:51.677+0000] {dagbag.py:588} INFO - Filling up the DagBag from /opt/airflow/dags/practice.py
[2026-03-14T16:33:51.857+0000] {processor.py:925} INFO - DAG(s) 'transaction_pipeline_practice' retrieved from /opt/airflow/dags/practice.py
[2026-03-14T16:33:52.236+0000] {logging_mixin.py:190} INFO - [2026-03-14T16:33:52.235+0000] {dag.py:3239} INFO - Sync 1 DAGs
[2026-03-14T16:33:52.344+0000] {logging_mixin.py:190} INFO - [2026-03-14T16:33:52.343+0000] {dag.py:4180} INFO - Setting next_dagrun for transaction_pipeline_practice to 2026-03-14 00:00:00+00:00, run_after=2026-03-15 00:00:00+00:00
[2026-03-14T16:33:52.402+0000] {processor.py:208} INFO - Processing /opt/airflow/dags/practice.py took 0.767 seconds
[2026-03-14T16:34:23.351+0000] {processor.py:186} INFO - Started process (PID=1645) to work on /opt/airflow/dags/practice.py
[2026-03-14T16:34:23.353+0000] {processor.py:914} INFO - Processing file /opt/airflow/dags/practice.py for tasks to queue
[2026-03-14T16:34:23.358+0000] {logging_mixin.py:190} INFO - [2026-03-14T16:34:23.358+0000] {dagbag.py:588} INFO - Filling up the DagBag from /opt/airflow/dags/practice.py
[2026-03-14T16:34:23.435+0000] {processor.py:925} INFO - DAG(s) 'transaction_pipeline_practice' retrieved from /opt/airflow/dags/practice.py
[2026-03-14T16:34:23.550+0000] {logging_mixin.py:190} INFO - [2026-03-14T16:34:23.549+0000] {dag.py:3239} INFO - Sync 1 DAGs
[2026-03-14T16:34:23.624+0000] {logging_mixin.py:190} INFO - [2026-03-14T16:34:23.623+0000] {dag.py:4180} INFO - Setting next_dagrun for transaction_pipeline_practice to 2026-03-14 00:00:00+00:00, run_after=2026-03-15 00:00:00+00:00
[2026-03-14T16:34:23.679+0000] {processor.py:208} INFO - Processing /opt/airflow/dags/practice.py took 0.339 seconds
[2026-03-14T16:34:54.099+0000] {processor.py:186} INFO - Started process (PID=1656) to work on /opt/airflow/dags/practice.py
[2026-03-14T16:34:54.101+0000] {processor.py:914} INFO - Processing file /opt/airflow/dags/practice.py for tasks to queue
[2026-03-14T16:34:54.105+0000] {logging_mixin.py:190} INFO - [2026-03-14T16:34:54.105+0000] {dagbag.py:588} INFO - Filling up the DagBag from /opt/airflow/dags/practice.py
[2026-03-14T16:34:54.151+0000] {processor.py:925} INFO - DAG(s) 'transaction_pipeline_practice' retrieved from /opt/airflow/dags/practice.py
[2026-03-14T16:34:54.240+0000] {logging_mixin.py:190} INFO - [2026-03-14T16:34:54.239+0000] {dag.py:3239} INFO - Sync 1 DAGs
[2026-03-14T16:34:54.310+0000] {logging_mixin.py:190} INFO - [2026-03-14T16:34:54.309+0000] {dag.py:4180} INFO - Setting next_dagrun for transaction_pipeline_practice to 2026-03-14 00:00:00+00:00, run_after=2026-03-15 00:00:00+00:00
[2026-03-14T16:34:54.347+0000] {processor.py:208} INFO - Processing /opt/airflow/dags/practice.py took 0.259 seconds
[2026-03-14T16:35:24.882+0000] {processor.py:186} INFO - Started process (PID=1667) to work on /opt/airflow/dags/practice.py
[2026-03-14T16:35:24.885+0000] {processor.py:914} INFO - Processing file /opt/airflow/dags/practice.py for tasks to queue
[2026-03-14T16:35:24.892+0000] {logging_mixin.py:190} INFO - [2026-03-14T16:35:24.891+0000] {dagbag.py:588} INFO - Filling up the DagBag from /opt/airflow/dags/practice.py
[2026-03-14T16:35:24.936+0000] {processor.py:925} INFO - DAG(s) 'transaction_pipeline_practice' retrieved from /opt/airflow/dags/practice.py
[2026-03-14T16:35:25.017+0000] {logging_mixin.py:190} INFO - [2026-03-14T16:35:25.017+0000] {dag.py:3239} INFO - Sync 1 DAGs
[2026-03-14T16:35:25.091+0000] {logging_mixin.py:190} INFO - [2026-03-14T16:35:25.091+0000] {dag.py:4180} INFO - Setting next_dagrun for transaction_pipeline_practice to 2026-03-14 00:00:00+00:00, run_after=2026-03-15 00:00:00+00:00
[2026-03-14T16:35:25.147+0000] {processor.py:208} INFO - Processing /opt/airflow/dags/practice.py took 0.281 seconds
[2026-03-14T16:35:49.495+0000] {processor.py:186} INFO - Started process (PID=1672) to work on /opt/airflow/dags/practice.py
[2026-03-14T16:35:49.498+0000] {processor.py:914} INFO - Processing file /opt/airflow/dags/practice.py for tasks to queue
[2026-03-14T16:35:49.504+0000] {logging_mixin.py:190} INFO - [2026-03-14T16:35:49.503+0000] {dagbag.py:588} INFO - Filling up the DagBag from /opt/airflow/dags/practice.py
[2026-03-14T16:35:49.575+0000] {processor.py:925} INFO - DAG(s) 'transaction_pipeline_practice' retrieved from /opt/airflow/dags/practice.py
[2026-03-14T16:35:49.852+0000] {logging_mixin.py:190} INFO - [2026-03-14T16:35:49.851+0000] {dag.py:3239} INFO - Sync 1 DAGs
[2026-03-14T16:35:49.913+0000] {logging_mixin.py:190} INFO - [2026-03-14T16:35:49.911+0000] {dag.py:4180} INFO - Setting next_dagrun for transaction_pipeline_practice to 2026-03-14 00:00:00+00:00, run_after=2026-03-15 00:00:00+00:00
[2026-03-14T16:35:50.513+0000] {processor.py:208} INFO - Processing /opt/airflow/dags/practice.py took 1.038 seconds
[2026-03-14T16:36:21.453+0000] {processor.py:186} INFO - Started process (PID=1683) to work on /opt/airflow/dags/practice.py
[2026-03-14T16:36:21.454+0000] {processor.py:914} INFO - Processing file /opt/airflow/dags/practice.py for tasks to queue
[2026-03-14T16:36:21.459+0000] {logging_mixin.py:190} INFO - [2026-03-14T16:36:21.458+0000] {dagbag.py:588} INFO - Filling up the DagBag from /opt/airflow/dags/practice.py
[2026-03-14T16:36:21.524+0000] {processor.py:925} INFO - DAG(s) 'transaction_pipeline_practice' retrieved from /opt/airflow/dags/practice.py
[2026-03-14T16:36:21.612+0000] {logging_mixin.py:190} INFO - [2026-03-14T16:36:21.612+0000] {dag.py:3239} INFO - Sync 1 DAGs
[2026-03-14T16:36:21.675+0000] {logging_mixin.py:190} INFO - [2026-03-14T16:36:21.674+0000] {dag.py:4180} INFO - Setting next_dagrun for transaction_pipeline_practice to 2026-03-14 00:00:00+00:00, run_after=2026-03-15 00:00:00+00:00
[2026-03-14T16:36:21.726+0000] {processor.py:208} INFO - Processing /opt/airflow/dags/practice.py took 0.286 seconds
[2026-03-14T16:36:52.218+0000] {processor.py:186} INFO - Started process (PID=1705) to work on /opt/airflow/dags/practice.py
[2026-03-14T16:36:52.220+0000] {processor.py:914} INFO - Processing file /opt/airflow/dags/practice.py for tasks to queue
[2026-03-14T16:36:52.225+0000] {logging_mixin.py:190} INFO - [2026-03-14T16:36:52.225+0000] {dagbag.py:588} INFO - Filling up the DagBag from /opt/airflow/dags/practice.py
[2026-03-14T16:36:52.298+0000] {processor.py:925} INFO - DAG(s) 'transaction_pipeline_practice' retrieved from /opt/airflow/dags/practice.py
[2026-03-14T16:36:52.391+0000] {logging_mixin.py:190} INFO - [2026-03-14T16:36:52.391+0000] {dag.py:3239} INFO - Sync 1 DAGs
[2026-03-14T16:36:52.457+0000] {logging_mixin.py:190} INFO - [2026-03-14T16:36:52.457+0000] {dag.py:4180} INFO - Setting next_dagrun for transaction_pipeline_practice to 2026-03-14 00:00:00+00:00, run_after=2026-03-15 00:00:00+00:00
[2026-03-14T16:36:52.492+0000] {processor.py:208} INFO - Processing /opt/airflow/dags/practice.py took 0.291 seconds
[2026-03-14T16:37:23.062+0000] {processor.py:186} INFO - Started process (PID=1715) to work on /opt/airflow/dags/practice.py
[2026-03-14T16:37:23.064+0000] {processor.py:914} INFO - Processing file /opt/airflow/dags/practice.py for tasks to queue
[2026-03-14T16:37:23.068+0000] {logging_mixin.py:190} INFO - [2026-03-14T16:37:23.068+0000] {dagbag.py:588} INFO - Filling up the DagBag from /opt/airflow/dags/practice.py
[2026-03-14T16:37:23.113+0000] {processor.py:925} INFO - DAG(s) 'transaction_pipeline_practice' retrieved from /opt/airflow/dags/practice.py
[2026-03-14T16:37:23.199+0000] {logging_mixin.py:190} INFO - [2026-03-14T16:37:23.199+0000] {dag.py:3239} INFO - Sync 1 DAGs
[2026-03-14T16:37:23.323+0000] {logging_mixin.py:190} INFO - [2026-03-14T16:37:23.323+0000] {dag.py:4180} INFO - Setting next_dagrun for transaction_pipeline_practice to 2026-03-14 00:00:00+00:00, run_after=2026-03-15 00:00:00+00:00
[2026-03-14T16:37:23.366+0000] {processor.py:208} INFO - Processing /opt/airflow/dags/practice.py took 0.316 seconds
[2026-03-14T16:37:29.434+0000] {processor.py:186} INFO - Started process (PID=1720) to work on /opt/airflow/dags/practice.py
[2026-03-14T16:37:29.438+0000] {processor.py:914} INFO - Processing file /opt/airflow/dags/practice.py for tasks to queue
[2026-03-14T16:37:29.450+0000] {logging_mixin.py:190} INFO - [2026-03-14T16:37:29.445+0000] {dagbag.py:588} INFO - Filling up the DagBag from /opt/airflow/dags/practice.py
[2026-03-14T16:37:29.543+0000] {processor.py:925} INFO - DAG(s) 'transaction_pipeline_practice' retrieved from /opt/airflow/dags/practice.py
[2026-03-14T16:37:29.614+0000] {logging_mixin.py:190} INFO - [2026-03-14T16:37:29.613+0000] {dag.py:3239} INFO - Sync 1 DAGs
[2026-03-14T16:37:29.685+0000] {logging_mixin.py:190} INFO - [2026-03-14T16:37:29.684+0000] {dag.py:4180} INFO - Setting next_dagrun for transaction_pipeline_practice to 2026-03-14 00:00:00+00:00, run_after=2026-03-15 00:00:00+00:00
[2026-03-14T16:37:29.739+0000] {processor.py:208} INFO - Processing /opt/airflow/dags/practice.py took 0.328 seconds
[2026-03-14T16:38:00.156+0000] {processor.py:186} INFO - Started process (PID=1738) to work on /opt/airflow/dags/practice.py
[2026-03-14T16:38:00.158+0000] {processor.py:914} INFO - Processing file /opt/airflow/dags/practice.py for tasks to queue
[2026-03-14T16:38:00.163+0000] {logging_mixin.py:190} INFO - [2026-03-14T16:38:00.162+0000] {dagbag.py:588} INFO - Filling up the DagBag from /opt/airflow/dags/practice.py
[2026-03-14T16:38:00.218+0000] {processor.py:925} INFO - DAG(s) 'transaction_pipeline_practice' retrieved from /opt/airflow/dags/practice.py
[2026-03-14T16:38:00.314+0000] {logging_mixin.py:190} INFO - [2026-03-14T16:38:00.313+0000] {dag.py:3239} INFO - Sync 1 DAGs
[2026-03-14T16:38:00.405+0000] {logging_mixin.py:190} INFO - [2026-03-14T16:38:00.405+0000] {dag.py:4180} INFO - Setting next_dagrun for transaction_pipeline_practice to 2026-03-14 00:00:00+00:00, run_after=2026-03-15 00:00:00+00:00
[2026-03-14T16:38:00.486+0000] {processor.py:208} INFO - Processing /opt/airflow/dags/practice.py took 0.344 seconds
[2026-03-14T16:38:21.719+0000] {processor.py:186} INFO - Started process (PID=1743) to work on /opt/airflow/dags/practice.py
[2026-03-14T16:38:21.721+0000] {processor.py:914} INFO - Processing file /opt/airflow/dags/practice.py for tasks to queue
[2026-03-14T16:38:21.726+0000] {logging_mixin.py:190} INFO - [2026-03-14T16:38:21.725+0000] {dagbag.py:588} INFO - Filling up the DagBag from /opt/airflow/dags/practice.py
[2026-03-14T16:38:21.837+0000] {logging_mixin.py:190} INFO - [2026-03-14T16:38:21.811+0000] {dagbag.py:387} ERROR - Failed to import: /opt/airflow/dags/practice.py
Traceback (most recent call last):
  File "/home/airflow/.local/lib/python3.12/site-packages/airflow/models/dagbag.py", line 383, in parse
    loader.exec_module(new_module)
  File "<frozen importlib._bootstrap_external>", line 999, in exec_module
  File "<frozen importlib._bootstrap>", line 488, in _call_with_frames_removed
  File "/opt/airflow/dags/practice.py", line 95, in <module>
    end >> trigger_subsequent_dag
           ^^^^^^^^^^^^^^^^^^^^^^
NameError: name 'trigger_subsequent_dag' is not defined
[2026-03-14T16:38:21.860+0000] {processor.py:927} WARNING - No viable dags retrieved from /opt/airflow/dags/practice.py
[2026-03-14T16:38:21.924+0000] {processor.py:208} INFO - Processing /opt/airflow/dags/practice.py took 0.218 seconds
[2026-03-14T16:38:47.553+0000] {processor.py:186} INFO - Started process (PID=1754) to work on /opt/airflow/dags/practice.py
[2026-03-14T16:38:47.555+0000] {processor.py:914} INFO - Processing file /opt/airflow/dags/practice.py for tasks to queue
[2026-03-14T16:38:47.560+0000] {logging_mixin.py:190} INFO - [2026-03-14T16:38:47.559+0000] {dagbag.py:588} INFO - Filling up the DagBag from /opt/airflow/dags/practice.py
[2026-03-14T16:38:47.619+0000] {processor.py:925} INFO - DAG(s) 'transaction_pipeline_practice' retrieved from /opt/airflow/dags/practice.py
[2026-03-14T16:38:48.137+0000] {logging_mixin.py:190} INFO - [2026-03-14T16:38:48.137+0000] {dag.py:3239} INFO - Sync 1 DAGs
[2026-03-14T16:38:48.188+0000] {logging_mixin.py:190} INFO - [2026-03-14T16:38:48.187+0000] {dag.py:4180} INFO - Setting next_dagrun for transaction_pipeline_practice to 2026-03-14 00:00:00+00:00, run_after=2026-03-15 00:00:00+00:00
[2026-03-14T16:38:48.241+0000] {processor.py:208} INFO - Processing /opt/airflow/dags/practice.py took 0.698 seconds
[2026-03-14T16:39:18.787+0000] {processor.py:186} INFO - Started process (PID=1768) to work on /opt/airflow/dags/practice.py
[2026-03-14T16:39:18.789+0000] {processor.py:914} INFO - Processing file /opt/airflow/dags/practice.py for tasks to queue
[2026-03-14T16:39:18.793+0000] {logging_mixin.py:190} INFO - [2026-03-14T16:39:18.793+0000] {dagbag.py:588} INFO - Filling up the DagBag from /opt/airflow/dags/practice.py
[2026-03-14T16:39:18.838+0000] {processor.py:925} INFO - DAG(s) 'transaction_pipeline_practice' retrieved from /opt/airflow/dags/practice.py
[2026-03-14T16:39:18.907+0000] {logging_mixin.py:190} INFO - [2026-03-14T16:39:18.907+0000] {dag.py:3239} INFO - Sync 1 DAGs
[2026-03-14T16:39:18.955+0000] {logging_mixin.py:190} INFO - [2026-03-14T16:39:18.955+0000] {dag.py:4180} INFO - Setting next_dagrun for transaction_pipeline_practice to 2026-03-14 00:00:00+00:00, run_after=2026-03-15 00:00:00+00:00
[2026-03-14T16:39:18.993+0000] {processor.py:208} INFO - Processing /opt/airflow/dags/practice.py took 0.217 seconds
[2026-03-14T16:39:49.698+0000] {processor.py:186} INFO - Started process (PID=1779) to work on /opt/airflow/dags/practice.py
[2026-03-14T16:39:49.701+0000] {processor.py:914} INFO - Processing file /opt/airflow/dags/practice.py for tasks to queue
[2026-03-14T16:39:49.705+0000] {logging_mixin.py:190} INFO - [2026-03-14T16:39:49.705+0000] {dagbag.py:588} INFO - Filling up the DagBag from /opt/airflow/dags/practice.py
[2026-03-14T16:39:49.750+0000] {processor.py:925} INFO - DAG(s) 'transaction_pipeline_practice' retrieved from /opt/airflow/dags/practice.py
[2026-03-14T16:39:49.821+0000] {logging_mixin.py:190} INFO - [2026-03-14T16:39:49.821+0000] {dag.py:3239} INFO - Sync 1 DAGs
[2026-03-14T16:39:49.883+0000] {logging_mixin.py:190} INFO - [2026-03-14T16:39:49.883+0000] {dag.py:4180} INFO - Setting next_dagrun for transaction_pipeline_practice to 2026-03-14 00:00:00+00:00, run_after=2026-03-15 00:00:00+00:00
[2026-03-14T16:39:49.920+0000] {processor.py:208} INFO - Processing /opt/airflow/dags/practice.py took 0.237 seconds
[2026-03-14T16:40:13.351+0000] {processor.py:186} INFO - Started process (PID=1790) to work on /opt/airflow/dags/practice.py
[2026-03-14T16:40:13.353+0000] {processor.py:914} INFO - Processing file /opt/airflow/dags/practice.py for tasks to queue
[2026-03-14T16:40:13.357+0000] {logging_mixin.py:190} INFO - [2026-03-14T16:40:13.356+0000] {dagbag.py:588} INFO - Filling up the DagBag from /opt/airflow/dags/practice.py
[2026-03-14T16:40:13.421+0000] {processor.py:925} INFO - DAG(s) 'transaction_pipeline_practice' retrieved from /opt/airflow/dags/practice.py
[2026-03-14T16:40:13.482+0000] {logging_mixin.py:190} INFO - [2026-03-14T16:40:13.481+0000] {dag.py:3239} INFO - Sync 1 DAGs
[2026-03-14T16:40:13.561+0000] {logging_mixin.py:190} INFO - [2026-03-14T16:40:13.561+0000] {dag.py:4180} INFO - Setting next_dagrun for transaction_pipeline_practice to 2026-03-14 00:00:00+00:00, run_after=2026-03-15 00:00:00+00:00
[2026-03-14T16:40:13.613+0000] {processor.py:208} INFO - Processing /opt/airflow/dags/practice.py took 0.272 seconds
[2026-03-14T16:40:44.085+0000] {processor.py:186} INFO - Started process (PID=1804) to work on /opt/airflow/dags/practice.py
[2026-03-14T16:40:44.088+0000] {processor.py:914} INFO - Processing file /opt/airflow/dags/practice.py for tasks to queue
[2026-03-14T16:40:44.093+0000] {logging_mixin.py:190} INFO - [2026-03-14T16:40:44.092+0000] {dagbag.py:588} INFO - Filling up the DagBag from /opt/airflow/dags/practice.py
[2026-03-14T16:40:44.134+0000] {processor.py:925} INFO - DAG(s) 'transaction_pipeline_practice' retrieved from /opt/airflow/dags/practice.py
[2026-03-14T16:40:44.211+0000] {logging_mixin.py:190} INFO - [2026-03-14T16:40:44.211+0000] {dag.py:3239} INFO - Sync 1 DAGs
[2026-03-14T16:40:44.276+0000] {logging_mixin.py:190} INFO - [2026-03-14T16:40:44.276+0000] {dag.py:4180} INFO - Setting next_dagrun for transaction_pipeline_practice to 2026-03-14 00:00:00+00:00, run_after=2026-03-15 00:00:00+00:00
[2026-03-14T16:40:44.323+0000] {processor.py:208} INFO - Processing /opt/airflow/dags/practice.py took 0.250 seconds
[2026-03-14T16:41:14.936+0000] {processor.py:186} INFO - Started process (PID=1818) to work on /opt/airflow/dags/practice.py
[2026-03-14T16:41:14.938+0000] {processor.py:914} INFO - Processing file /opt/airflow/dags/practice.py for tasks to queue
[2026-03-14T16:41:14.943+0000] {logging_mixin.py:190} INFO - [2026-03-14T16:41:14.942+0000] {dagbag.py:588} INFO - Filling up the DagBag from /opt/airflow/dags/practice.py
[2026-03-14T16:41:14.980+0000] {processor.py:925} INFO - DAG(s) 'transaction_pipeline_practice' retrieved from /opt/airflow/dags/practice.py
[2026-03-14T16:41:15.054+0000] {logging_mixin.py:190} INFO - [2026-03-14T16:41:15.053+0000] {dag.py:3239} INFO - Sync 1 DAGs
[2026-03-14T16:41:15.334+0000] {logging_mixin.py:190} INFO - [2026-03-14T16:41:15.333+0000] {dag.py:4180} INFO - Setting next_dagrun for transaction_pipeline_practice to 2026-03-14 00:00:00+00:00, run_after=2026-03-15 00:00:00+00:00
[2026-03-14T16:41:15.374+0000] {processor.py:208} INFO - Processing /opt/airflow/dags/practice.py took 0.449 seconds
[2026-03-14T16:41:45.661+0000] {processor.py:186} INFO - Started process (PID=1832) to work on /opt/airflow/dags/practice.py
[2026-03-14T16:41:45.663+0000] {processor.py:914} INFO - Processing file /opt/airflow/dags/practice.py for tasks to queue
[2026-03-14T16:41:45.668+0000] {logging_mixin.py:190} INFO - [2026-03-14T16:41:45.667+0000] {dagbag.py:588} INFO - Filling up the DagBag from /opt/airflow/dags/practice.py
[2026-03-14T16:41:45.709+0000] {processor.py:925} INFO - DAG(s) 'transaction_pipeline_practice' retrieved from /opt/airflow/dags/practice.py
[2026-03-14T16:41:45.772+0000] {logging_mixin.py:190} INFO - [2026-03-14T16:41:45.772+0000] {dag.py:3239} INFO - Sync 1 DAGs
[2026-03-14T16:41:45.826+0000] {logging_mixin.py:190} INFO - [2026-03-14T16:41:45.826+0000] {dag.py:4180} INFO - Setting next_dagrun for transaction_pipeline_practice to 2026-03-14 00:00:00+00:00, run_after=2026-03-15 00:00:00+00:00
[2026-03-14T16:41:45.866+0000] {processor.py:208} INFO - Processing /opt/airflow/dags/practice.py took 0.217 seconds
[2026-03-14T16:41:54.145+0000] {processor.py:186} INFO - Started process (PID=1843) to work on /opt/airflow/dags/practice.py
[2026-03-14T16:41:54.146+0000] {processor.py:914} INFO - Processing file /opt/airflow/dags/practice.py for tasks to queue
[2026-03-14T16:41:54.151+0000] {logging_mixin.py:190} INFO - [2026-03-14T16:41:54.150+0000] {dagbag.py:588} INFO - Filling up the DagBag from /opt/airflow/dags/practice.py
[2026-03-14T16:41:54.201+0000] {processor.py:925} INFO - DAG(s) 'transaction_pipeline_practice' retrieved from /opt/airflow/dags/practice.py
[2026-03-14T16:41:54.665+0000] {logging_mixin.py:190} INFO - [2026-03-14T16:41:54.665+0000] {dag.py:3239} INFO - Sync 1 DAGs
[2026-03-14T16:41:54.708+0000] {logging_mixin.py:190} INFO - [2026-03-14T16:41:54.707+0000] {dag.py:4180} INFO - Setting next_dagrun for transaction_pipeline_practice to 2026-03-14 00:00:00+00:00, run_after=2026-03-15 00:00:00+00:00
[2026-03-14T16:41:54.754+0000] {processor.py:208} INFO - Processing /opt/airflow/dags/practice.py took 0.620 seconds
[2026-03-14T16:42:24.886+0000] {processor.py:186} INFO - Started process (PID=1857) to work on /opt/airflow/dags/practice.py
[2026-03-14T16:42:24.888+0000] {processor.py:914} INFO - Processing file /opt/airflow/dags/practice.py for tasks to queue
[2026-03-14T16:42:24.894+0000] {logging_mixin.py:190} INFO - [2026-03-14T16:42:24.893+0000] {dagbag.py:588} INFO - Filling up the DagBag from /opt/airflow/dags/practice.py
[2026-03-14T16:42:24.934+0000] {processor.py:925} INFO - DAG(s) 'transaction_pipeline_practice' retrieved from /opt/airflow/dags/practice.py
[2026-03-14T16:42:25.003+0000] {logging_mixin.py:190} INFO - [2026-03-14T16:42:25.003+0000] {dag.py:3239} INFO - Sync 1 DAGs
[2026-03-14T16:42:25.060+0000] {logging_mixin.py:190} INFO - [2026-03-14T16:42:25.060+0000] {dag.py:4180} INFO - Setting next_dagrun for transaction_pipeline_practice to 2026-03-14 00:00:00+00:00, run_after=2026-03-15 00:00:00+00:00
[2026-03-14T16:42:25.128+0000] {processor.py:208} INFO - Processing /opt/airflow/dags/practice.py took 0.255 seconds
[2026-03-14T16:42:56.054+0000] {processor.py:186} INFO - Started process (PID=1868) to work on /opt/airflow/dags/practice.py
[2026-03-14T16:42:56.059+0000] {processor.py:914} INFO - Processing file /opt/airflow/dags/practice.py for tasks to queue
[2026-03-14T16:42:56.064+0000] {logging_mixin.py:190} INFO - [2026-03-14T16:42:56.064+0000] {dagbag.py:588} INFO - Filling up the DagBag from /opt/airflow/dags/practice.py
[2026-03-14T16:42:56.104+0000] {processor.py:925} INFO - DAG(s) 'transaction_pipeline_practice' retrieved from /opt/airflow/dags/practice.py
[2026-03-14T16:42:56.187+0000] {logging_mixin.py:190} INFO - [2026-03-14T16:42:56.186+0000] {dag.py:3239} INFO - Sync 1 DAGs
[2026-03-14T16:42:56.247+0000] {logging_mixin.py:190} INFO - [2026-03-14T16:42:56.246+0000] {dag.py:4180} INFO - Setting next_dagrun for transaction_pipeline_practice to 2026-03-14 00:00:00+00:00, run_after=2026-03-15 00:00:00+00:00
[2026-03-14T16:42:56.542+0000] {processor.py:208} INFO - Processing /opt/airflow/dags/practice.py took 0.501 seconds
[2026-03-14T16:43:03.299+0000] {processor.py:186} INFO - Started process (PID=1873) to work on /opt/airflow/dags/practice.py
[2026-03-14T16:43:03.302+0000] {processor.py:914} INFO - Processing file /opt/airflow/dags/practice.py for tasks to queue
[2026-03-14T16:43:03.306+0000] {logging_mixin.py:190} INFO - [2026-03-14T16:43:03.306+0000] {dagbag.py:588} INFO - Filling up the DagBag from /opt/airflow/dags/practice.py
[2026-03-14T16:43:03.370+0000] {processor.py:925} INFO - DAG(s) 'transaction_pipeline_practice' retrieved from /opt/airflow/dags/practice.py
[2026-03-14T16:43:03.964+0000] {logging_mixin.py:190} INFO - [2026-03-14T16:43:03.963+0000] {dag.py:3239} INFO - Sync 1 DAGs
[2026-03-14T16:43:04.045+0000] {logging_mixin.py:190} INFO - [2026-03-14T16:43:04.045+0000] {dag.py:4180} INFO - Setting next_dagrun for transaction_pipeline_practice to 2026-03-14 00:00:00+00:00, run_after=2026-03-15 00:00:00+00:00
[2026-03-14T16:43:04.170+0000] {processor.py:208} INFO - Processing /opt/airflow/dags/practice.py took 0.887 seconds
[2026-03-14T16:43:35.018+0000] {processor.py:186} INFO - Started process (PID=1890) to work on /opt/airflow/dags/practice.py
[2026-03-14T16:43:35.020+0000] {processor.py:914} INFO - Processing file /opt/airflow/dags/practice.py for tasks to queue
[2026-03-14T16:43:35.024+0000] {logging_mixin.py:190} INFO - [2026-03-14T16:43:35.024+0000] {dagbag.py:588} INFO - Filling up the DagBag from /opt/airflow/dags/practice.py
[2026-03-14T16:43:35.064+0000] {processor.py:925} INFO - DAG(s) 'transaction_pipeline_practice' retrieved from /opt/airflow/dags/practice.py
[2026-03-14T16:43:35.124+0000] {logging_mixin.py:190} INFO - [2026-03-14T16:43:35.124+0000] {dag.py:3239} INFO - Sync 1 DAGs
[2026-03-14T16:43:35.183+0000] {logging_mixin.py:190} INFO - [2026-03-14T16:43:35.182+0000] {dag.py:4180} INFO - Setting next_dagrun for transaction_pipeline_practice to 2026-03-14 00:00:00+00:00, run_after=2026-03-15 00:00:00+00:00
[2026-03-14T16:43:35.226+0000] {processor.py:208} INFO - Processing /opt/airflow/dags/practice.py took 0.221 seconds
[2026-03-14T16:44:05.826+0000] {processor.py:186} INFO - Started process (PID=1901) to work on /opt/airflow/dags/practice.py
[2026-03-14T16:44:05.828+0000] {processor.py:914} INFO - Processing file /opt/airflow/dags/practice.py for tasks to queue
[2026-03-14T16:44:05.832+0000] {logging_mixin.py:190} INFO - [2026-03-14T16:44:05.831+0000] {dagbag.py:588} INFO - Filling up the DagBag from /opt/airflow/dags/practice.py
[2026-03-14T16:44:05.868+0000] {processor.py:925} INFO - DAG(s) 'transaction_pipeline_practice' retrieved from /opt/airflow/dags/practice.py
[2026-03-14T16:44:05.928+0000] {logging_mixin.py:190} INFO - [2026-03-14T16:44:05.928+0000] {dag.py:3239} INFO - Sync 1 DAGs
[2026-03-14T16:44:05.975+0000] {logging_mixin.py:190} INFO - [2026-03-14T16:44:05.975+0000] {dag.py:4180} INFO - Setting next_dagrun for transaction_pipeline_practice to 2026-03-14 00:00:00+00:00, run_after=2026-03-15 00:00:00+00:00
[2026-03-14T16:44:06.012+0000] {processor.py:208} INFO - Processing /opt/airflow/dags/practice.py took 0.196 seconds
[2026-03-14T16:44:36.521+0000] {processor.py:186} INFO - Started process (PID=1912) to work on /opt/airflow/dags/practice.py
[2026-03-14T16:44:36.524+0000] {processor.py:914} INFO - Processing file /opt/airflow/dags/practice.py for tasks to queue
[2026-03-14T16:44:36.528+0000] {logging_mixin.py:190} INFO - [2026-03-14T16:44:36.527+0000] {dagbag.py:588} INFO - Filling up the DagBag from /opt/airflow/dags/practice.py
[2026-03-14T16:44:36.573+0000] {processor.py:925} INFO - DAG(s) 'transaction_pipeline_practice' retrieved from /opt/airflow/dags/practice.py
[2026-03-14T16:44:36.633+0000] {logging_mixin.py:190} INFO - [2026-03-14T16:44:36.633+0000] {dag.py:3239} INFO - Sync 1 DAGs
[2026-03-14T16:44:36.684+0000] {logging_mixin.py:190} INFO - [2026-03-14T16:44:36.684+0000] {dag.py:4180} INFO - Setting next_dagrun for transaction_pipeline_practice to 2026-03-14 00:00:00+00:00, run_after=2026-03-15 00:00:00+00:00
[2026-03-14T16:44:36.722+0000] {processor.py:208} INFO - Processing /opt/airflow/dags/practice.py took 0.211 seconds
[2026-03-14T16:45:03.390+0000] {processor.py:186} INFO - Started process (PID=1923) to work on /opt/airflow/dags/practice.py
[2026-03-14T16:45:03.392+0000] {processor.py:914} INFO - Processing file /opt/airflow/dags/practice.py for tasks to queue
[2026-03-14T16:45:03.396+0000] {logging_mixin.py:190} INFO - [2026-03-14T16:45:03.396+0000] {dagbag.py:588} INFO - Filling up the DagBag from /opt/airflow/dags/practice.py
[2026-03-14T16:45:03.458+0000] {processor.py:925} INFO - DAG(s) 'transaction_pipeline_practice' retrieved from /opt/airflow/dags/practice.py
[2026-03-14T16:45:03.704+0000] {logging_mixin.py:190} INFO - [2026-03-14T16:45:03.703+0000] {dag.py:3239} INFO - Sync 1 DAGs
[2026-03-14T16:45:03.977+0000] {logging_mixin.py:190} INFO - [2026-03-14T16:45:03.977+0000] {dag.py:4180} INFO - Setting next_dagrun for transaction_pipeline_practice to 2026-03-14 00:00:00+00:00, run_after=2026-03-15 00:00:00+00:00
[2026-03-14T16:45:04.097+0000] {processor.py:208} INFO - Processing /opt/airflow/dags/practice.py took 0.718 seconds
[2026-03-14T16:45:35.075+0000] {processor.py:186} INFO - Started process (PID=1937) to work on /opt/airflow/dags/practice.py
[2026-03-14T16:45:35.077+0000] {processor.py:914} INFO - Processing file /opt/airflow/dags/practice.py for tasks to queue
[2026-03-14T16:45:35.081+0000] {logging_mixin.py:190} INFO - [2026-03-14T16:45:35.080+0000] {dagbag.py:588} INFO - Filling up the DagBag from /opt/airflow/dags/practice.py
[2026-03-14T16:45:35.131+0000] {processor.py:925} INFO - DAG(s) 'transaction_pipeline_practice' retrieved from /opt/airflow/dags/practice.py
[2026-03-14T16:45:35.195+0000] {logging_mixin.py:190} INFO - [2026-03-14T16:45:35.194+0000] {dag.py:3239} INFO - Sync 1 DAGs
[2026-03-14T16:45:35.247+0000] {logging_mixin.py:190} INFO - [2026-03-14T16:45:35.247+0000] {dag.py:4180} INFO - Setting next_dagrun for transaction_pipeline_practice to 2026-03-14 00:00:00+00:00, run_after=2026-03-15 00:00:00+00:00
[2026-03-14T16:45:35.290+0000] {processor.py:208} INFO - Processing /opt/airflow/dags/practice.py took 0.225 seconds
[2026-03-14T16:46:05.860+0000] {processor.py:186} INFO - Started process (PID=1948) to work on /opt/airflow/dags/practice.py
[2026-03-14T16:46:05.862+0000] {processor.py:914} INFO - Processing file /opt/airflow/dags/practice.py for tasks to queue
[2026-03-14T16:46:05.866+0000] {logging_mixin.py:190} INFO - [2026-03-14T16:46:05.866+0000] {dagbag.py:588} INFO - Filling up the DagBag from /opt/airflow/dags/practice.py
[2026-03-14T16:46:05.900+0000] {processor.py:925} INFO - DAG(s) 'transaction_pipeline_practice' retrieved from /opt/airflow/dags/practice.py
[2026-03-14T16:46:05.958+0000] {logging_mixin.py:190} INFO - [2026-03-14T16:46:05.957+0000] {dag.py:3239} INFO - Sync 1 DAGs
[2026-03-14T16:46:06.026+0000] {logging_mixin.py:190} INFO - [2026-03-14T16:46:06.026+0000] {dag.py:4180} INFO - Setting next_dagrun for transaction_pipeline_practice to 2026-03-14 00:00:00+00:00, run_after=2026-03-15 00:00:00+00:00
[2026-03-14T16:46:06.065+0000] {processor.py:208} INFO - Processing /opt/airflow/dags/practice.py took 0.214 seconds
[2026-03-14T16:46:36.583+0000] {processor.py:186} INFO - Started process (PID=1959) to work on /opt/airflow/dags/practice.py
[2026-03-14T16:46:36.585+0000] {processor.py:914} INFO - Processing file /opt/airflow/dags/practice.py for tasks to queue
[2026-03-14T16:46:36.591+0000] {logging_mixin.py:190} INFO - [2026-03-14T16:46:36.590+0000] {dagbag.py:588} INFO - Filling up the DagBag from /opt/airflow/dags/practice.py
[2026-03-14T16:46:36.677+0000] {processor.py:925} INFO - DAG(s) 'transaction_pipeline_practice' retrieved from /opt/airflow/dags/practice.py
[2026-03-14T16:46:36.735+0000] {logging_mixin.py:190} INFO - [2026-03-14T16:46:36.735+0000] {dag.py:3239} INFO - Sync 1 DAGs
[2026-03-14T16:46:36.785+0000] {logging_mixin.py:190} INFO - [2026-03-14T16:46:36.785+0000] {dag.py:4180} INFO - Setting next_dagrun for transaction_pipeline_practice to 2026-03-14 00:00:00+00:00, run_after=2026-03-15 00:00:00+00:00
[2026-03-14T16:46:37.107+0000] {processor.py:208} INFO - Processing /opt/airflow/dags/practice.py took 0.535 seconds
[2026-03-14T16:47:07.327+0000] {processor.py:186} INFO - Started process (PID=1970) to work on /opt/airflow/dags/practice.py
[2026-03-14T16:47:07.329+0000] {processor.py:914} INFO - Processing file /opt/airflow/dags/practice.py for tasks to queue
[2026-03-14T16:47:07.334+0000] {logging_mixin.py:190} INFO - [2026-03-14T16:47:07.333+0000] {dagbag.py:588} INFO - Filling up the DagBag from /opt/airflow/dags/practice.py
[2026-03-14T16:47:07.378+0000] {processor.py:925} INFO - DAG(s) 'transaction_pipeline_practice' retrieved from /opt/airflow/dags/practice.py
[2026-03-14T16:47:07.444+0000] {logging_mixin.py:190} INFO - [2026-03-14T16:47:07.443+0000] {dag.py:3239} INFO - Sync 1 DAGs
[2026-03-14T16:47:07.500+0000] {logging_mixin.py:190} INFO - [2026-03-14T16:47:07.500+0000] {dag.py:4180} INFO - Setting next_dagrun for transaction_pipeline_practice to 2026-03-14 00:00:00+00:00, run_after=2026-03-15 00:00:00+00:00
[2026-03-14T16:47:07.547+0000] {processor.py:208} INFO - Processing /opt/airflow/dags/practice.py took 0.230 seconds
[2026-03-14T16:47:38.288+0000] {processor.py:186} INFO - Started process (PID=1981) to work on /opt/airflow/dags/practice.py
[2026-03-14T16:47:38.293+0000] {processor.py:914} INFO - Processing file /opt/airflow/dags/practice.py for tasks to queue
[2026-03-14T16:47:38.312+0000] {logging_mixin.py:190} INFO - [2026-03-14T16:47:38.311+0000] {dagbag.py:588} INFO - Filling up the DagBag from /opt/airflow/dags/practice.py
[2026-03-14T16:47:38.555+0000] {processor.py:925} INFO - DAG(s) 'transaction_pipeline_practice' retrieved from /opt/airflow/dags/practice.py
[2026-03-14T16:47:38.649+0000] {logging_mixin.py:190} INFO - [2026-03-14T16:47:38.647+0000] {dag.py:3239} INFO - Sync 1 DAGs
[2026-03-14T16:47:38.719+0000] {logging_mixin.py:190} INFO - [2026-03-14T16:47:38.719+0000] {dag.py:4180} INFO - Setting next_dagrun for transaction_pipeline_practice to 2026-03-14 00:00:00+00:00, run_after=2026-03-15 00:00:00+00:00
[2026-03-14T16:47:38.763+0000] {processor.py:208} INFO - Processing /opt/airflow/dags/practice.py took 0.492 seconds
[2026-03-14T16:48:09.823+0000] {processor.py:186} INFO - Started process (PID=1992) to work on /opt/airflow/dags/practice.py
[2026-03-14T16:48:09.826+0000] {processor.py:914} INFO - Processing file /opt/airflow/dags/practice.py for tasks to queue
[2026-03-14T16:48:09.834+0000] {logging_mixin.py:190} INFO - [2026-03-14T16:48:09.831+0000] {dagbag.py:588} INFO - Filling up the DagBag from /opt/airflow/dags/practice.py
[2026-03-14T16:48:09.913+0000] {processor.py:925} INFO - DAG(s) 'transaction_pipeline_practice' retrieved from /opt/airflow/dags/practice.py
[2026-03-14T16:48:10.026+0000] {logging_mixin.py:190} INFO - [2026-03-14T16:48:10.025+0000] {dag.py:3239} INFO - Sync 1 DAGs
[2026-03-14T16:48:10.153+0000] {logging_mixin.py:190} INFO - [2026-03-14T16:48:10.152+0000] {dag.py:4180} INFO - Setting next_dagrun for transaction_pipeline_practice to 2026-03-14 00:00:00+00:00, run_after=2026-03-15 00:00:00+00:00
[2026-03-14T16:48:10.303+0000] {processor.py:208} INFO - Processing /opt/airflow/dags/practice.py took 0.499 seconds
[2026-03-14T16:48:40.705+0000] {processor.py:186} INFO - Started process (PID=2003) to work on /opt/airflow/dags/practice.py
[2026-03-14T16:48:40.707+0000] {processor.py:914} INFO - Processing file /opt/airflow/dags/practice.py for tasks to queue
[2026-03-14T16:48:40.711+0000] {logging_mixin.py:190} INFO - [2026-03-14T16:48:40.711+0000] {dagbag.py:588} INFO - Filling up the DagBag from /opt/airflow/dags/practice.py
[2026-03-14T16:48:40.746+0000] {processor.py:925} INFO - DAG(s) 'transaction_pipeline_practice' retrieved from /opt/airflow/dags/practice.py
[2026-03-14T16:48:40.805+0000] {logging_mixin.py:190} INFO - [2026-03-14T16:48:40.805+0000] {dag.py:3239} INFO - Sync 1 DAGs
[2026-03-14T16:48:41.080+0000] {logging_mixin.py:190} INFO - [2026-03-14T16:48:41.079+0000] {dag.py:4180} INFO - Setting next_dagrun for transaction_pipeline_practice to 2026-03-14 00:00:00+00:00, run_after=2026-03-15 00:00:00+00:00
[2026-03-14T16:48:41.115+0000] {processor.py:208} INFO - Processing /opt/airflow/dags/practice.py took 0.420 seconds
[2026-03-14T16:49:11.351+0000] {processor.py:186} INFO - Started process (PID=2014) to work on /opt/airflow/dags/practice.py
[2026-03-14T16:49:11.353+0000] {processor.py:914} INFO - Processing file /opt/airflow/dags/practice.py for tasks to queue
[2026-03-14T16:49:11.357+0000] {logging_mixin.py:190} INFO - [2026-03-14T16:49:11.356+0000] {dagbag.py:588} INFO - Filling up the DagBag from /opt/airflow/dags/practice.py
[2026-03-14T16:49:11.401+0000] {processor.py:925} INFO - DAG(s) 'transaction_pipeline_practice' retrieved from /opt/airflow/dags/practice.py
[2026-03-14T16:49:11.467+0000] {logging_mixin.py:190} INFO - [2026-03-14T16:49:11.467+0000] {dag.py:3239} INFO - Sync 1 DAGs
[2026-03-14T16:49:11.522+0000] {logging_mixin.py:190} INFO - [2026-03-14T16:49:11.522+0000] {dag.py:4180} INFO - Setting next_dagrun for transaction_pipeline_practice to 2026-03-14 00:00:00+00:00, run_after=2026-03-15 00:00:00+00:00
[2026-03-14T16:49:11.562+0000] {processor.py:208} INFO - Processing /opt/airflow/dags/practice.py took 0.222 seconds
[2026-03-14T16:49:42.226+0000] {processor.py:186} INFO - Started process (PID=2025) to work on /opt/airflow/dags/practice.py
[2026-03-14T16:49:42.229+0000] {processor.py:914} INFO - Processing file /opt/airflow/dags/practice.py for tasks to queue
[2026-03-14T16:49:42.235+0000] {logging_mixin.py:190} INFO - [2026-03-14T16:49:42.235+0000] {dagbag.py:588} INFO - Filling up the DagBag from /opt/airflow/dags/practice.py
[2026-03-14T16:49:42.287+0000] {processor.py:925} INFO - DAG(s) 'transaction_pipeline_practice' retrieved from /opt/airflow/dags/practice.py
[2026-03-14T16:49:42.395+0000] {logging_mixin.py:190} INFO - [2026-03-14T16:49:42.395+0000] {dag.py:3239} INFO - Sync 1 DAGs
[2026-03-14T16:49:42.553+0000] {logging_mixin.py:190} INFO - [2026-03-14T16:49:42.545+0000] {dag.py:4180} INFO - Setting next_dagrun for transaction_pipeline_practice to 2026-03-14 00:00:00+00:00, run_after=2026-03-15 00:00:00+00:00
[2026-03-14T16:49:42.684+0000] {processor.py:208} INFO - Processing /opt/airflow/dags/practice.py took 0.484 seconds
[2026-03-14T16:50:12.949+0000] {processor.py:186} INFO - Started process (PID=2036) to work on /opt/airflow/dags/practice.py
[2026-03-14T16:50:12.951+0000] {processor.py:914} INFO - Processing file /opt/airflow/dags/practice.py for tasks to queue
[2026-03-14T16:50:12.956+0000] {logging_mixin.py:190} INFO - [2026-03-14T16:50:12.955+0000] {dagbag.py:588} INFO - Filling up the DagBag from /opt/airflow/dags/practice.py
[2026-03-14T16:50:13.004+0000] {processor.py:925} INFO - DAG(s) 'transaction_pipeline_practice' retrieved from /opt/airflow/dags/practice.py
[2026-03-14T16:50:13.072+0000] {logging_mixin.py:190} INFO - [2026-03-14T16:50:13.071+0000] {dag.py:3239} INFO - Sync 1 DAGs
[2026-03-14T16:50:13.122+0000] {logging_mixin.py:190} INFO - [2026-03-14T16:50:13.122+0000] {dag.py:4180} INFO - Setting next_dagrun for transaction_pipeline_practice to 2026-03-14 00:00:00+00:00, run_after=2026-03-15 00:00:00+00:00
[2026-03-14T16:50:13.417+0000] {processor.py:208} INFO - Processing /opt/airflow/dags/practice.py took 0.482 seconds
[2026-03-14T16:50:43.781+0000] {processor.py:186} INFO - Started process (PID=2047) to work on /opt/airflow/dags/practice.py
[2026-03-14T16:50:43.783+0000] {processor.py:914} INFO - Processing file /opt/airflow/dags/practice.py for tasks to queue
[2026-03-14T16:50:43.787+0000] {logging_mixin.py:190} INFO - [2026-03-14T16:50:43.787+0000] {dagbag.py:588} INFO - Filling up the DagBag from /opt/airflow/dags/practice.py
[2026-03-14T16:50:43.827+0000] {processor.py:925} INFO - DAG(s) 'transaction_pipeline_practice' retrieved from /opt/airflow/dags/practice.py
[2026-03-14T16:50:43.890+0000] {logging_mixin.py:190} INFO - [2026-03-14T16:50:43.889+0000] {dag.py:3239} INFO - Sync 1 DAGs
[2026-03-14T16:50:44.170+0000] {logging_mixin.py:190} INFO - [2026-03-14T16:50:44.170+0000] {dag.py:4180} INFO - Setting next_dagrun for transaction_pipeline_practice to 2026-03-14 00:00:00+00:00, run_after=2026-03-15 00:00:00+00:00
[2026-03-14T16:50:44.214+0000] {processor.py:208} INFO - Processing /opt/airflow/dags/practice.py took 0.445 seconds
[2026-03-14T16:51:14.779+0000] {processor.py:186} INFO - Started process (PID=2058) to work on /opt/airflow/dags/practice.py
[2026-03-14T16:51:14.781+0000] {processor.py:914} INFO - Processing file /opt/airflow/dags/practice.py for tasks to queue
[2026-03-14T16:51:14.786+0000] {logging_mixin.py:190} INFO - [2026-03-14T16:51:14.785+0000] {dagbag.py:588} INFO - Filling up the DagBag from /opt/airflow/dags/practice.py
[2026-03-14T16:51:14.832+0000] {processor.py:925} INFO - DAG(s) 'transaction_pipeline_practice' retrieved from /opt/airflow/dags/practice.py
[2026-03-14T16:51:14.915+0000] {logging_mixin.py:190} INFO - [2026-03-14T16:51:14.915+0000] {dag.py:3239} INFO - Sync 1 DAGs
[2026-03-14T16:51:14.974+0000] {logging_mixin.py:190} INFO - [2026-03-14T16:51:14.973+0000] {dag.py:4180} INFO - Setting next_dagrun for transaction_pipeline_practice to 2026-03-14 00:00:00+00:00, run_after=2026-03-15 00:00:00+00:00
[2026-03-14T16:51:15.010+0000] {processor.py:208} INFO - Processing /opt/airflow/dags/practice.py took 0.241 seconds
[2026-03-14T16:51:45.454+0000] {processor.py:186} INFO - Started process (PID=2069) to work on /opt/airflow/dags/practice.py
[2026-03-14T16:51:45.457+0000] {processor.py:914} INFO - Processing file /opt/airflow/dags/practice.py for tasks to queue
[2026-03-14T16:51:45.462+0000] {logging_mixin.py:190} INFO - [2026-03-14T16:51:45.462+0000] {dagbag.py:588} INFO - Filling up the DagBag from /opt/airflow/dags/practice.py
[2026-03-14T16:51:45.507+0000] {processor.py:925} INFO - DAG(s) 'transaction_pipeline_practice' retrieved from /opt/airflow/dags/practice.py
[2026-03-14T16:51:45.567+0000] {logging_mixin.py:190} INFO - [2026-03-14T16:51:45.567+0000] {dag.py:3239} INFO - Sync 1 DAGs
[2026-03-14T16:51:45.616+0000] {logging_mixin.py:190} INFO - [2026-03-14T16:51:45.616+0000] {dag.py:4180} INFO - Setting next_dagrun for transaction_pipeline_practice to 2026-03-14 00:00:00+00:00, run_after=2026-03-15 00:00:00+00:00
[2026-03-14T16:51:45.654+0000] {processor.py:208} INFO - Processing /opt/airflow/dags/practice.py took 0.210 seconds
[2026-03-14T16:53:30.933+0000] {processor.py:186} INFO - Started process (PID=200) to work on /opt/airflow/dags/practice.py
[2026-03-14T16:53:30.935+0000] {processor.py:914} INFO - Processing file /opt/airflow/dags/practice.py for tasks to queue
[2026-03-14T16:53:30.942+0000] {logging_mixin.py:190} INFO - [2026-03-14T16:53:30.941+0000] {dagbag.py:588} INFO - Filling up the DagBag from /opt/airflow/dags/practice.py
[2026-03-14T16:53:30.992+0000] {processor.py:925} INFO - DAG(s) 'transaction_pipeline_practice' retrieved from /opt/airflow/dags/practice.py
[2026-03-14T16:53:31.080+0000] {logging_mixin.py:190} INFO - [2026-03-14T16:53:31.080+0000] {dag.py:3239} INFO - Sync 1 DAGs
[2026-03-14T16:53:31.150+0000] {logging_mixin.py:190} INFO - [2026-03-14T16:53:31.150+0000] {dag.py:4180} INFO - Setting next_dagrun for transaction_pipeline_practice to 2026-03-14 00:00:00+00:00, run_after=2026-03-15 00:00:00+00:00
[2026-03-14T16:53:31.199+0000] {processor.py:208} INFO - Processing /opt/airflow/dags/practice.py took 0.282 seconds
[2026-03-14T16:54:03.149+0000] {processor.py:186} INFO - Started process (PID=210) to work on /opt/airflow/dags/practice.py
[2026-03-14T16:54:03.152+0000] {processor.py:914} INFO - Processing file /opt/airflow/dags/practice.py for tasks to queue
[2026-03-14T16:54:03.173+0000] {logging_mixin.py:190} INFO - [2026-03-14T16:54:03.171+0000] {dagbag.py:588} INFO - Filling up the DagBag from /opt/airflow/dags/practice.py
[2026-03-14T16:54:03.310+0000] {processor.py:925} INFO - DAG(s) 'transaction_pipeline_practice' retrieved from /opt/airflow/dags/practice.py
[2026-03-14T16:54:03.723+0000] {logging_mixin.py:190} INFO - [2026-03-14T16:54:03.722+0000] {dag.py:3239} INFO - Sync 1 DAGs
[2026-03-14T16:54:04.303+0000] {logging_mixin.py:190} INFO - [2026-03-14T16:54:04.302+0000] {dag.py:4180} INFO - Setting next_dagrun for transaction_pipeline_practice to 2026-03-14 00:00:00+00:00, run_after=2026-03-15 00:00:00+00:00
[2026-03-14T16:54:04.613+0000] {processor.py:208} INFO - Processing /opt/airflow/dags/practice.py took 1.587 seconds
[2026-03-14T16:54:34.940+0000] {processor.py:186} INFO - Started process (PID=221) to work on /opt/airflow/dags/practice.py
[2026-03-14T16:54:34.943+0000] {processor.py:914} INFO - Processing file /opt/airflow/dags/practice.py for tasks to queue
[2026-03-14T16:54:34.948+0000] {logging_mixin.py:190} INFO - [2026-03-14T16:54:34.947+0000] {dagbag.py:588} INFO - Filling up the DagBag from /opt/airflow/dags/practice.py
[2026-03-14T16:54:35.020+0000] {processor.py:925} INFO - DAG(s) 'transaction_pipeline_practice' retrieved from /opt/airflow/dags/practice.py
[2026-03-14T16:54:35.155+0000] {logging_mixin.py:190} INFO - [2026-03-14T16:54:35.154+0000] {dag.py:3239} INFO - Sync 1 DAGs
[2026-03-14T16:54:35.297+0000] {logging_mixin.py:190} INFO - [2026-03-14T16:54:35.291+0000] {dag.py:4180} INFO - Setting next_dagrun for transaction_pipeline_practice to 2026-03-14 00:00:00+00:00, run_after=2026-03-15 00:00:00+00:00
[2026-03-14T16:54:35.411+0000] {processor.py:208} INFO - Processing /opt/airflow/dags/practice.py took 0.490 seconds
[2026-03-14T16:55:02.664+0000] {processor.py:186} INFO - Started process (PID=236) to work on /opt/airflow/dags/practice.py
[2026-03-14T16:55:02.666+0000] {processor.py:914} INFO - Processing file /opt/airflow/dags/practice.py for tasks to queue
[2026-03-14T16:55:02.673+0000] {logging_mixin.py:190} INFO - [2026-03-14T16:55:02.672+0000] {dagbag.py:588} INFO - Filling up the DagBag from /opt/airflow/dags/practice.py
[2026-03-14T16:55:02.739+0000] {processor.py:925} INFO - DAG(s) 'transaction_pipeline_practice' retrieved from /opt/airflow/dags/practice.py
[2026-03-14T16:55:02.830+0000] {logging_mixin.py:190} INFO - [2026-03-14T16:55:02.830+0000] {dag.py:3239} INFO - Sync 1 DAGs
[2026-03-14T16:55:02.884+0000] {logging_mixin.py:190} INFO - [2026-03-14T16:55:02.884+0000] {dag.py:4180} INFO - Setting next_dagrun for transaction_pipeline_practice to 2026-03-14 00:00:00+00:00, run_after=2026-03-15 00:00:00+00:00
[2026-03-14T16:55:02.929+0000] {processor.py:208} INFO - Processing /opt/airflow/dags/practice.py took 0.279 seconds
[2026-03-14T16:55:33.632+0000] {processor.py:186} INFO - Started process (PID=250) to work on /opt/airflow/dags/practice.py
[2026-03-14T16:55:33.634+0000] {processor.py:914} INFO - Processing file /opt/airflow/dags/practice.py for tasks to queue
[2026-03-14T16:55:33.640+0000] {logging_mixin.py:190} INFO - [2026-03-14T16:55:33.639+0000] {dagbag.py:588} INFO - Filling up the DagBag from /opt/airflow/dags/practice.py
[2026-03-14T16:55:33.690+0000] {processor.py:925} INFO - DAG(s) 'transaction_pipeline_practice' retrieved from /opt/airflow/dags/practice.py
[2026-03-14T16:55:33.759+0000] {logging_mixin.py:190} INFO - [2026-03-14T16:55:33.758+0000] {dag.py:3239} INFO - Sync 1 DAGs
[2026-03-14T16:55:33.813+0000] {logging_mixin.py:190} INFO - [2026-03-14T16:55:33.812+0000] {dag.py:4180} INFO - Setting next_dagrun for transaction_pipeline_practice to 2026-03-14 00:00:00+00:00, run_after=2026-03-15 00:00:00+00:00
[2026-03-14T16:55:33.854+0000] {processor.py:208} INFO - Processing /opt/airflow/dags/practice.py took 0.236 seconds
[2026-03-14T16:56:04.378+0000] {processor.py:186} INFO - Started process (PID=261) to work on /opt/airflow/dags/practice.py
[2026-03-14T16:56:04.386+0000] {processor.py:914} INFO - Processing file /opt/airflow/dags/practice.py for tasks to queue
[2026-03-14T16:56:04.394+0000] {logging_mixin.py:190} INFO - [2026-03-14T16:56:04.392+0000] {dagbag.py:588} INFO - Filling up the DagBag from /opt/airflow/dags/practice.py
[2026-03-14T16:56:04.486+0000] {processor.py:925} INFO - DAG(s) 'transaction_pipeline_practice' retrieved from /opt/airflow/dags/practice.py
[2026-03-14T16:56:04.615+0000] {logging_mixin.py:190} INFO - [2026-03-14T16:56:04.614+0000] {dag.py:3239} INFO - Sync 1 DAGs
[2026-03-14T16:56:04.723+0000] {logging_mixin.py:190} INFO - [2026-03-14T16:56:04.723+0000] {dag.py:4180} INFO - Setting next_dagrun for transaction_pipeline_practice to 2026-03-14 00:00:00+00:00, run_after=2026-03-15 00:00:00+00:00
[2026-03-14T16:56:04.765+0000] {processor.py:208} INFO - Processing /opt/airflow/dags/practice.py took 0.411 seconds
[2026-03-14T16:56:35.235+0000] {processor.py:186} INFO - Started process (PID=275) to work on /opt/airflow/dags/practice.py
[2026-03-14T16:56:35.237+0000] {processor.py:914} INFO - Processing file /opt/airflow/dags/practice.py for tasks to queue
[2026-03-14T16:56:35.241+0000] {logging_mixin.py:190} INFO - [2026-03-14T16:56:35.240+0000] {dagbag.py:588} INFO - Filling up the DagBag from /opt/airflow/dags/practice.py
[2026-03-14T16:56:35.300+0000] {processor.py:925} INFO - DAG(s) 'transaction_pipeline_practice' retrieved from /opt/airflow/dags/practice.py
[2026-03-14T16:56:35.374+0000] {logging_mixin.py:190} INFO - [2026-03-14T16:56:35.373+0000] {dag.py:3239} INFO - Sync 1 DAGs
[2026-03-14T16:56:35.429+0000] {logging_mixin.py:190} INFO - [2026-03-14T16:56:35.428+0000] {dag.py:4180} INFO - Setting next_dagrun for transaction_pipeline_practice to 2026-03-14 00:00:00+00:00, run_after=2026-03-15 00:00:00+00:00
[2026-03-14T16:56:35.478+0000] {processor.py:208} INFO - Processing /opt/airflow/dags/practice.py took 0.262 seconds
[2026-03-14T16:57:06.496+0000] {processor.py:186} INFO - Started process (PID=286) to work on /opt/airflow/dags/practice.py
[2026-03-14T16:57:06.498+0000] {processor.py:914} INFO - Processing file /opt/airflow/dags/practice.py for tasks to queue
[2026-03-14T16:57:06.502+0000] {logging_mixin.py:190} INFO - [2026-03-14T16:57:06.501+0000] {dagbag.py:588} INFO - Filling up the DagBag from /opt/airflow/dags/practice.py
[2026-03-14T16:57:06.547+0000] {processor.py:925} INFO - DAG(s) 'transaction_pipeline_practice' retrieved from /opt/airflow/dags/practice.py
[2026-03-14T16:57:06.607+0000] {logging_mixin.py:190} INFO - [2026-03-14T16:57:06.606+0000] {dag.py:3239} INFO - Sync 1 DAGs
[2026-03-14T16:57:06.653+0000] {logging_mixin.py:190} INFO - [2026-03-14T16:57:06.653+0000] {dag.py:4180} INFO - Setting next_dagrun for transaction_pipeline_practice to 2026-03-14 00:00:00+00:00, run_after=2026-03-15 00:00:00+00:00
[2026-03-14T16:57:06.690+0000] {processor.py:208} INFO - Processing /opt/airflow/dags/practice.py took 0.204 seconds
[2026-03-14T16:57:37.190+0000] {processor.py:186} INFO - Started process (PID=298) to work on /opt/airflow/dags/practice.py
[2026-03-14T16:57:37.192+0000] {processor.py:914} INFO - Processing file /opt/airflow/dags/practice.py for tasks to queue
[2026-03-14T16:57:37.196+0000] {logging_mixin.py:190} INFO - [2026-03-14T16:57:37.196+0000] {dagbag.py:588} INFO - Filling up the DagBag from /opt/airflow/dags/practice.py
[2026-03-14T16:57:37.231+0000] {processor.py:925} INFO - DAG(s) 'transaction_pipeline_practice' retrieved from /opt/airflow/dags/practice.py
[2026-03-14T16:57:37.290+0000] {logging_mixin.py:190} INFO - [2026-03-14T16:57:37.290+0000] {dag.py:3239} INFO - Sync 1 DAGs
[2026-03-14T16:57:37.338+0000] {logging_mixin.py:190} INFO - [2026-03-14T16:57:37.338+0000] {dag.py:4180} INFO - Setting next_dagrun for transaction_pipeline_practice to 2026-03-14 00:00:00+00:00, run_after=2026-03-15 00:00:00+00:00
[2026-03-14T16:57:37.374+0000] {processor.py:208} INFO - Processing /opt/airflow/dags/practice.py took 0.193 seconds
[2026-03-14T16:58:07.976+0000] {processor.py:186} INFO - Started process (PID=310) to work on /opt/airflow/dags/practice.py
[2026-03-14T16:58:07.979+0000] {processor.py:914} INFO - Processing file /opt/airflow/dags/practice.py for tasks to queue
[2026-03-14T16:58:07.987+0000] {logging_mixin.py:190} INFO - [2026-03-14T16:58:07.985+0000] {dagbag.py:588} INFO - Filling up the DagBag from /opt/airflow/dags/practice.py
[2026-03-14T16:58:08.036+0000] {processor.py:925} INFO - DAG(s) 'transaction_pipeline_practice' retrieved from /opt/airflow/dags/practice.py
[2026-03-14T16:58:08.127+0000] {logging_mixin.py:190} INFO - [2026-03-14T16:58:08.127+0000] {dag.py:3239} INFO - Sync 1 DAGs
[2026-03-14T16:58:08.204+0000] {logging_mixin.py:190} INFO - [2026-03-14T16:58:08.203+0000] {dag.py:4180} INFO - Setting next_dagrun for transaction_pipeline_practice to 2026-03-14 00:00:00+00:00, run_after=2026-03-15 00:00:00+00:00
[2026-03-14T16:58:08.277+0000] {processor.py:208} INFO - Processing /opt/airflow/dags/practice.py took 0.319 seconds
[2026-03-14T16:58:38.858+0000] {processor.py:186} INFO - Started process (PID=324) to work on /opt/airflow/dags/practice.py
[2026-03-14T16:58:38.859+0000] {processor.py:914} INFO - Processing file /opt/airflow/dags/practice.py for tasks to queue
[2026-03-14T16:58:38.863+0000] {logging_mixin.py:190} INFO - [2026-03-14T16:58:38.863+0000] {dagbag.py:588} INFO - Filling up the DagBag from /opt/airflow/dags/practice.py
[2026-03-14T16:58:38.898+0000] {processor.py:925} INFO - DAG(s) 'transaction_pipeline_practice' retrieved from /opt/airflow/dags/practice.py
[2026-03-14T16:58:38.964+0000] {logging_mixin.py:190} INFO - [2026-03-14T16:58:38.963+0000] {dag.py:3239} INFO - Sync 1 DAGs
[2026-03-14T16:58:39.016+0000] {logging_mixin.py:190} INFO - [2026-03-14T16:58:39.015+0000] {dag.py:4180} INFO - Setting next_dagrun for transaction_pipeline_practice to 2026-03-14 00:00:00+00:00, run_after=2026-03-15 00:00:00+00:00
[2026-03-14T16:58:39.052+0000] {processor.py:208} INFO - Processing /opt/airflow/dags/practice.py took 0.203 seconds
[2026-03-14T16:59:09.440+0000] {processor.py:186} INFO - Started process (PID=335) to work on /opt/airflow/dags/practice.py
[2026-03-14T16:59:09.442+0000] {processor.py:914} INFO - Processing file /opt/airflow/dags/practice.py for tasks to queue
[2026-03-14T16:59:09.446+0000] {logging_mixin.py:190} INFO - [2026-03-14T16:59:09.445+0000] {dagbag.py:588} INFO - Filling up the DagBag from /opt/airflow/dags/practice.py
[2026-03-14T16:59:09.478+0000] {processor.py:925} INFO - DAG(s) 'transaction_pipeline_practice' retrieved from /opt/airflow/dags/practice.py
[2026-03-14T16:59:09.534+0000] {logging_mixin.py:190} INFO - [2026-03-14T16:59:09.534+0000] {dag.py:3239} INFO - Sync 1 DAGs
[2026-03-14T16:59:09.581+0000] {logging_mixin.py:190} INFO - [2026-03-14T16:59:09.580+0000] {dag.py:4180} INFO - Setting next_dagrun for transaction_pipeline_practice to 2026-03-14 00:00:00+00:00, run_after=2026-03-15 00:00:00+00:00
[2026-03-14T16:59:09.617+0000] {processor.py:208} INFO - Processing /opt/airflow/dags/practice.py took 0.186 seconds
[2026-03-14T16:59:40.058+0000] {processor.py:186} INFO - Started process (PID=346) to work on /opt/airflow/dags/practice.py
[2026-03-14T16:59:40.060+0000] {processor.py:914} INFO - Processing file /opt/airflow/dags/practice.py for tasks to queue
[2026-03-14T16:59:40.064+0000] {logging_mixin.py:190} INFO - [2026-03-14T16:59:40.064+0000] {dagbag.py:588} INFO - Filling up the DagBag from /opt/airflow/dags/practice.py
[2026-03-14T16:59:40.103+0000] {processor.py:925} INFO - DAG(s) 'transaction_pipeline_practice' retrieved from /opt/airflow/dags/practice.py
[2026-03-14T16:59:40.162+0000] {logging_mixin.py:190} INFO - [2026-03-14T16:59:40.161+0000] {dag.py:3239} INFO - Sync 1 DAGs
[2026-03-14T16:59:40.210+0000] {logging_mixin.py:190} INFO - [2026-03-14T16:59:40.210+0000] {dag.py:4180} INFO - Setting next_dagrun for transaction_pipeline_practice to 2026-03-14 00:00:00+00:00, run_after=2026-03-15 00:00:00+00:00
[2026-03-14T16:59:40.248+0000] {processor.py:208} INFO - Processing /opt/airflow/dags/practice.py took 0.199 seconds
[2026-03-14T17:00:10.658+0000] {processor.py:186} INFO - Started process (PID=357) to work on /opt/airflow/dags/practice.py
[2026-03-14T17:00:10.660+0000] {processor.py:914} INFO - Processing file /opt/airflow/dags/practice.py for tasks to queue
[2026-03-14T17:00:10.665+0000] {logging_mixin.py:190} INFO - [2026-03-14T17:00:10.664+0000] {dagbag.py:588} INFO - Filling up the DagBag from /opt/airflow/dags/practice.py
[2026-03-14T17:00:10.702+0000] {processor.py:925} INFO - DAG(s) 'transaction_pipeline_practice' retrieved from /opt/airflow/dags/practice.py
[2026-03-14T17:00:10.764+0000] {logging_mixin.py:190} INFO - [2026-03-14T17:00:10.763+0000] {dag.py:3239} INFO - Sync 1 DAGs
[2026-03-14T17:00:10.816+0000] {logging_mixin.py:190} INFO - [2026-03-14T17:00:10.816+0000] {dag.py:4180} INFO - Setting next_dagrun for transaction_pipeline_practice to 2026-03-14 00:00:00+00:00, run_after=2026-03-15 00:00:00+00:00
[2026-03-14T17:00:10.861+0000] {processor.py:208} INFO - Processing /opt/airflow/dags/practice.py took 0.214 seconds
[2026-03-14T17:00:41.348+0000] {processor.py:186} INFO - Started process (PID=368) to work on /opt/airflow/dags/practice.py
[2026-03-14T17:00:41.352+0000] {processor.py:914} INFO - Processing file /opt/airflow/dags/practice.py for tasks to queue
[2026-03-14T17:00:41.358+0000] {logging_mixin.py:190} INFO - [2026-03-14T17:00:41.357+0000] {dagbag.py:588} INFO - Filling up the DagBag from /opt/airflow/dags/practice.py
[2026-03-14T17:00:41.403+0000] {processor.py:925} INFO - DAG(s) 'transaction_pipeline_practice' retrieved from /opt/airflow/dags/practice.py
[2026-03-14T17:00:41.589+0000] {logging_mixin.py:190} INFO - [2026-03-14T17:00:41.588+0000] {dag.py:3239} INFO - Sync 1 DAGs
[2026-03-14T17:00:41.662+0000] {logging_mixin.py:190} INFO - [2026-03-14T17:00:41.662+0000] {dag.py:4180} INFO - Setting next_dagrun for transaction_pipeline_practice to 2026-03-14 00:00:00+00:00, run_after=2026-03-15 00:00:00+00:00
[2026-03-14T17:00:41.719+0000] {processor.py:208} INFO - Processing /opt/airflow/dags/practice.py took 0.382 seconds
[2026-03-14T17:01:12.269+0000] {processor.py:186} INFO - Started process (PID=379) to work on /opt/airflow/dags/practice.py
[2026-03-14T17:01:12.271+0000] {processor.py:914} INFO - Processing file /opt/airflow/dags/practice.py for tasks to queue
[2026-03-14T17:01:12.275+0000] {logging_mixin.py:190} INFO - [2026-03-14T17:01:12.274+0000] {dagbag.py:588} INFO - Filling up the DagBag from /opt/airflow/dags/practice.py
[2026-03-14T17:01:12.318+0000] {processor.py:925} INFO - DAG(s) 'transaction_pipeline_practice' retrieved from /opt/airflow/dags/practice.py
[2026-03-14T17:01:12.378+0000] {logging_mixin.py:190} INFO - [2026-03-14T17:01:12.378+0000] {dag.py:3239} INFO - Sync 1 DAGs
[2026-03-14T17:01:12.434+0000] {logging_mixin.py:190} INFO - [2026-03-14T17:01:12.433+0000] {dag.py:4180} INFO - Setting next_dagrun for transaction_pipeline_practice to 2026-03-14 00:00:00+00:00, run_after=2026-03-15 00:00:00+00:00
[2026-03-14T17:01:12.473+0000] {processor.py:208} INFO - Processing /opt/airflow/dags/practice.py took 0.217 seconds
[2026-03-14T17:01:42.981+0000] {processor.py:186} INFO - Started process (PID=390) to work on /opt/airflow/dags/practice.py
[2026-03-14T17:01:42.983+0000] {processor.py:914} INFO - Processing file /opt/airflow/dags/practice.py for tasks to queue
[2026-03-14T17:01:42.987+0000] {logging_mixin.py:190} INFO - [2026-03-14T17:01:42.987+0000] {dagbag.py:588} INFO - Filling up the DagBag from /opt/airflow/dags/practice.py
[2026-03-14T17:01:43.024+0000] {processor.py:925} INFO - DAG(s) 'transaction_pipeline_practice' retrieved from /opt/airflow/dags/practice.py
[2026-03-14T17:01:43.085+0000] {logging_mixin.py:190} INFO - [2026-03-14T17:01:43.084+0000] {dag.py:3239} INFO - Sync 1 DAGs
[2026-03-14T17:01:43.135+0000] {logging_mixin.py:190} INFO - [2026-03-14T17:01:43.135+0000] {dag.py:4180} INFO - Setting next_dagrun for transaction_pipeline_practice to 2026-03-14 00:00:00+00:00, run_after=2026-03-15 00:00:00+00:00
[2026-03-14T17:01:43.172+0000] {processor.py:208} INFO - Processing /opt/airflow/dags/practice.py took 0.200 seconds
[2026-03-14T17:02:13.652+0000] {processor.py:186} INFO - Started process (PID=401) to work on /opt/airflow/dags/practice.py
[2026-03-14T17:02:13.654+0000] {processor.py:914} INFO - Processing file /opt/airflow/dags/practice.py for tasks to queue
[2026-03-14T17:02:13.658+0000] {logging_mixin.py:190} INFO - [2026-03-14T17:02:13.658+0000] {dagbag.py:588} INFO - Filling up the DagBag from /opt/airflow/dags/practice.py
[2026-03-14T17:02:13.695+0000] {processor.py:925} INFO - DAG(s) 'transaction_pipeline_practice' retrieved from /opt/airflow/dags/practice.py
[2026-03-14T17:02:13.755+0000] {logging_mixin.py:190} INFO - [2026-03-14T17:02:13.755+0000] {dag.py:3239} INFO - Sync 1 DAGs
[2026-03-14T17:02:13.802+0000] {logging_mixin.py:190} INFO - [2026-03-14T17:02:13.801+0000] {dag.py:4180} INFO - Setting next_dagrun for transaction_pipeline_practice to 2026-03-14 00:00:00+00:00, run_after=2026-03-15 00:00:00+00:00
[2026-03-14T17:02:13.838+0000] {processor.py:208} INFO - Processing /opt/airflow/dags/practice.py took 0.195 seconds
[2026-03-14T17:02:40.355+0000] {processor.py:186} INFO - Started process (PID=413) to work on /opt/airflow/dags/practice.py
[2026-03-14T17:02:40.357+0000] {processor.py:914} INFO - Processing file /opt/airflow/dags/practice.py for tasks to queue
[2026-03-14T17:02:40.361+0000] {logging_mixin.py:190} INFO - [2026-03-14T17:02:40.360+0000] {dagbag.py:588} INFO - Filling up the DagBag from /opt/airflow/dags/practice.py
[2026-03-14T17:02:40.430+0000] {processor.py:925} INFO - DAG(s) 'transaction_pipeline_practice' retrieved from /opt/airflow/dags/practice.py
[2026-03-14T17:02:40.510+0000] {logging_mixin.py:190} INFO - [2026-03-14T17:02:40.509+0000] {dag.py:3239} INFO - Sync 1 DAGs
[2026-03-14T17:02:40.574+0000] {logging_mixin.py:190} INFO - [2026-03-14T17:02:40.574+0000] {dag.py:4180} INFO - Setting next_dagrun for transaction_pipeline_practice to 2026-03-14 00:00:00+00:00, run_after=2026-03-15 00:00:00+00:00
[2026-03-14T17:02:40.630+0000] {processor.py:208} INFO - Processing /opt/airflow/dags/practice.py took 0.286 seconds
[2026-03-14T17:03:10.961+0000] {processor.py:186} INFO - Started process (PID=424) to work on /opt/airflow/dags/practice.py
[2026-03-14T17:03:10.963+0000] {processor.py:914} INFO - Processing file /opt/airflow/dags/practice.py for tasks to queue
[2026-03-14T17:03:10.967+0000] {logging_mixin.py:190} INFO - [2026-03-14T17:03:10.966+0000] {dagbag.py:588} INFO - Filling up the DagBag from /opt/airflow/dags/practice.py
[2026-03-14T17:03:11.003+0000] {processor.py:925} INFO - DAG(s) 'transaction_pipeline_practice' retrieved from /opt/airflow/dags/practice.py
[2026-03-14T17:03:11.080+0000] {logging_mixin.py:190} INFO - [2026-03-14T17:03:11.079+0000] {dag.py:3239} INFO - Sync 1 DAGs
[2026-03-14T17:03:11.127+0000] {logging_mixin.py:190} INFO - [2026-03-14T17:03:11.127+0000] {dag.py:4180} INFO - Setting next_dagrun for transaction_pipeline_practice to 2026-03-14 00:00:00+00:00, run_after=2026-03-15 00:00:00+00:00
[2026-03-14T17:03:11.167+0000] {processor.py:208} INFO - Processing /opt/airflow/dags/practice.py took 0.215 seconds
[2026-03-14T17:03:41.647+0000] {processor.py:186} INFO - Started process (PID=435) to work on /opt/airflow/dags/practice.py
[2026-03-14T17:03:41.649+0000] {processor.py:914} INFO - Processing file /opt/airflow/dags/practice.py for tasks to queue
[2026-03-14T17:03:41.655+0000] {logging_mixin.py:190} INFO - [2026-03-14T17:03:41.654+0000] {dagbag.py:588} INFO - Filling up the DagBag from /opt/airflow/dags/practice.py
[2026-03-14T17:03:41.702+0000] {processor.py:925} INFO - DAG(s) 'transaction_pipeline_practice' retrieved from /opt/airflow/dags/practice.py
[2026-03-14T17:03:41.766+0000] {logging_mixin.py:190} INFO - [2026-03-14T17:03:41.766+0000] {dag.py:3239} INFO - Sync 1 DAGs
[2026-03-14T17:03:41.833+0000] {logging_mixin.py:190} INFO - [2026-03-14T17:03:41.833+0000] {dag.py:4180} INFO - Setting next_dagrun for transaction_pipeline_practice to 2026-03-14 00:00:00+00:00, run_after=2026-03-15 00:00:00+00:00
[2026-03-14T17:03:41.877+0000] {processor.py:208} INFO - Processing /opt/airflow/dags/practice.py took 0.241 seconds
[2026-03-14T17:04:12.859+0000] {processor.py:186} INFO - Started process (PID=446) to work on /opt/airflow/dags/practice.py
[2026-03-14T17:04:12.861+0000] {processor.py:914} INFO - Processing file /opt/airflow/dags/practice.py for tasks to queue
[2026-03-14T17:04:12.866+0000] {logging_mixin.py:190} INFO - [2026-03-14T17:04:12.865+0000] {dagbag.py:588} INFO - Filling up the DagBag from /opt/airflow/dags/practice.py
[2026-03-14T17:04:12.904+0000] {processor.py:925} INFO - DAG(s) 'transaction_pipeline_practice' retrieved from /opt/airflow/dags/practice.py
[2026-03-14T17:04:12.972+0000] {logging_mixin.py:190} INFO - [2026-03-14T17:04:12.971+0000] {dag.py:3239} INFO - Sync 1 DAGs
[2026-03-14T17:04:13.034+0000] {logging_mixin.py:190} INFO - [2026-03-14T17:04:13.034+0000] {dag.py:4180} INFO - Setting next_dagrun for transaction_pipeline_practice to 2026-03-14 00:00:00+00:00, run_after=2026-03-15 00:00:00+00:00
[2026-03-14T17:04:13.074+0000] {processor.py:208} INFO - Processing /opt/airflow/dags/practice.py took 0.228 seconds
[2026-03-14T17:04:43.755+0000] {processor.py:186} INFO - Started process (PID=457) to work on /opt/airflow/dags/practice.py
[2026-03-14T17:04:43.757+0000] {processor.py:914} INFO - Processing file /opt/airflow/dags/practice.py for tasks to queue
[2026-03-14T17:04:43.762+0000] {logging_mixin.py:190} INFO - [2026-03-14T17:04:43.760+0000] {dagbag.py:588} INFO - Filling up the DagBag from /opt/airflow/dags/practice.py
[2026-03-14T17:04:43.798+0000] {processor.py:925} INFO - DAG(s) 'transaction_pipeline_practice' retrieved from /opt/airflow/dags/practice.py
[2026-03-14T17:04:43.883+0000] {logging_mixin.py:190} INFO - [2026-03-14T17:04:43.882+0000] {dag.py:3239} INFO - Sync 1 DAGs
[2026-03-14T17:04:43.957+0000] {logging_mixin.py:190} INFO - [2026-03-14T17:04:43.957+0000] {dag.py:4180} INFO - Setting next_dagrun for transaction_pipeline_practice to 2026-03-14 00:00:00+00:00, run_after=2026-03-15 00:00:00+00:00
[2026-03-14T17:04:44.007+0000] {processor.py:208} INFO - Processing /opt/airflow/dags/practice.py took 0.266 seconds
[2026-03-14T17:05:08.348+0000] {processor.py:186} INFO - Started process (PID=468) to work on /opt/airflow/dags/practice.py
[2026-03-14T17:05:08.350+0000] {processor.py:914} INFO - Processing file /opt/airflow/dags/practice.py for tasks to queue
[2026-03-14T17:05:08.359+0000] {logging_mixin.py:190} INFO - [2026-03-14T17:05:08.358+0000] {dagbag.py:588} INFO - Filling up the DagBag from /opt/airflow/dags/practice.py
[2026-03-14T17:05:08.567+0000] {processor.py:925} INFO - DAG(s) 'transaction_pipeline_practice' retrieved from /opt/airflow/dags/practice.py
[2026-03-14T17:05:08.630+0000] {logging_mixin.py:190} INFO - [2026-03-14T17:05:08.629+0000] {dag.py:3239} INFO - Sync 1 DAGs
[2026-03-14T17:05:08.691+0000] {logging_mixin.py:190} INFO - [2026-03-14T17:05:08.691+0000] {dag.py:4180} INFO - Setting next_dagrun for transaction_pipeline_practice to 2026-03-14 00:00:00+00:00, run_after=2026-03-15 00:00:00+00:00
[2026-03-14T17:05:08.734+0000] {processor.py:208} INFO - Processing /opt/airflow/dags/practice.py took 0.402 seconds
[2026-03-14T17:05:36.059+0000] {processor.py:186} INFO - Started process (PID=479) to work on /opt/airflow/dags/practice.py
[2026-03-14T17:05:36.061+0000] {processor.py:914} INFO - Processing file /opt/airflow/dags/practice.py for tasks to queue
[2026-03-14T17:05:36.067+0000] {logging_mixin.py:190} INFO - [2026-03-14T17:05:36.066+0000] {dagbag.py:588} INFO - Filling up the DagBag from /opt/airflow/dags/practice.py
[2026-03-14T17:05:36.141+0000] {processor.py:925} INFO - DAG(s) 'transaction_pipeline_practice' retrieved from /opt/airflow/dags/practice.py
[2026-03-14T17:05:36.251+0000] {logging_mixin.py:190} INFO - [2026-03-14T17:05:36.250+0000] {dag.py:3239} INFO - Sync 1 DAGs
[2026-03-14T17:05:36.314+0000] {logging_mixin.py:190} INFO - [2026-03-14T17:05:36.313+0000] {dag.py:4180} INFO - Setting next_dagrun for transaction_pipeline_practice to 2026-03-14 00:00:00+00:00, run_after=2026-03-15 00:00:00+00:00
[2026-03-14T17:05:36.364+0000] {processor.py:208} INFO - Processing /opt/airflow/dags/practice.py took 0.313 seconds
[2026-03-14T17:06:06.760+0000] {processor.py:186} INFO - Started process (PID=490) to work on /opt/airflow/dags/practice.py
[2026-03-14T17:06:06.762+0000] {processor.py:914} INFO - Processing file /opt/airflow/dags/practice.py for tasks to queue
[2026-03-14T17:06:06.767+0000] {logging_mixin.py:190} INFO - [2026-03-14T17:06:06.766+0000] {dagbag.py:588} INFO - Filling up the DagBag from /opt/airflow/dags/practice.py
[2026-03-14T17:06:06.821+0000] {processor.py:925} INFO - DAG(s) 'transaction_pipeline_practice' retrieved from /opt/airflow/dags/practice.py
[2026-03-14T17:06:06.906+0000] {logging_mixin.py:190} INFO - [2026-03-14T17:06:06.906+0000] {dag.py:3239} INFO - Sync 1 DAGs
[2026-03-14T17:06:06.977+0000] {logging_mixin.py:190} INFO - [2026-03-14T17:06:06.977+0000] {dag.py:4180} INFO - Setting next_dagrun for transaction_pipeline_practice to 2026-03-14 00:00:00+00:00, run_after=2026-03-15 00:00:00+00:00
[2026-03-14T17:06:07.027+0000] {processor.py:208} INFO - Processing /opt/airflow/dags/practice.py took 0.277 seconds
[2026-03-14T17:06:17.645+0000] {processor.py:186} INFO - Started process (PID=495) to work on /opt/airflow/dags/practice.py
[2026-03-14T17:06:17.649+0000] {processor.py:914} INFO - Processing file /opt/airflow/dags/practice.py for tasks to queue
[2026-03-14T17:06:17.652+0000] {logging_mixin.py:190} INFO - [2026-03-14T17:06:17.652+0000] {dagbag.py:588} INFO - Filling up the DagBag from /opt/airflow/dags/practice.py
[2026-03-14T17:06:17.717+0000] {processor.py:925} INFO - DAG(s) 'transaction_pipeline_practice' retrieved from /opt/airflow/dags/practice.py
[2026-03-14T17:06:19.081+0000] {logging_mixin.py:190} INFO - [2026-03-14T17:06:19.080+0000] {dag.py:3239} INFO - Sync 1 DAGs
[2026-03-14T17:06:19.139+0000] {logging_mixin.py:190} INFO - [2026-03-14T17:06:19.138+0000] {dag.py:4180} INFO - Setting next_dagrun for transaction_pipeline_practice to 2026-03-14 00:00:00+00:00, run_after=2026-03-15 00:00:00+00:00
[2026-03-14T17:06:19.193+0000] {processor.py:208} INFO - Processing /opt/airflow/dags/practice.py took 1.560 seconds
[2026-03-14T17:06:49.969+0000] {processor.py:186} INFO - Started process (PID=513) to work on /opt/airflow/dags/practice.py
[2026-03-14T17:06:49.972+0000] {processor.py:914} INFO - Processing file /opt/airflow/dags/practice.py for tasks to queue
[2026-03-14T17:06:49.976+0000] {logging_mixin.py:190} INFO - [2026-03-14T17:06:49.975+0000] {dagbag.py:588} INFO - Filling up the DagBag from /opt/airflow/dags/practice.py
[2026-03-14T17:06:50.017+0000] {processor.py:925} INFO - DAG(s) 'transaction_pipeline_practice' retrieved from /opt/airflow/dags/practice.py
[2026-03-14T17:06:50.079+0000] {logging_mixin.py:190} INFO - [2026-03-14T17:06:50.079+0000] {dag.py:3239} INFO - Sync 1 DAGs
[2026-03-14T17:06:50.132+0000] {logging_mixin.py:190} INFO - [2026-03-14T17:06:50.131+0000] {dag.py:4180} INFO - Setting next_dagrun for transaction_pipeline_practice to 2026-03-14 00:00:00+00:00, run_after=2026-03-15 00:00:00+00:00
[2026-03-14T17:06:50.172+0000] {processor.py:208} INFO - Processing /opt/airflow/dags/practice.py took 0.214 seconds
[2026-03-14T17:07:20.653+0000] {processor.py:186} INFO - Started process (PID=527) to work on /opt/airflow/dags/practice.py
[2026-03-14T17:07:20.655+0000] {processor.py:914} INFO - Processing file /opt/airflow/dags/practice.py for tasks to queue
[2026-03-14T17:07:20.659+0000] {logging_mixin.py:190} INFO - [2026-03-14T17:07:20.658+0000] {dagbag.py:588} INFO - Filling up the DagBag from /opt/airflow/dags/practice.py
[2026-03-14T17:07:20.700+0000] {processor.py:925} INFO - DAG(s) 'transaction_pipeline_practice' retrieved from /opt/airflow/dags/practice.py
[2026-03-14T17:07:20.758+0000] {logging_mixin.py:190} INFO - [2026-03-14T17:07:20.758+0000] {dag.py:3239} INFO - Sync 1 DAGs
[2026-03-14T17:07:20.807+0000] {logging_mixin.py:190} INFO - [2026-03-14T17:07:20.806+0000] {dag.py:4180} INFO - Setting next_dagrun for transaction_pipeline_practice to 2026-03-14 00:00:00+00:00, run_after=2026-03-15 00:00:00+00:00
[2026-03-14T17:07:20.847+0000] {processor.py:208} INFO - Processing /opt/airflow/dags/practice.py took 0.204 seconds
[2026-03-14T17:07:51.377+0000] {processor.py:186} INFO - Started process (PID=538) to work on /opt/airflow/dags/practice.py
[2026-03-14T17:07:51.378+0000] {processor.py:914} INFO - Processing file /opt/airflow/dags/practice.py for tasks to queue
[2026-03-14T17:07:51.382+0000] {logging_mixin.py:190} INFO - [2026-03-14T17:07:51.382+0000] {dagbag.py:588} INFO - Filling up the DagBag from /opt/airflow/dags/practice.py
[2026-03-14T17:07:51.420+0000] {processor.py:925} INFO - DAG(s) 'transaction_pipeline_practice' retrieved from /opt/airflow/dags/practice.py
[2026-03-14T17:07:51.490+0000] {logging_mixin.py:190} INFO - [2026-03-14T17:07:51.490+0000] {dag.py:3239} INFO - Sync 1 DAGs
[2026-03-14T17:07:51.540+0000] {logging_mixin.py:190} INFO - [2026-03-14T17:07:51.539+0000] {dag.py:4180} INFO - Setting next_dagrun for transaction_pipeline_practice to 2026-03-14 00:00:00+00:00, run_after=2026-03-15 00:00:00+00:00
[2026-03-14T17:07:51.580+0000] {processor.py:208} INFO - Processing /opt/airflow/dags/practice.py took 0.214 seconds
[2026-03-14T17:08:23.022+0000] {processor.py:186} INFO - Started process (PID=549) to work on /opt/airflow/dags/practice.py
[2026-03-14T17:08:23.025+0000] {processor.py:914} INFO - Processing file /opt/airflow/dags/practice.py for tasks to queue
[2026-03-14T17:08:23.040+0000] {logging_mixin.py:190} INFO - [2026-03-14T17:08:23.037+0000] {dagbag.py:588} INFO - Filling up the DagBag from /opt/airflow/dags/practice.py
[2026-03-14T17:08:23.161+0000] {processor.py:925} INFO - DAG(s) 'transaction_pipeline_practice' retrieved from /opt/airflow/dags/practice.py
[2026-03-14T17:08:23.367+0000] {logging_mixin.py:190} INFO - [2026-03-14T17:08:23.366+0000] {dag.py:3239} INFO - Sync 1 DAGs
[2026-03-14T17:08:23.536+0000] {logging_mixin.py:190} INFO - [2026-03-14T17:08:23.535+0000] {dag.py:4180} INFO - Setting next_dagrun for transaction_pipeline_practice to 2026-03-14 00:00:00+00:00, run_after=2026-03-15 00:00:00+00:00
[2026-03-14T17:08:23.723+0000] {processor.py:208} INFO - Processing /opt/airflow/dags/practice.py took 0.724 seconds
[2026-03-14T17:08:54.303+0000] {processor.py:186} INFO - Started process (PID=563) to work on /opt/airflow/dags/practice.py
[2026-03-14T17:08:54.306+0000] {processor.py:914} INFO - Processing file /opt/airflow/dags/practice.py for tasks to queue
[2026-03-14T17:08:54.313+0000] {logging_mixin.py:190} INFO - [2026-03-14T17:08:54.312+0000] {dagbag.py:588} INFO - Filling up the DagBag from /opt/airflow/dags/practice.py
[2026-03-14T17:08:54.370+0000] {processor.py:925} INFO - DAG(s) 'transaction_pipeline_practice' retrieved from /opt/airflow/dags/practice.py
[2026-03-14T17:08:54.454+0000] {logging_mixin.py:190} INFO - [2026-03-14T17:08:54.453+0000] {dag.py:3239} INFO - Sync 1 DAGs
[2026-03-14T17:08:54.563+0000] {logging_mixin.py:190} INFO - [2026-03-14T17:08:54.563+0000] {dag.py:4180} INFO - Setting next_dagrun for transaction_pipeline_practice to 2026-03-14 00:00:00+00:00, run_after=2026-03-15 00:00:00+00:00
[2026-03-14T17:08:54.619+0000] {processor.py:208} INFO - Processing /opt/airflow/dags/practice.py took 0.333 seconds
[2026-03-14T17:09:25.004+0000] {processor.py:186} INFO - Started process (PID=574) to work on /opt/airflow/dags/practice.py
[2026-03-14T17:09:25.006+0000] {processor.py:914} INFO - Processing file /opt/airflow/dags/practice.py for tasks to queue
[2026-03-14T17:09:25.010+0000] {logging_mixin.py:190} INFO - [2026-03-14T17:09:25.009+0000] {dagbag.py:588} INFO - Filling up the DagBag from /opt/airflow/dags/practice.py
[2026-03-14T17:09:25.046+0000] {processor.py:925} INFO - DAG(s) 'transaction_pipeline_practice' retrieved from /opt/airflow/dags/practice.py
[2026-03-14T17:09:25.104+0000] {logging_mixin.py:190} INFO - [2026-03-14T17:09:25.104+0000] {dag.py:3239} INFO - Sync 1 DAGs
[2026-03-14T17:09:25.151+0000] {logging_mixin.py:190} INFO - [2026-03-14T17:09:25.150+0000] {dag.py:4180} INFO - Setting next_dagrun for transaction_pipeline_practice to 2026-03-14 00:00:00+00:00, run_after=2026-03-15 00:00:00+00:00
[2026-03-14T17:09:25.188+0000] {processor.py:208} INFO - Processing /opt/airflow/dags/practice.py took 0.193 seconds
[2026-03-14T17:09:55.641+0000] {processor.py:186} INFO - Started process (PID=585) to work on /opt/airflow/dags/practice.py
[2026-03-14T17:09:55.643+0000] {processor.py:914} INFO - Processing file /opt/airflow/dags/practice.py for tasks to queue
[2026-03-14T17:09:55.647+0000] {logging_mixin.py:190} INFO - [2026-03-14T17:09:55.646+0000] {dagbag.py:588} INFO - Filling up the DagBag from /opt/airflow/dags/practice.py
[2026-03-14T17:09:55.685+0000] {processor.py:925} INFO - DAG(s) 'transaction_pipeline_practice' retrieved from /opt/airflow/dags/practice.py
[2026-03-14T17:09:55.745+0000] {logging_mixin.py:190} INFO - [2026-03-14T17:09:55.744+0000] {dag.py:3239} INFO - Sync 1 DAGs
[2026-03-14T17:09:55.793+0000] {logging_mixin.py:190} INFO - [2026-03-14T17:09:55.793+0000] {dag.py:4180} INFO - Setting next_dagrun for transaction_pipeline_practice to 2026-03-14 00:00:00+00:00, run_after=2026-03-15 00:00:00+00:00
[2026-03-14T17:09:55.830+0000] {processor.py:208} INFO - Processing /opt/airflow/dags/practice.py took 0.199 seconds
[2026-03-14T17:10:26.378+0000] {processor.py:186} INFO - Started process (PID=597) to work on /opt/airflow/dags/practice.py
[2026-03-14T17:10:26.380+0000] {processor.py:914} INFO - Processing file /opt/airflow/dags/practice.py for tasks to queue
[2026-03-14T17:10:26.384+0000] {logging_mixin.py:190} INFO - [2026-03-14T17:10:26.383+0000] {dagbag.py:588} INFO - Filling up the DagBag from /opt/airflow/dags/practice.py
[2026-03-14T17:10:26.429+0000] {processor.py:925} INFO - DAG(s) 'transaction_pipeline_practice' retrieved from /opt/airflow/dags/practice.py
[2026-03-14T17:10:26.504+0000] {logging_mixin.py:190} INFO - [2026-03-14T17:10:26.503+0000] {dag.py:3239} INFO - Sync 1 DAGs
[2026-03-14T17:10:26.576+0000] {logging_mixin.py:190} INFO - [2026-03-14T17:10:26.575+0000] {dag.py:4180} INFO - Setting next_dagrun for transaction_pipeline_practice to 2026-03-14 00:00:00+00:00, run_after=2026-03-15 00:00:00+00:00
[2026-03-14T17:10:26.628+0000] {processor.py:208} INFO - Processing /opt/airflow/dags/practice.py took 0.260 seconds
[2026-03-14T17:10:58.112+0000] {processor.py:186} INFO - Started process (PID=608) to work on /opt/airflow/dags/practice.py
[2026-03-14T17:10:58.115+0000] {processor.py:914} INFO - Processing file /opt/airflow/dags/practice.py for tasks to queue
[2026-03-14T17:10:58.131+0000] {logging_mixin.py:190} INFO - [2026-03-14T17:10:58.130+0000] {dagbag.py:588} INFO - Filling up the DagBag from /opt/airflow/dags/practice.py
[2026-03-14T17:10:58.234+0000] {processor.py:925} INFO - DAG(s) 'transaction_pipeline_practice' retrieved from /opt/airflow/dags/practice.py
[2026-03-14T17:10:58.414+0000] {logging_mixin.py:190} INFO - [2026-03-14T17:10:58.404+0000] {dag.py:3239} INFO - Sync 1 DAGs
[2026-03-14T17:10:58.608+0000] {logging_mixin.py:190} INFO - [2026-03-14T17:10:58.607+0000] {dag.py:4180} INFO - Setting next_dagrun for transaction_pipeline_practice to 2026-03-14 00:00:00+00:00, run_after=2026-03-15 00:00:00+00:00
[2026-03-14T17:10:58.716+0000] {processor.py:208} INFO - Processing /opt/airflow/dags/practice.py took 0.630 seconds
[2026-03-14T17:11:29.596+0000] {processor.py:186} INFO - Started process (PID=619) to work on /opt/airflow/dags/practice.py
[2026-03-14T17:11:29.597+0000] {processor.py:914} INFO - Processing file /opt/airflow/dags/practice.py for tasks to queue
[2026-03-14T17:11:29.601+0000] {logging_mixin.py:190} INFO - [2026-03-14T17:11:29.601+0000] {dagbag.py:588} INFO - Filling up the DagBag from /opt/airflow/dags/practice.py
[2026-03-14T17:11:29.634+0000] {processor.py:925} INFO - DAG(s) 'transaction_pipeline_practice' retrieved from /opt/airflow/dags/practice.py
[2026-03-14T17:11:29.703+0000] {logging_mixin.py:190} INFO - [2026-03-14T17:11:29.703+0000] {dag.py:3239} INFO - Sync 1 DAGs
[2026-03-14T17:11:29.749+0000] {logging_mixin.py:190} INFO - [2026-03-14T17:11:29.749+0000] {dag.py:4180} INFO - Setting next_dagrun for transaction_pipeline_practice to 2026-03-14 00:00:00+00:00, run_after=2026-03-15 00:00:00+00:00
[2026-03-14T17:11:29.785+0000] {processor.py:208} INFO - Processing /opt/airflow/dags/practice.py took 0.198 seconds
