[2026-03-10T20:02:23.888+0000] {manager.py:483} INFO - Processing files using up to 2 processes at a time 
[2026-03-10T20:02:23.899+0000] {manager.py:484} INFO - Process each file at most once every 30 seconds
[2026-03-10T20:02:23.900+0000] {manager.py:485} INFO - Checking for new files in /opt/airflow/dags every 5 seconds
[2026-03-10T20:02:23.905+0000] {manager.py:821} INFO - Searching for files in /opt/airflow/dags
[2026-03-10T20:02:23.917+0000] {manager.py:824} INFO - There are 0 files in /opt/airflow/dags
[2026-03-10T20:02:29.060+0000] {manager.py:821} INFO - Searching for files in /opt/airflow/dags
[2026-03-10T20:02:29.067+0000] {manager.py:824} INFO - There are 0 files in /opt/airflow/dags
[2026-03-10T20:02:34.119+0000] {manager.py:821} INFO - Searching for files in /opt/airflow/dags
[2026-03-10T20:02:34.127+0000] {manager.py:824} INFO - There are 0 files in /opt/airflow/dags
[2026-03-10T20:02:39.184+0000] {manager.py:821} INFO - Searching for files in /opt/airflow/dags
[2026-03-10T20:02:39.190+0000] {manager.py:824} INFO - There are 0 files in /opt/airflow/dags
[2026-03-10T20:02:44.247+0000] {manager.py:821} INFO - Searching for files in /opt/airflow/dags
[2026-03-10T20:02:44.263+0000] {manager.py:824} INFO - There are 0 files in /opt/airflow/dags
[2026-03-10T20:02:49.314+0000] {manager.py:821} INFO - Searching for files in /opt/airflow/dags
[2026-03-10T20:02:49.319+0000] {manager.py:824} INFO - There are 0 files in /opt/airflow/dags
[2026-03-10T20:02:54.375+0000] {manager.py:821} INFO - Searching for files in /opt/airflow/dags
[2026-03-10T20:02:54.399+0000] {manager.py:824} INFO - There are 0 files in /opt/airflow/dags
[2026-03-10T20:02:59.475+0000] {manager.py:821} INFO - Searching for files in /opt/airflow/dags
[2026-03-10T20:02:59.501+0000] {manager.py:824} INFO - There are 0 files in /opt/airflow/dags
[2026-03-10T20:03:04.578+0000] {manager.py:821} INFO - Searching for files in /opt/airflow/dags
[2026-03-10T20:03:04.594+0000] {manager.py:824} INFO - There are 0 files in /opt/airflow/dags
[2026-03-10T20:03:09.709+0000] {manager.py:821} INFO - Searching for files in /opt/airflow/dags
[2026-03-10T20:03:09.719+0000] {manager.py:824} INFO - There are 0 files in /opt/airflow/dags
[2026-03-10T20:03:14.816+0000] {manager.py:821} INFO - Searching for files in /opt/airflow/dags
[2026-03-10T20:03:14.837+0000] {manager.py:824} INFO - There are 0 files in /opt/airflow/dags
[2026-03-10T20:03:19.910+0000] {manager.py:821} INFO - Searching for files in /opt/airflow/dags
[2026-03-10T20:03:19.920+0000] {manager.py:824} INFO - There are 0 files in /opt/airflow/dags
[2026-03-10T20:03:24.998+0000] {manager.py:821} INFO - Searching for files in /opt/airflow/dags
[2026-03-10T20:03:25.006+0000] {manager.py:824} INFO - There are 0 files in /opt/airflow/dags
[2026-03-10T20:03:30.091+0000] {manager.py:821} INFO - Searching for files in /opt/airflow/dags
[2026-03-10T20:03:30.099+0000] {manager.py:824} INFO - There are 0 files in /opt/airflow/dags
[2026-03-10T20:03:35.187+0000] {manager.py:821} INFO - Searching for files in /opt/airflow/dags
[2026-03-10T20:03:35.207+0000] {manager.py:824} INFO - There are 0 files in /opt/airflow/dags
[2026-03-10T20:03:40.297+0000] {manager.py:821} INFO - Searching for files in /opt/airflow/dags
[2026-03-10T20:03:40.306+0000] {manager.py:824} INFO - There are 0 files in /opt/airflow/dags
[2026-03-10T20:03:45.424+0000] {manager.py:821} INFO - Searching for files in /opt/airflow/dags
[2026-03-10T20:03:45.452+0000] {manager.py:824} INFO - There are 0 files in /opt/airflow/dags
[2026-03-10T20:03:50.566+0000] {manager.py:821} INFO - Searching for files in /opt/airflow/dags
[2026-03-10T20:03:50.581+0000] {manager.py:824} INFO - There are 0 files in /opt/airflow/dags
[2026-03-10T20:03:55.718+0000] {manager.py:821} INFO - Searching for files in /opt/airflow/dags
[2026-03-10T20:03:55.736+0000] {manager.py:824} INFO - There are 0 files in /opt/airflow/dags
[2026-03-10T20:04:00.833+0000] {manager.py:821} INFO - Searching for files in /opt/airflow/dags
[2026-03-10T20:04:00.845+0000] {manager.py:824} INFO - There are 0 files in /opt/airflow/dags
[2026-03-10T20:04:05.934+0000] {manager.py:821} INFO - Searching for files in /opt/airflow/dags
[2026-03-10T20:04:05.941+0000] {manager.py:824} INFO - There are 0 files in /opt/airflow/dags
[2026-03-10T20:04:11.054+0000] {manager.py:821} INFO - Searching for files in /opt/airflow/dags
[2026-03-10T20:04:11.063+0000] {manager.py:824} INFO - There are 0 files in /opt/airflow/dags
[2026-03-10T20:04:16.151+0000] {manager.py:821} INFO - Searching for files in /opt/airflow/dags
[2026-03-10T20:04:16.175+0000] {manager.py:824} INFO - There are 0 files in /opt/airflow/dags
[2026-03-10T20:04:21.254+0000] {manager.py:821} INFO - Searching for files in /opt/airflow/dags
[2026-03-10T20:04:21.263+0000] {manager.py:824} INFO - There are 0 files in /opt/airflow/dags
[2026-03-10T20:04:26.366+0000] {manager.py:821} INFO - Searching for files in /opt/airflow/dags
[2026-03-10T20:04:26.386+0000] {manager.py:824} INFO - There are 0 files in /opt/airflow/dags
[2026-03-10T20:04:31.505+0000] {manager.py:821} INFO - Searching for files in /opt/airflow/dags
[2026-03-10T20:04:31.527+0000] {manager.py:824} INFO - There are 0 files in /opt/airflow/dags
[2026-03-10T20:04:36.634+0000] {manager.py:821} INFO - Searching for files in /opt/airflow/dags
[2026-03-10T20:04:36.642+0000] {manager.py:824} INFO - There are 0 files in /opt/airflow/dags
[2026-03-10T20:04:41.751+0000] {manager.py:821} INFO - Searching for files in /opt/airflow/dags
[2026-03-10T20:04:41.773+0000] {manager.py:824} INFO - There are 0 files in /opt/airflow/dags
[2026-03-10T20:04:46.891+0000] {manager.py:821} INFO - Searching for files in /opt/airflow/dags
[2026-03-10T20:04:46.904+0000] {manager.py:824} INFO - There are 0 files in /opt/airflow/dags
[2026-03-10T20:04:51.977+0000] {manager.py:821} INFO - Searching for files in /opt/airflow/dags
[2026-03-10T20:04:52.000+0000] {manager.py:824} INFO - There are 0 files in /opt/airflow/dags
[2026-03-10T20:04:57.107+0000] {manager.py:821} INFO - Searching for files in /opt/airflow/dags
[2026-03-10T20:04:57.127+0000] {manager.py:824} INFO - There are 0 files in /opt/airflow/dags
[2026-03-10T20:05:02.226+0000] {manager.py:821} INFO - Searching for files in /opt/airflow/dags
[2026-03-10T20:05:02.237+0000] {manager.py:824} INFO - There are 0 files in /opt/airflow/dags
[2026-03-10T20:05:07.335+0000] {manager.py:821} INFO - Searching for files in /opt/airflow/dags
[2026-03-10T20:05:07.341+0000] {manager.py:824} INFO - There are 0 files in /opt/airflow/dags
[2026-03-10T20:05:12.453+0000] {manager.py:821} INFO - Searching for files in /opt/airflow/dags
[2026-03-10T20:05:12.461+0000] {manager.py:824} INFO - There are 0 files in /opt/airflow/dags
[2026-03-10T20:05:17.523+0000] {manager.py:821} INFO - Searching for files in /opt/airflow/dags
[2026-03-10T20:05:17.533+0000] {manager.py:824} INFO - There are 0 files in /opt/airflow/dags
[2026-03-10T20:05:22.574+0000] {manager.py:821} INFO - Searching for files in /opt/airflow/dags
[2026-03-10T20:05:22.583+0000] {manager.py:824} INFO - There are 0 files in /opt/airflow/dags
[2026-03-10T20:05:27.647+0000] {manager.py:821} INFO - Searching for files in /opt/airflow/dags
[2026-03-10T20:05:27.654+0000] {manager.py:824} INFO - There are 0 files in /opt/airflow/dags
[2026-03-10T20:05:32.735+0000] {manager.py:821} INFO - Searching for files in /opt/airflow/dags
[2026-03-10T20:05:32.758+0000] {manager.py:824} INFO - There are 0 files in /opt/airflow/dags
[2026-03-10T20:05:37.848+0000] {manager.py:821} INFO - Searching for files in /opt/airflow/dags
[2026-03-10T20:05:37.869+0000] {manager.py:824} INFO - There are 0 files in /opt/airflow/dags
[2026-03-10T20:05:43.002+0000] {manager.py:821} INFO - Searching for files in /opt/airflow/dags
[2026-03-10T20:05:43.015+0000] {manager.py:824} INFO - There are 0 files in /opt/airflow/dags
[2026-03-10T20:05:48.109+0000] {manager.py:821} INFO - Searching for files in /opt/airflow/dags
[2026-03-10T20:05:48.150+0000] {manager.py:824} INFO - There are 0 files in /opt/airflow/dags
[2026-03-10T20:05:53.246+0000] {manager.py:821} INFO - Searching for files in /opt/airflow/dags
[2026-03-10T20:05:53.269+0000] {manager.py:824} INFO - There are 0 files in /opt/airflow/dags
[2026-03-10T20:05:58.337+0000] {manager.py:821} INFO - Searching for files in /opt/airflow/dags
[2026-03-10T20:05:58.350+0000] {manager.py:824} INFO - There are 0 files in /opt/airflow/dags
[2026-03-10T20:06:03.468+0000] {manager.py:821} INFO - Searching for files in /opt/airflow/dags
[2026-03-10T20:06:03.483+0000] {manager.py:824} INFO - There are 0 files in /opt/airflow/dags
[2026-03-10T20:06:08.555+0000] {manager.py:821} INFO - Searching for files in /opt/airflow/dags
[2026-03-10T20:06:08.562+0000] {manager.py:824} INFO - There are 0 files in /opt/airflow/dags
[2026-03-10T20:06:13.628+0000] {manager.py:821} INFO - Searching for files in /opt/airflow/dags
[2026-03-10T20:06:13.642+0000] {manager.py:824} INFO - There are 0 files in /opt/airflow/dags
[2026-03-10T20:06:18.720+0000] {manager.py:821} INFO - Searching for files in /opt/airflow/dags
[2026-03-10T20:06:18.735+0000] {manager.py:824} INFO - There are 0 files in /opt/airflow/dags
[2026-03-10T20:06:23.833+0000] {manager.py:821} INFO - Searching for files in /opt/airflow/dags
[2026-03-10T20:06:23.842+0000] {manager.py:824} INFO - There are 0 files in /opt/airflow/dags
[2026-03-10T20:06:28.947+0000] {manager.py:821} INFO - Searching for files in /opt/airflow/dags
[2026-03-10T20:06:28.953+0000] {manager.py:824} INFO - There are 0 files in /opt/airflow/dags
[2026-03-10T20:06:34.056+0000] {manager.py:821} INFO - Searching for files in /opt/airflow/dags
[2026-03-10T20:06:34.066+0000] {manager.py:824} INFO - There are 0 files in /opt/airflow/dags
[2026-03-10T20:06:39.145+0000] {manager.py:821} INFO - Searching for files in /opt/airflow/dags
[2026-03-10T20:06:39.172+0000] {manager.py:824} INFO - There are 0 files in /opt/airflow/dags
[2026-03-10T20:06:44.271+0000] {manager.py:821} INFO - Searching for files in /opt/airflow/dags
[2026-03-10T20:06:44.278+0000] {manager.py:824} INFO - There are 0 files in /opt/airflow/dags
[2026-03-10T20:06:49.400+0000] {manager.py:821} INFO - Searching for files in /opt/airflow/dags
[2026-03-10T20:06:49.414+0000] {manager.py:824} INFO - There are 0 files in /opt/airflow/dags
[2026-03-10T20:06:54.497+0000] {manager.py:821} INFO - Searching for files in /opt/airflow/dags
[2026-03-10T20:06:54.507+0000] {manager.py:824} INFO - There are 0 files in /opt/airflow/dags
[2026-03-10T20:06:59.570+0000] {manager.py:821} INFO - Searching for files in /opt/airflow/dags
[2026-03-10T20:06:59.576+0000] {manager.py:824} INFO - There are 0 files in /opt/airflow/dags
[2026-03-10T20:07:04.689+0000] {manager.py:821} INFO - Searching for files in /opt/airflow/dags
[2026-03-10T20:07:04.707+0000] {manager.py:824} INFO - There are 0 files in /opt/airflow/dags
[2026-03-10T20:07:09.800+0000] {manager.py:821} INFO - Searching for files in /opt/airflow/dags
[2026-03-10T20:07:09.811+0000] {manager.py:824} INFO - There are 0 files in /opt/airflow/dags
[2026-03-10T20:07:14.901+0000] {manager.py:821} INFO - Searching for files in /opt/airflow/dags
[2026-03-10T20:07:14.918+0000] {manager.py:824} INFO - There are 0 files in /opt/airflow/dags
[2026-03-10T20:07:19.985+0000] {manager.py:821} INFO - Searching for files in /opt/airflow/dags
[2026-03-10T20:07:19.998+0000] {manager.py:824} INFO - There are 0 files in /opt/airflow/dags
[2026-03-10T20:07:25.059+0000] {manager.py:821} INFO - Searching for files in /opt/airflow/dags
[2026-03-10T20:07:25.069+0000] {manager.py:824} INFO - There are 0 files in /opt/airflow/dags
[2026-03-10T20:07:30.162+0000] {manager.py:821} INFO - Searching for files in /opt/airflow/dags
[2026-03-10T20:07:30.174+0000] {manager.py:824} INFO - There are 0 files in /opt/airflow/dags
[2026-03-10T20:07:35.287+0000] {manager.py:821} INFO - Searching for files in /opt/airflow/dags
[2026-03-10T20:07:35.295+0000] {manager.py:824} INFO - There are 0 files in /opt/airflow/dags
[2026-03-10T20:07:40.353+0000] {manager.py:821} INFO - Searching for files in /opt/airflow/dags
[2026-03-10T20:07:40.361+0000] {manager.py:824} INFO - There are 0 files in /opt/airflow/dags
[2026-03-10T20:07:45.446+0000] {manager.py:821} INFO - Searching for files in /opt/airflow/dags
[2026-03-10T20:07:45.459+0000] {manager.py:824} INFO - There are 0 files in /opt/airflow/dags
[2026-03-10T20:07:50.531+0000] {manager.py:821} INFO - Searching for files in /opt/airflow/dags
[2026-03-10T20:07:50.544+0000] {manager.py:824} INFO - There are 0 files in /opt/airflow/dags
[2026-03-10T20:07:55.606+0000] {manager.py:821} INFO - Searching for files in /opt/airflow/dags
[2026-03-10T20:07:55.613+0000] {manager.py:824} INFO - There are 0 files in /opt/airflow/dags
[2026-03-10T20:08:00.683+0000] {manager.py:821} INFO - Searching for files in /opt/airflow/dags
[2026-03-10T20:08:00.698+0000] {manager.py:824} INFO - There are 0 files in /opt/airflow/dags
[2026-03-10T20:08:05.771+0000] {manager.py:821} INFO - Searching for files in /opt/airflow/dags
[2026-03-10T20:08:05.780+0000] {manager.py:824} INFO - There are 0 files in /opt/airflow/dags
[2026-03-10T20:08:10.845+0000] {manager.py:821} INFO - Searching for files in /opt/airflow/dags
[2026-03-10T20:08:10.853+0000] {manager.py:824} INFO - There are 0 files in /opt/airflow/dags
[2026-03-10T20:08:15.926+0000] {manager.py:821} INFO - Searching for files in /opt/airflow/dags
[2026-03-10T20:08:15.933+0000] {manager.py:824} INFO - There are 0 files in /opt/airflow/dags
[2026-03-10T20:08:20.983+0000] {manager.py:821} INFO - Searching for files in /opt/airflow/dags
[2026-03-10T20:08:20.992+0000] {manager.py:824} INFO - There are 0 files in /opt/airflow/dags
[2026-03-10T20:08:26.051+0000] {manager.py:821} INFO - Searching for files in /opt/airflow/dags
[2026-03-10T20:08:26.061+0000] {manager.py:824} INFO - There are 0 files in /opt/airflow/dags
[2026-03-10T20:08:31.176+0000] {manager.py:821} INFO - Searching for files in /opt/airflow/dags
[2026-03-10T20:08:31.196+0000] {manager.py:824} INFO - There are 0 files in /opt/airflow/dags
[2026-03-10T20:08:36.310+0000] {manager.py:821} INFO - Searching for files in /opt/airflow/dags
[2026-03-10T20:08:36.332+0000] {manager.py:824} INFO - There are 0 files in /opt/airflow/dags
[2026-03-10T20:08:41.430+0000] {manager.py:821} INFO - Searching for files in /opt/airflow/dags
[2026-03-10T20:08:41.448+0000] {manager.py:824} INFO - There are 0 files in /opt/airflow/dags
[2026-03-10T20:08:46.563+0000] {manager.py:821} INFO - Searching for files in /opt/airflow/dags
[2026-03-10T20:08:46.587+0000] {manager.py:824} INFO - There are 0 files in /opt/airflow/dags
[2026-03-10T20:08:51.663+0000] {manager.py:821} INFO - Searching for files in /opt/airflow/dags
[2026-03-10T20:08:51.687+0000] {manager.py:824} INFO - There are 0 files in /opt/airflow/dags
[2026-03-10T20:08:56.753+0000] {manager.py:821} INFO - Searching for files in /opt/airflow/dags
[2026-03-10T20:08:56.763+0000] {manager.py:824} INFO - There are 0 files in /opt/airflow/dags
[2026-03-10T20:09:01.853+0000] {manager.py:821} INFO - Searching for files in /opt/airflow/dags
[2026-03-10T20:09:01.876+0000] {manager.py:824} INFO - There are 0 files in /opt/airflow/dags
[2026-03-10T20:09:06.975+0000] {manager.py:821} INFO - Searching for files in /opt/airflow/dags
[2026-03-10T20:09:06.993+0000] {manager.py:824} INFO - There are 0 files in /opt/airflow/dags
[2026-03-10T20:09:12.098+0000] {manager.py:821} INFO - Searching for files in /opt/airflow/dags
[2026-03-10T20:09:12.118+0000] {manager.py:824} INFO - There are 0 files in /opt/airflow/dags
[2026-03-10T20:09:17.208+0000] {manager.py:821} INFO - Searching for files in /opt/airflow/dags
[2026-03-10T20:09:17.223+0000] {manager.py:824} INFO - There are 0 files in /opt/airflow/dags
[2026-03-10T20:09:22.308+0000] {manager.py:821} INFO - Searching for files in /opt/airflow/dags
[2026-03-10T20:09:22.324+0000] {manager.py:824} INFO - There are 0 files in /opt/airflow/dags
[2026-03-10T20:09:27.415+0000] {manager.py:821} INFO - Searching for files in /opt/airflow/dags
[2026-03-10T20:09:27.424+0000] {manager.py:824} INFO - There are 0 files in /opt/airflow/dags
[2026-03-10T20:09:32.540+0000] {manager.py:821} INFO - Searching for files in /opt/airflow/dags
[2026-03-10T20:09:32.560+0000] {manager.py:824} INFO - There are 0 files in /opt/airflow/dags
[2026-03-10T20:09:37.668+0000] {manager.py:821} INFO - Searching for files in /opt/airflow/dags
[2026-03-10T20:09:37.676+0000] {manager.py:824} INFO - There are 0 files in /opt/airflow/dags
[2026-03-10T20:09:42.766+0000] {manager.py:821} INFO - Searching for files in /opt/airflow/dags
[2026-03-10T20:09:42.776+0000] {manager.py:824} INFO - There are 0 files in /opt/airflow/dags
[2026-03-10T20:09:47.863+0000] {manager.py:821} INFO - Searching for files in /opt/airflow/dags
[2026-03-10T20:09:47.878+0000] {manager.py:824} INFO - There are 0 files in /opt/airflow/dags
[2026-03-10T20:09:52.971+0000] {manager.py:821} INFO - Searching for files in /opt/airflow/dags
[2026-03-10T20:09:52.984+0000] {manager.py:824} INFO - There are 0 files in /opt/airflow/dags
[2026-03-10T20:09:58.090+0000] {manager.py:821} INFO - Searching for files in /opt/airflow/dags
[2026-03-10T20:09:58.116+0000] {manager.py:824} INFO - There are 0 files in /opt/airflow/dags
[2026-03-10T20:10:03.246+0000] {manager.py:821} INFO - Searching for files in /opt/airflow/dags
[2026-03-10T20:10:03.256+0000] {manager.py:824} INFO - There are 0 files in /opt/airflow/dags
[2026-03-10T20:10:08.372+0000] {manager.py:821} INFO - Searching for files in /opt/airflow/dags
[2026-03-10T20:10:08.381+0000] {manager.py:824} INFO - There are 0 files in /opt/airflow/dags
[2026-03-10T20:10:13.490+0000] {manager.py:821} INFO - Searching for files in /opt/airflow/dags
[2026-03-10T20:10:13.506+0000] {manager.py:824} INFO - There are 0 files in /opt/airflow/dags
[2026-03-10T20:10:18.581+0000] {manager.py:821} INFO - Searching for files in /opt/airflow/dags
[2026-03-10T20:10:18.596+0000] {manager.py:824} INFO - There are 0 files in /opt/airflow/dags
[2026-03-10T20:10:23.703+0000] {manager.py:821} INFO - Searching for files in /opt/airflow/dags
[2026-03-10T20:10:23.713+0000] {manager.py:824} INFO - There are 0 files in /opt/airflow/dags
[2026-03-10T20:10:28.780+0000] {manager.py:821} INFO - Searching for files in /opt/airflow/dags
[2026-03-10T20:10:28.798+0000] {manager.py:824} INFO - There are 0 files in /opt/airflow/dags
[2026-03-10T20:10:33.904+0000] {manager.py:821} INFO - Searching for files in /opt/airflow/dags
[2026-03-10T20:10:33.915+0000] {manager.py:824} INFO - There are 0 files in /opt/airflow/dags
[2026-03-10T20:10:39.033+0000] {manager.py:821} INFO - Searching for files in /opt/airflow/dags
[2026-03-10T20:10:39.055+0000] {manager.py:824} INFO - There are 0 files in /opt/airflow/dags
[2026-03-10T20:10:44.158+0000] {manager.py:821} INFO - Searching for files in /opt/airflow/dags
[2026-03-10T20:10:44.186+0000] {manager.py:824} INFO - There are 0 files in /opt/airflow/dags
[2026-03-10T20:10:49.290+0000] {manager.py:821} INFO - Searching for files in /opt/airflow/dags
[2026-03-10T20:10:49.303+0000] {manager.py:824} INFO - There are 0 files in /opt/airflow/dags
[2026-03-10T20:10:54.373+0000] {manager.py:821} INFO - Searching for files in /opt/airflow/dags
[2026-03-10T20:10:54.382+0000] {manager.py:824} INFO - There are 0 files in /opt/airflow/dags
[2026-03-10T20:10:59.450+0000] {manager.py:821} INFO - Searching for files in /opt/airflow/dags
[2026-03-10T20:10:59.464+0000] {manager.py:824} INFO - There are 0 files in /opt/airflow/dags
[2026-03-10T20:11:04.574+0000] {manager.py:821} INFO - Searching for files in /opt/airflow/dags
[2026-03-10T20:11:04.583+0000] {manager.py:824} INFO - There are 0 files in /opt/airflow/dags
[2026-03-10T20:11:09.690+0000] {manager.py:821} INFO - Searching for files in /opt/airflow/dags
[2026-03-10T20:11:09.716+0000] {manager.py:824} INFO - There are 0 files in /opt/airflow/dags
[2026-03-10T20:11:14.848+0000] {manager.py:821} INFO - Searching for files in /opt/airflow/dags
[2026-03-10T20:11:14.871+0000] {manager.py:824} INFO - There are 0 files in /opt/airflow/dags
[2026-03-10T20:11:19.963+0000] {manager.py:821} INFO - Searching for files in /opt/airflow/dags
[2026-03-10T20:11:19.969+0000] {manager.py:824} INFO - There are 0 files in /opt/airflow/dags
[2026-03-10T20:11:25.022+0000] {manager.py:821} INFO - Searching for files in /opt/airflow/dags
[2026-03-10T20:11:25.028+0000] {manager.py:824} INFO - There are 0 files in /opt/airflow/dags
[2026-03-10T20:11:30.125+0000] {manager.py:821} INFO - Searching for files in /opt/airflow/dags
[2026-03-10T20:11:30.134+0000] {manager.py:824} INFO - There are 0 files in /opt/airflow/dags
[2026-03-10T20:11:35.233+0000] {manager.py:821} INFO - Searching for files in /opt/airflow/dags
[2026-03-10T20:11:35.252+0000] {manager.py:824} INFO - There are 0 files in /opt/airflow/dags
[2026-03-10T20:11:40.349+0000] {manager.py:821} INFO - Searching for files in /opt/airflow/dags
[2026-03-10T20:11:40.367+0000] {manager.py:824} INFO - There are 0 files in /opt/airflow/dags
[2026-03-10T20:11:45.463+0000] {manager.py:821} INFO - Searching for files in /opt/airflow/dags
[2026-03-10T20:11:45.469+0000] {manager.py:824} INFO - There are 0 files in /opt/airflow/dags
[2026-03-10T20:11:50.602+0000] {manager.py:821} INFO - Searching for files in /opt/airflow/dags
[2026-03-10T20:11:50.620+0000] {manager.py:824} INFO - There are 0 files in /opt/airflow/dags
[2026-03-10T20:11:55.722+0000] {manager.py:821} INFO - Searching for files in /opt/airflow/dags
[2026-03-10T20:11:55.731+0000] {manager.py:824} INFO - There are 0 files in /opt/airflow/dags
[2026-03-10T20:12:00.835+0000] {manager.py:821} INFO - Searching for files in /opt/airflow/dags
[2026-03-10T20:12:00.846+0000] {manager.py:824} INFO - There are 0 files in /opt/airflow/dags
[2026-03-10T20:12:05.965+0000] {manager.py:821} INFO - Searching for files in /opt/airflow/dags
[2026-03-10T20:12:05.973+0000] {manager.py:824} INFO - There are 0 files in /opt/airflow/dags
[2026-03-10T20:12:11.114+0000] {manager.py:821} INFO - Searching for files in /opt/airflow/dags
[2026-03-10T20:12:11.134+0000] {manager.py:824} INFO - There are 0 files in /opt/airflow/dags
[2026-03-10T20:12:16.235+0000] {manager.py:821} INFO - Searching for files in /opt/airflow/dags
[2026-03-10T20:12:16.248+0000] {manager.py:824} INFO - There are 0 files in /opt/airflow/dags
[2026-03-10T20:12:21.323+0000] {manager.py:821} INFO - Searching for files in /opt/airflow/dags
[2026-03-10T20:12:21.331+0000] {manager.py:824} INFO - There are 0 files in /opt/airflow/dags
[2026-03-10T20:12:26.450+0000] {manager.py:821} INFO - Searching for files in /opt/airflow/dags
[2026-03-10T20:12:26.473+0000] {manager.py:824} INFO - There are 0 files in /opt/airflow/dags
[2026-03-10T20:12:31.577+0000] {manager.py:821} INFO - Searching for files in /opt/airflow/dags
[2026-03-10T20:12:31.585+0000] {manager.py:824} INFO - There are 0 files in /opt/airflow/dags
[2026-03-10T20:12:36.668+0000] {manager.py:821} INFO - Searching for files in /opt/airflow/dags
[2026-03-10T20:12:36.692+0000] {manager.py:824} INFO - There are 0 files in /opt/airflow/dags
[2026-03-10T20:12:41.799+0000] {manager.py:821} INFO - Searching for files in /opt/airflow/dags
[2026-03-10T20:12:41.811+0000] {manager.py:824} INFO - There are 0 files in /opt/airflow/dags
[2026-03-10T20:12:46.910+0000] {manager.py:821} INFO - Searching for files in /opt/airflow/dags
[2026-03-10T20:12:46.922+0000] {manager.py:824} INFO - There are 0 files in /opt/airflow/dags
[2026-03-10T20:12:52.025+0000] {manager.py:821} INFO - Searching for files in /opt/airflow/dags
[2026-03-10T20:12:52.034+0000] {manager.py:824} INFO - There are 0 files in /opt/airflow/dags
[2026-03-10T20:12:57.144+0000] {manager.py:821} INFO - Searching for files in /opt/airflow/dags
[2026-03-10T20:12:57.168+0000] {manager.py:824} INFO - There are 0 files in /opt/airflow/dags
[2026-03-10T20:13:02.287+0000] {manager.py:821} INFO - Searching for files in /opt/airflow/dags
[2026-03-10T20:13:02.301+0000] {manager.py:824} INFO - There are 0 files in /opt/airflow/dags
[2026-03-10T20:13:07.409+0000] {manager.py:821} INFO - Searching for files in /opt/airflow/dags
[2026-03-10T20:13:07.428+0000] {manager.py:824} INFO - There are 0 files in /opt/airflow/dags
[2026-03-10T20:13:12.496+0000] {manager.py:821} INFO - Searching for files in /opt/airflow/dags
[2026-03-10T20:13:12.509+0000] {manager.py:824} INFO - There are 0 files in /opt/airflow/dags
[2026-03-10T20:13:17.608+0000] {manager.py:821} INFO - Searching for files in /opt/airflow/dags
[2026-03-10T20:13:17.617+0000] {manager.py:824} INFO - There are 0 files in /opt/airflow/dags
[2026-03-10T20:13:22.706+0000] {manager.py:821} INFO - Searching for files in /opt/airflow/dags
[2026-03-10T20:13:22.712+0000] {manager.py:824} INFO - There are 0 files in /opt/airflow/dags
[2026-03-10T20:13:27.821+0000] {manager.py:821} INFO - Searching for files in /opt/airflow/dags
[2026-03-10T20:13:27.832+0000] {manager.py:824} INFO - There are 0 files in /opt/airflow/dags
[2026-03-10T20:13:32.919+0000] {manager.py:821} INFO - Searching for files in /opt/airflow/dags
[2026-03-10T20:13:32.928+0000] {manager.py:824} INFO - There are 0 files in /opt/airflow/dags
[2026-03-10T20:13:38.036+0000] {manager.py:821} INFO - Searching for files in /opt/airflow/dags
[2026-03-10T20:13:38.043+0000] {manager.py:824} INFO - There are 0 files in /opt/airflow/dags
[2026-03-10T20:13:43.183+0000] {manager.py:821} INFO - Searching for files in /opt/airflow/dags
[2026-03-10T20:13:43.198+0000] {manager.py:824} INFO - There are 0 files in /opt/airflow/dags
[2026-03-10T20:13:48.273+0000] {manager.py:821} INFO - Searching for files in /opt/airflow/dags
[2026-03-10T20:13:48.295+0000] {manager.py:824} INFO - There are 0 files in /opt/airflow/dags
[2026-03-10T20:13:53.380+0000] {manager.py:821} INFO - Searching for files in /opt/airflow/dags
[2026-03-10T20:13:53.392+0000] {manager.py:824} INFO - There are 0 files in /opt/airflow/dags
[2026-03-10T20:13:55.493+0000] {manager.py:465} INFO - Exiting gracefully upon receiving signal 15
[2026-03-14T14:53:01.532+0000] {manager.py:483} INFO - Processing files using up to 2 processes at a time 
[2026-03-14T14:53:01.534+0000] {manager.py:484} INFO - Process each file at most once every 30 seconds
[2026-03-14T14:53:01.535+0000] {manager.py:485} INFO - Checking for new files in /opt/airflow/dags every 5 seconds
[2026-03-14T14:53:01.535+0000] {manager.py:821} INFO - Searching for files in /opt/airflow/dags
[2026-03-14T14:53:01.544+0000] {manager.py:824} INFO - There are 0 files in /opt/airflow/dags
[2026-03-14T14:53:06.675+0000] {manager.py:821} INFO - Searching for files in /opt/airflow/dags
[2026-03-14T14:53:06.681+0000] {manager.py:824} INFO - There are 0 files in /opt/airflow/dags
[2026-03-14T14:53:11.741+0000] {manager.py:821} INFO - Searching for files in /opt/airflow/dags
[2026-03-14T14:53:11.750+0000] {manager.py:824} INFO - There are 0 files in /opt/airflow/dags
[2026-03-14T14:53:16.831+0000] {manager.py:821} INFO - Searching for files in /opt/airflow/dags
[2026-03-14T14:53:16.837+0000] {manager.py:824} INFO - There are 0 files in /opt/airflow/dags
[2026-03-14T14:53:21.902+0000] {manager.py:821} INFO - Searching for files in /opt/airflow/dags
[2026-03-14T14:53:21.909+0000] {manager.py:824} INFO - There are 0 files in /opt/airflow/dags
[2026-03-14T14:53:26.972+0000] {manager.py:821} INFO - Searching for files in /opt/airflow/dags
[2026-03-14T14:53:26.982+0000] {manager.py:824} INFO - There are 0 files in /opt/airflow/dags
[2026-03-14T14:53:32.126+0000] {manager.py:821} INFO - Searching for files in /opt/airflow/dags
[2026-03-14T14:53:32.132+0000] {manager.py:824} INFO - There are 0 files in /opt/airflow/dags
[2026-03-14T14:53:37.186+0000] {manager.py:821} INFO - Searching for files in /opt/airflow/dags
[2026-03-14T14:53:37.193+0000] {manager.py:824} INFO - There are 0 files in /opt/airflow/dags
[2026-03-14T14:53:42.248+0000] {manager.py:821} INFO - Searching for files in /opt/airflow/dags
[2026-03-14T14:53:42.254+0000] {manager.py:824} INFO - There are 0 files in /opt/airflow/dags
[2026-03-14T14:53:47.306+0000] {manager.py:821} INFO - Searching for files in /opt/airflow/dags
[2026-03-14T14:53:47.313+0000] {manager.py:824} INFO - There are 0 files in /opt/airflow/dags
[2026-03-14T14:53:52.367+0000] {manager.py:821} INFO - Searching for files in /opt/airflow/dags
[2026-03-14T14:53:52.374+0000] {manager.py:824} INFO - There are 0 files in /opt/airflow/dags
[2026-03-14T14:53:57.423+0000] {manager.py:821} INFO - Searching for files in /opt/airflow/dags
[2026-03-14T14:53:57.438+0000] {manager.py:824} INFO - There are 0 files in /opt/airflow/dags
[2026-03-14T14:54:02.515+0000] {manager.py:821} INFO - Searching for files in /opt/airflow/dags
[2026-03-14T14:54:02.522+0000] {manager.py:824} INFO - There are 0 files in /opt/airflow/dags
[2026-03-14T14:54:07.575+0000] {manager.py:821} INFO - Searching for files in /opt/airflow/dags
[2026-03-14T14:54:07.582+0000] {manager.py:824} INFO - There are 0 files in /opt/airflow/dags
[2026-03-14T14:54:12.646+0000] {manager.py:821} INFO - Searching for files in /opt/airflow/dags
[2026-03-14T14:54:12.654+0000] {manager.py:824} INFO - There are 0 files in /opt/airflow/dags
[2026-03-14T14:54:17.728+0000] {manager.py:821} INFO - Searching for files in /opt/airflow/dags
[2026-03-14T14:54:17.735+0000] {manager.py:824} INFO - There are 0 files in /opt/airflow/dags
[2026-03-14T14:54:22.842+0000] {manager.py:821} INFO - Searching for files in /opt/airflow/dags
[2026-03-14T14:54:22.848+0000] {manager.py:824} INFO - There are 0 files in /opt/airflow/dags
[2026-03-14T14:54:27.902+0000] {manager.py:821} INFO - Searching for files in /opt/airflow/dags
[2026-03-14T14:54:27.910+0000] {manager.py:824} INFO - There are 0 files in /opt/airflow/dags
[2026-03-14T14:54:32.963+0000] {manager.py:821} INFO - Searching for files in /opt/airflow/dags
[2026-03-14T14:54:32.970+0000] {manager.py:824} INFO - There are 0 files in /opt/airflow/dags
[2026-03-14T14:54:38.038+0000] {manager.py:821} INFO - Searching for files in /opt/airflow/dags
[2026-03-14T14:54:38.044+0000] {manager.py:824} INFO - There are 0 files in /opt/airflow/dags
[2026-03-14T14:54:43.100+0000] {manager.py:821} INFO - Searching for files in /opt/airflow/dags
[2026-03-14T14:54:43.107+0000] {manager.py:824} INFO - There are 0 files in /opt/airflow/dags
[2026-03-14T14:54:48.160+0000] {manager.py:821} INFO - Searching for files in /opt/airflow/dags
[2026-03-14T14:54:48.166+0000] {manager.py:824} INFO - There are 0 files in /opt/airflow/dags
[2026-03-14T14:54:53.219+0000] {manager.py:821} INFO - Searching for files in /opt/airflow/dags
[2026-03-14T14:54:53.224+0000] {manager.py:824} INFO - There are 0 files in /opt/airflow/dags
[2026-03-14T14:54:58.280+0000] {manager.py:821} INFO - Searching for files in /opt/airflow/dags
[2026-03-14T14:54:58.292+0000] {manager.py:824} INFO - There are 0 files in /opt/airflow/dags
[2026-03-14T14:55:03.375+0000] {manager.py:821} INFO - Searching for files in /opt/airflow/dags
[2026-03-14T14:55:03.384+0000] {manager.py:824} INFO - There are 0 files in /opt/airflow/dags
[2026-03-14T14:55:08.442+0000] {manager.py:821} INFO - Searching for files in /opt/airflow/dags
[2026-03-14T14:55:08.448+0000] {manager.py:824} INFO - There are 0 files in /opt/airflow/dags
[2026-03-14T14:55:13.502+0000] {manager.py:821} INFO - Searching for files in /opt/airflow/dags
[2026-03-14T14:55:13.508+0000] {manager.py:824} INFO - There are 0 files in /opt/airflow/dags
[2026-03-14T14:55:18.561+0000] {manager.py:821} INFO - Searching for files in /opt/airflow/dags
[2026-03-14T14:55:18.567+0000] {manager.py:824} INFO - There are 0 files in /opt/airflow/dags
[2026-03-14T14:55:23.620+0000] {manager.py:821} INFO - Searching for files in /opt/airflow/dags
[2026-03-14T14:55:23.625+0000] {manager.py:824} INFO - There are 0 files in /opt/airflow/dags
[2026-03-14T14:55:28.674+0000] {manager.py:821} INFO - Searching for files in /opt/airflow/dags
[2026-03-14T14:55:28.681+0000] {manager.py:824} INFO - There are 0 files in /opt/airflow/dags
[2026-03-14T14:55:33.735+0000] {manager.py:821} INFO - Searching for files in /opt/airflow/dags
[2026-03-14T14:55:33.742+0000] {manager.py:824} INFO - There are 0 files in /opt/airflow/dags
[2026-03-14T14:55:38.795+0000] {manager.py:821} INFO - Searching for files in /opt/airflow/dags
[2026-03-14T14:55:38.802+0000] {manager.py:824} INFO - There are 0 files in /opt/airflow/dags
[2026-03-14T14:55:43.854+0000] {manager.py:821} INFO - Searching for files in /opt/airflow/dags
[2026-03-14T14:55:43.861+0000] {manager.py:824} INFO - There are 0 files in /opt/airflow/dags
[2026-03-14T14:55:48.913+0000] {manager.py:821} INFO - Searching for files in /opt/airflow/dags
[2026-03-14T14:55:48.920+0000] {manager.py:824} INFO - There are 0 files in /opt/airflow/dags
[2026-03-14T14:55:53.972+0000] {manager.py:821} INFO - Searching for files in /opt/airflow/dags
[2026-03-14T14:55:53.979+0000] {manager.py:824} INFO - There are 0 files in /opt/airflow/dags
[2026-03-14T14:55:59.026+0000] {manager.py:821} INFO - Searching for files in /opt/airflow/dags
[2026-03-14T14:55:59.033+0000] {manager.py:824} INFO - There are 0 files in /opt/airflow/dags
[2026-03-14T14:56:04.092+0000] {manager.py:821} INFO - Searching for files in /opt/airflow/dags
[2026-03-14T14:56:04.100+0000] {manager.py:824} INFO - There are 0 files in /opt/airflow/dags
[2026-03-14T14:56:09.152+0000] {manager.py:821} INFO - Searching for files in /opt/airflow/dags
[2026-03-14T14:56:09.160+0000] {manager.py:824} INFO - There are 0 files in /opt/airflow/dags
[2026-03-14T14:56:14.212+0000] {manager.py:821} INFO - Searching for files in /opt/airflow/dags
[2026-03-14T14:56:14.218+0000] {manager.py:824} INFO - There are 0 files in /opt/airflow/dags
[2026-03-14T14:56:19.273+0000] {manager.py:821} INFO - Searching for files in /opt/airflow/dags
[2026-03-14T14:56:19.281+0000] {manager.py:824} INFO - There are 0 files in /opt/airflow/dags
[2026-03-14T14:56:24.343+0000] {manager.py:821} INFO - Searching for files in /opt/airflow/dags
[2026-03-14T14:56:24.350+0000] {manager.py:824} INFO - There are 0 files in /opt/airflow/dags
[2026-03-14T14:56:29.401+0000] {manager.py:821} INFO - Searching for files in /opt/airflow/dags
[2026-03-14T14:56:29.408+0000] {manager.py:824} INFO - There are 0 files in /opt/airflow/dags
[2026-03-14T14:56:34.460+0000] {manager.py:821} INFO - Searching for files in /opt/airflow/dags
[2026-03-14T14:56:34.467+0000] {manager.py:824} INFO - There are 0 files in /opt/airflow/dags
[2026-03-14T14:56:39.521+0000] {manager.py:821} INFO - Searching for files in /opt/airflow/dags
[2026-03-14T14:56:39.527+0000] {manager.py:824} INFO - There are 0 files in /opt/airflow/dags
[2026-03-14T14:56:44.583+0000] {manager.py:821} INFO - Searching for files in /opt/airflow/dags
[2026-03-14T14:56:44.590+0000] {manager.py:824} INFO - There are 0 files in /opt/airflow/dags
[2026-03-14T14:56:49.644+0000] {manager.py:821} INFO - Searching for files in /opt/airflow/dags
[2026-03-14T14:56:49.651+0000] {manager.py:824} INFO - There are 0 files in /opt/airflow/dags
[2026-03-14T14:56:54.703+0000] {manager.py:821} INFO - Searching for files in /opt/airflow/dags
[2026-03-14T14:56:54.710+0000] {manager.py:824} INFO - There are 0 files in /opt/airflow/dags
[2026-03-14T14:56:59.772+0000] {manager.py:821} INFO - Searching for files in /opt/airflow/dags
[2026-03-14T14:56:59.779+0000] {manager.py:824} INFO - There are 0 files in /opt/airflow/dags
[2026-03-14T14:57:04.838+0000] {manager.py:821} INFO - Searching for files in /opt/airflow/dags
[2026-03-14T14:57:04.844+0000] {manager.py:824} INFO - There are 0 files in /opt/airflow/dags
[2026-03-14T14:57:09.898+0000] {manager.py:821} INFO - Searching for files in /opt/airflow/dags
[2026-03-14T14:57:09.905+0000] {manager.py:824} INFO - There are 0 files in /opt/airflow/dags
[2026-03-14T14:57:14.957+0000] {manager.py:821} INFO - Searching for files in /opt/airflow/dags
[2026-03-14T14:57:14.964+0000] {manager.py:824} INFO - There are 0 files in /opt/airflow/dags
[2026-03-14T14:57:20.014+0000] {manager.py:821} INFO - Searching for files in /opt/airflow/dags
[2026-03-14T14:57:20.021+0000] {manager.py:824} INFO - There are 0 files in /opt/airflow/dags
[2026-03-14T14:57:25.077+0000] {manager.py:821} INFO - Searching for files in /opt/airflow/dags
[2026-03-14T14:57:25.084+0000] {manager.py:824} INFO - There are 0 files in /opt/airflow/dags
[2026-03-14T14:57:30.146+0000] {manager.py:821} INFO - Searching for files in /opt/airflow/dags
[2026-03-14T14:57:30.294+0000] {manager.py:824} INFO - There are 0 files in /opt/airflow/dags
[2026-03-14T14:57:35.363+0000] {manager.py:821} INFO - Searching for files in /opt/airflow/dags
[2026-03-14T14:57:35.369+0000] {manager.py:824} INFO - There are 0 files in /opt/airflow/dags
[2026-03-14T14:57:40.425+0000] {manager.py:821} INFO - Searching for files in /opt/airflow/dags
[2026-03-14T14:57:40.431+0000] {manager.py:824} INFO - There are 0 files in /opt/airflow/dags
[2026-03-14T14:57:45.486+0000] {manager.py:821} INFO - Searching for files in /opt/airflow/dags
[2026-03-14T14:57:45.492+0000] {manager.py:824} INFO - There are 0 files in /opt/airflow/dags
[2026-03-14T14:57:50.544+0000] {manager.py:821} INFO - Searching for files in /opt/airflow/dags
[2026-03-14T14:57:50.550+0000] {manager.py:824} INFO - There are 0 files in /opt/airflow/dags
[2026-03-14T14:57:55.597+0000] {manager.py:821} INFO - Searching for files in /opt/airflow/dags
[2026-03-14T14:57:55.603+0000] {manager.py:824} INFO - There are 0 files in /opt/airflow/dags
[2026-03-14T14:58:00.658+0000] {manager.py:821} INFO - Searching for files in /opt/airflow/dags
[2026-03-14T14:58:00.665+0000] {manager.py:824} INFO - There are 0 files in /opt/airflow/dags
[2026-03-14T14:58:05.725+0000] {manager.py:821} INFO - Searching for files in /opt/airflow/dags
[2026-03-14T14:58:05.731+0000] {manager.py:824} INFO - There are 0 files in /opt/airflow/dags
[2026-03-14T14:58:10.785+0000] {manager.py:821} INFO - Searching for files in /opt/airflow/dags
[2026-03-14T14:58:10.793+0000] {manager.py:824} INFO - There are 0 files in /opt/airflow/dags
[2026-03-14T14:58:15.848+0000] {manager.py:821} INFO - Searching for files in /opt/airflow/dags
[2026-03-14T14:58:15.855+0000] {manager.py:824} INFO - There are 0 files in /opt/airflow/dags
[2026-03-14T14:58:20.912+0000] {manager.py:821} INFO - Searching for files in /opt/airflow/dags
[2026-03-14T14:58:20.919+0000] {manager.py:824} INFO - There are 0 files in /opt/airflow/dags
[2026-03-14T14:58:25.970+0000] {manager.py:821} INFO - Searching for files in /opt/airflow/dags
[2026-03-14T14:58:25.976+0000] {manager.py:824} INFO - There are 0 files in /opt/airflow/dags
[2026-03-14T14:58:31.028+0000] {manager.py:821} INFO - Searching for files in /opt/airflow/dags
[2026-03-14T14:58:31.035+0000] {manager.py:824} INFO - There are 0 files in /opt/airflow/dags
[2026-03-14T14:58:36.089+0000] {manager.py:821} INFO - Searching for files in /opt/airflow/dags
[2026-03-14T14:58:36.096+0000] {manager.py:824} INFO - There are 0 files in /opt/airflow/dags
[2026-03-14T14:58:41.150+0000] {manager.py:821} INFO - Searching for files in /opt/airflow/dags
[2026-03-14T14:58:41.158+0000] {manager.py:824} INFO - There are 0 files in /opt/airflow/dags
[2026-03-14T14:58:46.213+0000] {manager.py:821} INFO - Searching for files in /opt/airflow/dags
[2026-03-14T14:58:46.221+0000] {manager.py:824} INFO - There are 0 files in /opt/airflow/dags
[2026-03-14T14:58:51.276+0000] {manager.py:821} INFO - Searching for files in /opt/airflow/dags
[2026-03-14T14:58:51.284+0000] {manager.py:824} INFO - There are 0 files in /opt/airflow/dags
[2026-03-14T14:58:56.334+0000] {manager.py:821} INFO - Searching for files in /opt/airflow/dags
[2026-03-14T14:58:56.341+0000] {manager.py:824} INFO - There are 0 files in /opt/airflow/dags
[2026-03-14T14:59:01.417+0000] {manager.py:821} INFO - Searching for files in /opt/airflow/dags
[2026-03-14T14:59:01.425+0000] {manager.py:824} INFO - There are 0 files in /opt/airflow/dags
[2026-03-14T14:59:06.482+0000] {manager.py:821} INFO - Searching for files in /opt/airflow/dags
[2026-03-14T14:59:06.488+0000] {manager.py:824} INFO - There are 0 files in /opt/airflow/dags
[2026-03-14T14:59:11.546+0000] {manager.py:821} INFO - Searching for files in /opt/airflow/dags
[2026-03-14T14:59:11.552+0000] {manager.py:824} INFO - There are 0 files in /opt/airflow/dags
[2026-03-14T14:59:16.609+0000] {manager.py:821} INFO - Searching for files in /opt/airflow/dags
[2026-03-14T14:59:16.616+0000] {manager.py:824} INFO - There are 0 files in /opt/airflow/dags
[2026-03-14T14:59:21.671+0000] {manager.py:821} INFO - Searching for files in /opt/airflow/dags
[2026-03-14T14:59:21.677+0000] {manager.py:824} INFO - There are 0 files in /opt/airflow/dags
[2026-03-14T14:59:26.730+0000] {manager.py:821} INFO - Searching for files in /opt/airflow/dags
[2026-03-14T14:59:26.737+0000] {manager.py:824} INFO - There are 0 files in /opt/airflow/dags
[2026-03-14T14:59:31.791+0000] {manager.py:821} INFO - Searching for files in /opt/airflow/dags
[2026-03-14T14:59:31.798+0000] {manager.py:824} INFO - There are 0 files in /opt/airflow/dags
[2026-03-14T14:59:36.855+0000] {manager.py:821} INFO - Searching for files in /opt/airflow/dags
[2026-03-14T14:59:36.860+0000] {manager.py:824} INFO - There are 0 files in /opt/airflow/dags
[2026-03-14T14:59:41.914+0000] {manager.py:821} INFO - Searching for files in /opt/airflow/dags
[2026-03-14T14:59:41.920+0000] {manager.py:824} INFO - There are 0 files in /opt/airflow/dags
[2026-03-14T14:59:46.975+0000] {manager.py:821} INFO - Searching for files in /opt/airflow/dags
[2026-03-14T14:59:46.983+0000] {manager.py:824} INFO - There are 0 files in /opt/airflow/dags
[2026-03-14T14:59:52.039+0000] {manager.py:821} INFO - Searching for files in /opt/airflow/dags
[2026-03-14T14:59:52.045+0000] {manager.py:824} INFO - There are 0 files in /opt/airflow/dags
[2026-03-14T14:59:57.096+0000] {manager.py:821} INFO - Searching for files in /opt/airflow/dags
[2026-03-14T14:59:57.103+0000] {manager.py:824} INFO - There are 0 files in /opt/airflow/dags
[2026-03-14T15:00:02.155+0000] {manager.py:821} INFO - Searching for files in /opt/airflow/dags
[2026-03-14T15:00:02.161+0000] {manager.py:824} INFO - There are 0 files in /opt/airflow/dags
[2026-03-14T15:00:07.221+0000] {manager.py:821} INFO - Searching for files in /opt/airflow/dags
[2026-03-14T15:00:07.227+0000] {manager.py:824} INFO - There are 0 files in /opt/airflow/dags
[2026-03-14T15:00:12.292+0000] {manager.py:821} INFO - Searching for files in /opt/airflow/dags
[2026-03-14T15:00:12.297+0000] {manager.py:824} INFO - There are 0 files in /opt/airflow/dags
[2026-03-14T15:00:17.350+0000] {manager.py:821} INFO - Searching for files in /opt/airflow/dags
[2026-03-14T15:00:17.357+0000] {manager.py:824} INFO - There are 0 files in /opt/airflow/dags
[2026-03-14T15:00:22.413+0000] {manager.py:821} INFO - Searching for files in /opt/airflow/dags
[2026-03-14T15:00:22.421+0000] {manager.py:824} INFO - There are 0 files in /opt/airflow/dags
[2026-03-14T15:00:27.470+0000] {manager.py:821} INFO - Searching for files in /opt/airflow/dags
[2026-03-14T15:00:27.480+0000] {manager.py:824} INFO - There are 0 files in /opt/airflow/dags
[2026-03-14T15:00:32.538+0000] {manager.py:821} INFO - Searching for files in /opt/airflow/dags
[2026-03-14T15:00:32.545+0000] {manager.py:824} INFO - There are 0 files in /opt/airflow/dags
[2026-03-14T15:00:37.599+0000] {manager.py:821} INFO - Searching for files in /opt/airflow/dags
[2026-03-14T15:00:37.607+0000] {manager.py:824} INFO - There are 0 files in /opt/airflow/dags
[2026-03-14T15:00:42.659+0000] {manager.py:821} INFO - Searching for files in /opt/airflow/dags
[2026-03-14T15:00:42.666+0000] {manager.py:824} INFO - There are 0 files in /opt/airflow/dags
[2026-03-14T15:00:47.718+0000] {manager.py:821} INFO - Searching for files in /opt/airflow/dags
[2026-03-14T15:00:47.725+0000] {manager.py:824} INFO - There are 0 files in /opt/airflow/dags
[2026-03-14T15:00:52.778+0000] {manager.py:821} INFO - Searching for files in /opt/airflow/dags
[2026-03-14T15:00:52.785+0000] {manager.py:824} INFO - There are 0 files in /opt/airflow/dags
[2026-03-14T15:00:57.838+0000] {manager.py:821} INFO - Searching for files in /opt/airflow/dags
[2026-03-14T15:00:57.845+0000] {manager.py:824} INFO - There are 0 files in /opt/airflow/dags
[2026-03-14T15:01:02.902+0000] {manager.py:821} INFO - Searching for files in /opt/airflow/dags
[2026-03-14T15:01:02.909+0000] {manager.py:824} INFO - There are 0 files in /opt/airflow/dags
[2026-03-14T15:01:07.966+0000] {manager.py:821} INFO - Searching for files in /opt/airflow/dags
[2026-03-14T15:01:07.973+0000] {manager.py:824} INFO - There are 0 files in /opt/airflow/dags
[2026-03-14T15:01:13.029+0000] {manager.py:821} INFO - Searching for files in /opt/airflow/dags
[2026-03-14T15:01:13.036+0000] {manager.py:824} INFO - There are 0 files in /opt/airflow/dags
[2026-03-14T15:01:18.087+0000] {manager.py:821} INFO - Searching for files in /opt/airflow/dags
[2026-03-14T15:01:18.093+0000] {manager.py:824} INFO - There are 0 files in /opt/airflow/dags
[2026-03-14T15:01:23.150+0000] {manager.py:821} INFO - Searching for files in /opt/airflow/dags
[2026-03-14T15:01:23.157+0000] {manager.py:824} INFO - There are 0 files in /opt/airflow/dags
[2026-03-14T15:01:28.205+0000] {manager.py:821} INFO - Searching for files in /opt/airflow/dags
[2026-03-14T15:01:28.211+0000] {manager.py:824} INFO - There are 0 files in /opt/airflow/dags
[2026-03-14T15:01:33.264+0000] {manager.py:821} INFO - Searching for files in /opt/airflow/dags
[2026-03-14T15:01:33.270+0000] {manager.py:824} INFO - There are 0 files in /opt/airflow/dags
[2026-03-14T15:01:38.321+0000] {manager.py:821} INFO - Searching for files in /opt/airflow/dags
[2026-03-14T15:01:38.327+0000] {manager.py:824} INFO - There are 0 files in /opt/airflow/dags
[2026-03-14T15:01:43.382+0000] {manager.py:821} INFO - Searching for files in /opt/airflow/dags
[2026-03-14T15:01:43.389+0000] {manager.py:824} INFO - There are 0 files in /opt/airflow/dags
[2026-03-14T15:01:48.447+0000] {manager.py:821} INFO - Searching for files in /opt/airflow/dags
[2026-03-14T15:01:48.454+0000] {manager.py:824} INFO - There are 0 files in /opt/airflow/dags
[2026-03-14T15:01:53.507+0000] {manager.py:821} INFO - Searching for files in /opt/airflow/dags
[2026-03-14T15:01:53.513+0000] {manager.py:824} INFO - There are 0 files in /opt/airflow/dags
[2026-03-14T15:01:58.565+0000] {manager.py:821} INFO - Searching for files in /opt/airflow/dags
[2026-03-14T15:01:58.572+0000] {manager.py:824} INFO - There are 0 files in /opt/airflow/dags
[2026-03-14T15:02:03.627+0000] {manager.py:821} INFO - Searching for files in /opt/airflow/dags
[2026-03-14T15:02:03.634+0000] {manager.py:824} INFO - There are 0 files in /opt/airflow/dags
[2026-03-14T15:02:08.693+0000] {manager.py:821} INFO - Searching for files in /opt/airflow/dags
[2026-03-14T15:02:08.700+0000] {manager.py:824} INFO - There are 0 files in /opt/airflow/dags
[2026-03-14T15:02:13.759+0000] {manager.py:821} INFO - Searching for files in /opt/airflow/dags
[2026-03-14T15:02:13.783+0000] {manager.py:824} INFO - There are 0 files in /opt/airflow/dags
[2026-03-14T15:02:18.889+0000] {manager.py:821} INFO - Searching for files in /opt/airflow/dags
[2026-03-14T15:02:18.895+0000] {manager.py:824} INFO - There are 0 files in /opt/airflow/dags
[2026-03-14T15:02:23.962+0000] {manager.py:821} INFO - Searching for files in /opt/airflow/dags
[2026-03-14T15:02:23.969+0000] {manager.py:824} INFO - There are 0 files in /opt/airflow/dags
[2026-03-14T15:02:29.019+0000] {manager.py:821} INFO - Searching for files in /opt/airflow/dags
[2026-03-14T15:02:29.026+0000] {manager.py:824} INFO - There are 0 files in /opt/airflow/dags
[2026-03-14T15:02:34.078+0000] {manager.py:821} INFO - Searching for files in /opt/airflow/dags
[2026-03-14T15:02:34.085+0000] {manager.py:824} INFO - There are 0 files in /opt/airflow/dags
[2026-03-14T15:02:39.138+0000] {manager.py:821} INFO - Searching for files in /opt/airflow/dags
[2026-03-14T15:02:39.145+0000] {manager.py:824} INFO - There are 0 files in /opt/airflow/dags
[2026-03-14T15:02:44.198+0000] {manager.py:821} INFO - Searching for files in /opt/airflow/dags
[2026-03-14T15:02:44.204+0000] {manager.py:824} INFO - There are 0 files in /opt/airflow/dags
[2026-03-14T15:02:49.254+0000] {manager.py:821} INFO - Searching for files in /opt/airflow/dags
[2026-03-14T15:02:49.261+0000] {manager.py:824} INFO - There are 0 files in /opt/airflow/dags
[2026-03-14T15:02:54.314+0000] {manager.py:821} INFO - Searching for files in /opt/airflow/dags
[2026-03-14T15:02:54.321+0000] {manager.py:824} INFO - There are 0 files in /opt/airflow/dags
[2026-03-14T15:02:59.371+0000] {manager.py:821} INFO - Searching for files in /opt/airflow/dags
[2026-03-14T15:02:59.378+0000] {manager.py:824} INFO - There are 0 files in /opt/airflow/dags
[2026-03-14T15:03:04.432+0000] {manager.py:821} INFO - Searching for files in /opt/airflow/dags
[2026-03-14T15:03:04.439+0000] {manager.py:824} INFO - There are 0 files in /opt/airflow/dags
[2026-03-14T15:03:09.497+0000] {manager.py:821} INFO - Searching for files in /opt/airflow/dags
[2026-03-14T15:03:09.504+0000] {manager.py:824} INFO - There are 0 files in /opt/airflow/dags
[2026-03-14T15:03:14.557+0000] {manager.py:821} INFO - Searching for files in /opt/airflow/dags
[2026-03-14T15:03:14.564+0000] {manager.py:824} INFO - There are 0 files in /opt/airflow/dags
[2026-03-14T15:03:19.618+0000] {manager.py:821} INFO - Searching for files in /opt/airflow/dags
[2026-03-14T15:03:19.625+0000] {manager.py:824} INFO - There are 0 files in /opt/airflow/dags
[2026-03-14T15:03:24.674+0000] {manager.py:821} INFO - Searching for files in /opt/airflow/dags
[2026-03-14T15:03:24.682+0000] {manager.py:824} INFO - There are 0 files in /opt/airflow/dags
[2026-03-14T15:03:29.738+0000] {manager.py:821} INFO - Searching for files in /opt/airflow/dags
[2026-03-14T15:03:29.744+0000] {manager.py:824} INFO - There are 0 files in /opt/airflow/dags
[2026-03-14T15:03:34.794+0000] {manager.py:821} INFO - Searching for files in /opt/airflow/dags
[2026-03-14T15:03:34.799+0000] {manager.py:824} INFO - There are 0 files in /opt/airflow/dags
[2026-03-14T15:03:39.850+0000] {manager.py:821} INFO - Searching for files in /opt/airflow/dags
[2026-03-14T15:03:39.857+0000] {manager.py:824} INFO - There are 0 files in /opt/airflow/dags
[2026-03-14T15:03:44.911+0000] {manager.py:821} INFO - Searching for files in /opt/airflow/dags
[2026-03-14T15:03:44.918+0000] {manager.py:824} INFO - There are 0 files in /opt/airflow/dags
[2026-03-14T15:03:49.971+0000] {manager.py:821} INFO - Searching for files in /opt/airflow/dags
[2026-03-14T15:03:49.978+0000] {manager.py:824} INFO - There are 0 files in /opt/airflow/dags
[2026-03-14T15:03:55.026+0000] {manager.py:821} INFO - Searching for files in /opt/airflow/dags
[2026-03-14T15:03:55.033+0000] {manager.py:824} INFO - There are 0 files in /opt/airflow/dags
[2026-03-14T15:04:00.086+0000] {manager.py:821} INFO - Searching for files in /opt/airflow/dags
[2026-03-14T15:04:00.093+0000] {manager.py:824} INFO - There are 0 files in /opt/airflow/dags
[2026-03-14T15:04:05.143+0000] {manager.py:821} INFO - Searching for files in /opt/airflow/dags
[2026-03-14T15:04:05.150+0000] {manager.py:824} INFO - There are 0 files in /opt/airflow/dags
[2026-03-14T15:04:10.206+0000] {manager.py:821} INFO - Searching for files in /opt/airflow/dags
[2026-03-14T15:04:10.213+0000] {manager.py:824} INFO - There are 0 files in /opt/airflow/dags
[2026-03-14T15:04:15.264+0000] {manager.py:821} INFO - Searching for files in /opt/airflow/dags
[2026-03-14T15:04:15.271+0000] {manager.py:824} INFO - There are 0 files in /opt/airflow/dags
[2026-03-14T15:04:20.330+0000] {manager.py:821} INFO - Searching for files in /opt/airflow/dags
[2026-03-14T15:04:20.336+0000] {manager.py:824} INFO - There are 0 files in /opt/airflow/dags
[2026-03-14T15:04:25.383+0000] {manager.py:821} INFO - Searching for files in /opt/airflow/dags
[2026-03-14T15:04:25.389+0000] {manager.py:824} INFO - There are 0 files in /opt/airflow/dags
[2026-03-14T15:04:30.442+0000] {manager.py:821} INFO - Searching for files in /opt/airflow/dags
[2026-03-14T15:04:30.448+0000] {manager.py:824} INFO - There are 0 files in /opt/airflow/dags
[2026-03-14T15:04:35.501+0000] {manager.py:821} INFO - Searching for files in /opt/airflow/dags
[2026-03-14T15:04:35.508+0000] {manager.py:824} INFO - There are 0 files in /opt/airflow/dags
[2026-03-14T15:04:40.561+0000] {manager.py:821} INFO - Searching for files in /opt/airflow/dags
[2026-03-14T15:04:40.570+0000] {manager.py:824} INFO - There are 0 files in /opt/airflow/dags
[2026-03-14T15:04:45.632+0000] {manager.py:821} INFO - Searching for files in /opt/airflow/dags
[2026-03-14T15:04:45.639+0000] {manager.py:824} INFO - There are 0 files in /opt/airflow/dags
[2026-03-14T15:04:50.693+0000] {manager.py:821} INFO - Searching for files in /opt/airflow/dags
[2026-03-14T15:04:50.700+0000] {manager.py:824} INFO - There are 0 files in /opt/airflow/dags
[2026-03-14T15:04:55.751+0000] {manager.py:821} INFO - Searching for files in /opt/airflow/dags
[2026-03-14T15:04:55.757+0000] {manager.py:824} INFO - There are 0 files in /opt/airflow/dags
[2026-03-14T15:05:00.807+0000] {manager.py:821} INFO - Searching for files in /opt/airflow/dags
[2026-03-14T15:05:00.814+0000] {manager.py:824} INFO - There are 0 files in /opt/airflow/dags
[2026-03-14T15:05:05.867+0000] {manager.py:821} INFO - Searching for files in /opt/airflow/dags
[2026-03-14T15:05:05.874+0000] {manager.py:824} INFO - There are 0 files in /opt/airflow/dags
[2026-03-14T15:05:10.930+0000] {manager.py:821} INFO - Searching for files in /opt/airflow/dags
[2026-03-14T15:05:10.937+0000] {manager.py:824} INFO - There are 0 files in /opt/airflow/dags
[2026-03-14T15:05:15.990+0000] {manager.py:821} INFO - Searching for files in /opt/airflow/dags
[2026-03-14T15:05:15.998+0000] {manager.py:824} INFO - There are 0 files in /opt/airflow/dags
[2026-03-14T15:05:21.058+0000] {manager.py:821} INFO - Searching for files in /opt/airflow/dags
[2026-03-14T15:05:21.064+0000] {manager.py:824} INFO - There are 0 files in /opt/airflow/dags
[2026-03-14T15:05:26.104+0000] {manager.py:821} INFO - Searching for files in /opt/airflow/dags
[2026-03-14T15:05:26.111+0000] {manager.py:824} INFO - There are 0 files in /opt/airflow/dags
[2026-03-14T15:05:31.161+0000] {manager.py:821} INFO - Searching for files in /opt/airflow/dags
[2026-03-14T15:05:31.168+0000] {manager.py:824} INFO - There are 0 files in /opt/airflow/dags
[2026-03-14T15:05:36.220+0000] {manager.py:821} INFO - Searching for files in /opt/airflow/dags
[2026-03-14T15:05:36.226+0000] {manager.py:824} INFO - There are 0 files in /opt/airflow/dags
[2026-03-14T15:05:41.280+0000] {manager.py:821} INFO - Searching for files in /opt/airflow/dags
[2026-03-14T15:05:41.286+0000] {manager.py:824} INFO - There are 0 files in /opt/airflow/dags
[2026-03-14T15:05:46.339+0000] {manager.py:821} INFO - Searching for files in /opt/airflow/dags
[2026-03-14T15:05:46.345+0000] {manager.py:824} INFO - There are 0 files in /opt/airflow/dags
[2026-03-14T15:05:51.399+0000] {manager.py:821} INFO - Searching for files in /opt/airflow/dags
[2026-03-14T15:05:51.407+0000] {manager.py:824} INFO - There are 0 files in /opt/airflow/dags
[2026-03-14T15:05:56.466+0000] {manager.py:821} INFO - Searching for files in /opt/airflow/dags
[2026-03-14T15:05:56.473+0000] {manager.py:824} INFO - There are 0 files in /opt/airflow/dags
[2026-03-14T15:06:01.529+0000] {manager.py:821} INFO - Searching for files in /opt/airflow/dags
[2026-03-14T15:06:01.536+0000] {manager.py:824} INFO - There are 0 files in /opt/airflow/dags
[2026-03-14T15:06:06.584+0000] {manager.py:821} INFO - Searching for files in /opt/airflow/dags
[2026-03-14T15:06:06.591+0000] {manager.py:824} INFO - There are 0 files in /opt/airflow/dags
[2026-03-14T15:06:11.647+0000] {manager.py:821} INFO - Searching for files in /opt/airflow/dags
[2026-03-14T15:06:11.655+0000] {manager.py:824} INFO - There are 0 files in /opt/airflow/dags
[2026-03-14T15:06:16.707+0000] {manager.py:821} INFO - Searching for files in /opt/airflow/dags
[2026-03-14T15:06:16.713+0000] {manager.py:824} INFO - There are 0 files in /opt/airflow/dags
[2026-03-14T15:06:21.768+0000] {manager.py:821} INFO - Searching for files in /opt/airflow/dags
[2026-03-14T15:06:21.774+0000] {manager.py:824} INFO - There are 0 files in /opt/airflow/dags
[2026-03-14T15:06:26.822+0000] {manager.py:821} INFO - Searching for files in /opt/airflow/dags
[2026-03-14T15:06:26.828+0000] {manager.py:824} INFO - There are 0 files in /opt/airflow/dags
[2026-03-14T15:06:31.880+0000] {manager.py:821} INFO - Searching for files in /opt/airflow/dags
[2026-03-14T15:06:31.886+0000] {manager.py:824} INFO - There are 0 files in /opt/airflow/dags
[2026-03-14T15:06:36.940+0000] {manager.py:821} INFO - Searching for files in /opt/airflow/dags
[2026-03-14T15:06:36.948+0000] {manager.py:824} INFO - There are 0 files in /opt/airflow/dags
[2026-03-14T15:06:42.003+0000] {manager.py:821} INFO - Searching for files in /opt/airflow/dags
[2026-03-14T15:06:42.009+0000] {manager.py:824} INFO - There are 0 files in /opt/airflow/dags
[2026-03-14T15:06:47.060+0000] {manager.py:821} INFO - Searching for files in /opt/airflow/dags
[2026-03-14T15:06:47.067+0000] {manager.py:824} INFO - There are 0 files in /opt/airflow/dags
[2026-03-14T15:06:52.121+0000] {manager.py:821} INFO - Searching for files in /opt/airflow/dags
[2026-03-14T15:06:52.129+0000] {manager.py:824} INFO - There are 0 files in /opt/airflow/dags
[2026-03-14T15:06:57.185+0000] {manager.py:821} INFO - Searching for files in /opt/airflow/dags
[2026-03-14T15:06:57.192+0000] {manager.py:824} INFO - There are 0 files in /opt/airflow/dags
[2026-03-14T15:07:02.244+0000] {manager.py:821} INFO - Searching for files in /opt/airflow/dags
[2026-03-14T15:07:02.251+0000] {manager.py:824} INFO - There are 0 files in /opt/airflow/dags
[2026-03-14T15:07:07.302+0000] {manager.py:821} INFO - Searching for files in /opt/airflow/dags
[2026-03-14T15:07:07.309+0000] {manager.py:824} INFO - There are 0 files in /opt/airflow/dags
[2026-03-14T15:07:12.366+0000] {manager.py:821} INFO - Searching for files in /opt/airflow/dags
[2026-03-14T15:07:12.373+0000] {manager.py:824} INFO - There are 0 files in /opt/airflow/dags
[2026-03-14T15:07:17.425+0000] {manager.py:821} INFO - Searching for files in /opt/airflow/dags
[2026-03-14T15:07:17.432+0000] {manager.py:824} INFO - There are 0 files in /opt/airflow/dags
[2026-03-14T15:07:22.483+0000] {manager.py:821} INFO - Searching for files in /opt/airflow/dags
[2026-03-14T15:07:22.492+0000] {manager.py:824} INFO - There are 0 files in /opt/airflow/dags
[2026-03-14T15:07:27.542+0000] {manager.py:821} INFO - Searching for files in /opt/airflow/dags
[2026-03-14T15:07:27.548+0000] {manager.py:824} INFO - There are 0 files in /opt/airflow/dags
[2026-03-14T15:07:32.600+0000] {manager.py:821} INFO - Searching for files in /opt/airflow/dags
[2026-03-14T15:07:32.607+0000] {manager.py:824} INFO - There are 0 files in /opt/airflow/dags
[2026-03-14T15:07:37.677+0000] {manager.py:821} INFO - Searching for files in /opt/airflow/dags
[2026-03-14T15:07:37.684+0000] {manager.py:824} INFO - There are 0 files in /opt/airflow/dags
[2026-03-14T15:07:42.751+0000] {manager.py:821} INFO - Searching for files in /opt/airflow/dags
[2026-03-14T15:07:42.759+0000] {manager.py:824} INFO - There are 0 files in /opt/airflow/dags
[2026-03-14T15:07:47.822+0000] {manager.py:821} INFO - Searching for files in /opt/airflow/dags
[2026-03-14T15:07:47.835+0000] {manager.py:824} INFO - There are 0 files in /opt/airflow/dags
[2026-03-14T15:07:52.905+0000] {manager.py:821} INFO - Searching for files in /opt/airflow/dags
[2026-03-14T15:07:52.911+0000] {manager.py:824} INFO - There are 0 files in /opt/airflow/dags
[2026-03-14T15:07:57.957+0000] {manager.py:821} INFO - Searching for files in /opt/airflow/dags
[2026-03-14T15:07:57.965+0000] {manager.py:824} INFO - There are 0 files in /opt/airflow/dags
[2026-03-14T15:08:03.020+0000] {manager.py:821} INFO - Searching for files in /opt/airflow/dags
[2026-03-14T15:08:03.027+0000] {manager.py:824} INFO - There are 0 files in /opt/airflow/dags
[2026-03-14T15:08:08.084+0000] {manager.py:821} INFO - Searching for files in /opt/airflow/dags
[2026-03-14T15:08:08.269+0000] {manager.py:824} INFO - There are 0 files in /opt/airflow/dags
[2026-03-14T15:08:13.350+0000] {manager.py:821} INFO - Searching for files in /opt/airflow/dags
[2026-03-14T15:08:13.357+0000] {manager.py:824} INFO - There are 0 files in /opt/airflow/dags
[2026-03-14T15:08:18.412+0000] {manager.py:821} INFO - Searching for files in /opt/airflow/dags
[2026-03-14T15:08:18.420+0000] {manager.py:824} INFO - There are 0 files in /opt/airflow/dags
[2026-03-14T15:08:23.473+0000] {manager.py:821} INFO - Searching for files in /opt/airflow/dags
[2026-03-14T15:08:23.480+0000] {manager.py:824} INFO - There are 0 files in /opt/airflow/dags
[2026-03-14T15:08:28.526+0000] {manager.py:821} INFO - Searching for files in /opt/airflow/dags
[2026-03-14T15:08:28.532+0000] {manager.py:824} INFO - There are 0 files in /opt/airflow/dags
[2026-03-14T15:08:33.591+0000] {manager.py:821} INFO - Searching for files in /opt/airflow/dags
[2026-03-14T15:08:33.596+0000] {manager.py:824} INFO - There are 0 files in /opt/airflow/dags
[2026-03-14T15:08:38.649+0000] {manager.py:821} INFO - Searching for files in /opt/airflow/dags
[2026-03-14T15:08:38.655+0000] {manager.py:824} INFO - There are 0 files in /opt/airflow/dags
[2026-03-14T15:08:43.710+0000] {manager.py:821} INFO - Searching for files in /opt/airflow/dags
[2026-03-14T15:08:43.716+0000] {manager.py:824} INFO - There are 0 files in /opt/airflow/dags
[2026-03-14T15:08:48.768+0000] {manager.py:821} INFO - Searching for files in /opt/airflow/dags
[2026-03-14T15:08:48.774+0000] {manager.py:824} INFO - There are 0 files in /opt/airflow/dags
[2026-03-14T15:08:53.827+0000] {manager.py:821} INFO - Searching for files in /opt/airflow/dags
[2026-03-14T15:08:53.834+0000] {manager.py:824} INFO - There are 0 files in /opt/airflow/dags
[2026-03-14T15:08:58.873+0000] {manager.py:821} INFO - Searching for files in /opt/airflow/dags
[2026-03-14T15:08:58.884+0000] {manager.py:824} INFO - There are 0 files in /opt/airflow/dags
[2026-03-14T15:09:03.943+0000] {manager.py:821} INFO - Searching for files in /opt/airflow/dags
[2026-03-14T15:09:03.950+0000] {manager.py:824} INFO - There are 0 files in /opt/airflow/dags
[2026-03-14T15:09:09.004+0000] {manager.py:821} INFO - Searching for files in /opt/airflow/dags
[2026-03-14T15:09:09.011+0000] {manager.py:824} INFO - There are 0 files in /opt/airflow/dags
[2026-03-14T15:09:14.068+0000] {manager.py:821} INFO - Searching for files in /opt/airflow/dags
[2026-03-14T15:09:14.075+0000] {manager.py:824} INFO - There are 0 files in /opt/airflow/dags
[2026-03-14T15:09:19.129+0000] {manager.py:821} INFO - Searching for files in /opt/airflow/dags
[2026-03-14T15:09:19.137+0000] {manager.py:824} INFO - There are 0 files in /opt/airflow/dags
[2026-03-14T15:09:24.195+0000] {manager.py:821} INFO - Searching for files in /opt/airflow/dags
[2026-03-14T15:09:24.201+0000] {manager.py:824} INFO - There are 0 files in /opt/airflow/dags
[2026-03-14T15:09:29.259+0000] {manager.py:821} INFO - Searching for files in /opt/airflow/dags
[2026-03-14T15:09:29.265+0000] {manager.py:824} INFO - There are 0 files in /opt/airflow/dags
[2026-03-14T15:09:34.319+0000] {manager.py:821} INFO - Searching for files in /opt/airflow/dags
[2026-03-14T15:09:34.326+0000] {manager.py:824} INFO - There are 0 files in /opt/airflow/dags
[2026-03-14T15:09:39.379+0000] {manager.py:821} INFO - Searching for files in /opt/airflow/dags
[2026-03-14T15:09:39.385+0000] {manager.py:824} INFO - There are 0 files in /opt/airflow/dags
[2026-03-14T15:09:44.437+0000] {manager.py:821} INFO - Searching for files in /opt/airflow/dags
[2026-03-14T15:09:44.444+0000] {manager.py:824} INFO - There are 0 files in /opt/airflow/dags
[2026-03-14T15:09:49.497+0000] {manager.py:821} INFO - Searching for files in /opt/airflow/dags
[2026-03-14T15:09:49.504+0000] {manager.py:824} INFO - There are 0 files in /opt/airflow/dags
[2026-03-14T15:09:54.556+0000] {manager.py:821} INFO - Searching for files in /opt/airflow/dags
[2026-03-14T15:09:54.562+0000] {manager.py:824} INFO - There are 0 files in /opt/airflow/dags
[2026-03-14T15:09:59.607+0000] {manager.py:821} INFO - Searching for files in /opt/airflow/dags
[2026-03-14T15:09:59.614+0000] {manager.py:824} INFO - There are 0 files in /opt/airflow/dags
[2026-03-14T15:10:04.670+0000] {manager.py:821} INFO - Searching for files in /opt/airflow/dags
[2026-03-14T15:10:04.674+0000] {manager.py:824} INFO - There are 0 files in /opt/airflow/dags
[2026-03-14T15:10:09.725+0000] {manager.py:821} INFO - Searching for files in /opt/airflow/dags
[2026-03-14T15:10:09.732+0000] {manager.py:824} INFO - There are 0 files in /opt/airflow/dags
[2026-03-14T15:10:14.788+0000] {manager.py:821} INFO - Searching for files in /opt/airflow/dags
[2026-03-14T15:10:14.795+0000] {manager.py:824} INFO - There are 0 files in /opt/airflow/dags
[2026-03-14T15:10:19.847+0000] {manager.py:821} INFO - Searching for files in /opt/airflow/dags
[2026-03-14T15:10:19.854+0000] {manager.py:824} INFO - There are 0 files in /opt/airflow/dags
[2026-03-14T15:10:24.908+0000] {manager.py:821} INFO - Searching for files in /opt/airflow/dags
[2026-03-14T15:10:24.915+0000] {manager.py:824} INFO - There are 0 files in /opt/airflow/dags
[2026-03-14T15:10:29.970+0000] {manager.py:821} INFO - Searching for files in /opt/airflow/dags
[2026-03-14T15:10:29.977+0000] {manager.py:824} INFO - There are 0 files in /opt/airflow/dags
[2026-03-14T15:10:35.036+0000] {manager.py:821} INFO - Searching for files in /opt/airflow/dags
[2026-03-14T15:10:35.043+0000] {manager.py:824} INFO - There are 0 files in /opt/airflow/dags
[2026-03-14T15:10:40.100+0000] {manager.py:821} INFO - Searching for files in /opt/airflow/dags
[2026-03-14T15:10:40.107+0000] {manager.py:824} INFO - There are 0 files in /opt/airflow/dags
[2026-03-14T15:10:45.160+0000] {manager.py:821} INFO - Searching for files in /opt/airflow/dags
[2026-03-14T15:10:45.167+0000] {manager.py:824} INFO - There are 0 files in /opt/airflow/dags
[2026-03-14T15:10:50.220+0000] {manager.py:821} INFO - Searching for files in /opt/airflow/dags
[2026-03-14T15:10:50.226+0000] {manager.py:824} INFO - There are 0 files in /opt/airflow/dags
[2026-03-14T15:10:55.269+0000] {manager.py:821} INFO - Searching for files in /opt/airflow/dags
[2026-03-14T15:10:55.275+0000] {manager.py:824} INFO - There are 0 files in /opt/airflow/dags
[2026-03-14T15:11:00.334+0000] {manager.py:821} INFO - Searching for files in /opt/airflow/dags
[2026-03-14T15:11:00.341+0000] {manager.py:824} INFO - There are 0 files in /opt/airflow/dags
[2026-03-14T15:11:05.396+0000] {manager.py:821} INFO - Searching for files in /opt/airflow/dags
[2026-03-14T15:11:05.403+0000] {manager.py:824} INFO - There are 0 files in /opt/airflow/dags
[2026-03-14T15:11:10.456+0000] {manager.py:821} INFO - Searching for files in /opt/airflow/dags
[2026-03-14T15:11:10.463+0000] {manager.py:824} INFO - There are 0 files in /opt/airflow/dags
[2026-03-14T15:11:15.519+0000] {manager.py:821} INFO - Searching for files in /opt/airflow/dags
[2026-03-14T15:11:15.525+0000] {manager.py:824} INFO - There are 0 files in /opt/airflow/dags
[2026-03-14T15:11:20.578+0000] {manager.py:821} INFO - Searching for files in /opt/airflow/dags
[2026-03-14T15:11:20.586+0000] {manager.py:824} INFO - There are 0 files in /opt/airflow/dags
[2026-03-14T15:11:25.638+0000] {manager.py:821} INFO - Searching for files in /opt/airflow/dags
[2026-03-14T15:11:25.645+0000] {manager.py:824} INFO - There are 0 files in /opt/airflow/dags
[2026-03-14T15:11:30.704+0000] {manager.py:821} INFO - Searching for files in /opt/airflow/dags
[2026-03-14T15:11:30.711+0000] {manager.py:824} INFO - There are 0 files in /opt/airflow/dags
[2026-03-14T15:11:35.763+0000] {manager.py:821} INFO - Searching for files in /opt/airflow/dags
[2026-03-14T15:11:35.771+0000] {manager.py:824} INFO - There are 0 files in /opt/airflow/dags
[2026-03-14T15:11:40.824+0000] {manager.py:821} INFO - Searching for files in /opt/airflow/dags
[2026-03-14T15:11:40.831+0000] {manager.py:824} INFO - There are 0 files in /opt/airflow/dags
[2026-03-14T15:11:45.892+0000] {manager.py:821} INFO - Searching for files in /opt/airflow/dags
[2026-03-14T15:11:45.898+0000] {manager.py:824} INFO - There are 0 files in /opt/airflow/dags
[2026-03-14T15:11:50.952+0000] {manager.py:821} INFO - Searching for files in /opt/airflow/dags
[2026-03-14T15:11:50.958+0000] {manager.py:824} INFO - There are 0 files in /opt/airflow/dags
[2026-03-14T15:11:56.026+0000] {manager.py:821} INFO - Searching for files in /opt/airflow/dags
[2026-03-14T15:11:56.034+0000] {manager.py:824} INFO - There are 0 files in /opt/airflow/dags
[2026-03-14T15:12:01.097+0000] {manager.py:821} INFO - Searching for files in /opt/airflow/dags
[2026-03-14T15:12:01.104+0000] {manager.py:824} INFO - There are 0 files in /opt/airflow/dags
[2026-03-14T15:12:06.158+0000] {manager.py:821} INFO - Searching for files in /opt/airflow/dags
[2026-03-14T15:12:06.165+0000] {manager.py:824} INFO - There are 0 files in /opt/airflow/dags
[2026-03-14T15:12:11.215+0000] {manager.py:821} INFO - Searching for files in /opt/airflow/dags
[2026-03-14T15:12:11.221+0000] {manager.py:824} INFO - There are 0 files in /opt/airflow/dags
[2026-03-14T15:12:16.276+0000] {manager.py:821} INFO - Searching for files in /opt/airflow/dags
[2026-03-14T15:12:16.283+0000] {manager.py:824} INFO - There are 0 files in /opt/airflow/dags
[2026-03-14T15:12:21.334+0000] {manager.py:821} INFO - Searching for files in /opt/airflow/dags
[2026-03-14T15:12:21.341+0000] {manager.py:824} INFO - There are 0 files in /opt/airflow/dags
[2026-03-14T15:12:26.392+0000] {manager.py:821} INFO - Searching for files in /opt/airflow/dags
[2026-03-14T15:12:26.399+0000] {manager.py:824} INFO - There are 0 files in /opt/airflow/dags
[2026-03-14T15:12:31.457+0000] {manager.py:821} INFO - Searching for files in /opt/airflow/dags
[2026-03-14T15:12:31.472+0000] {manager.py:824} INFO - There are 0 files in /opt/airflow/dags
[2026-03-14T15:12:36.562+0000] {manager.py:821} INFO - Searching for files in /opt/airflow/dags
[2026-03-14T15:12:36.570+0000] {manager.py:824} INFO - There are 0 files in /opt/airflow/dags
[2026-03-14T15:12:41.634+0000] {manager.py:821} INFO - Searching for files in /opt/airflow/dags
[2026-03-14T15:12:41.640+0000] {manager.py:824} INFO - There are 0 files in /opt/airflow/dags
[2026-03-14T15:12:46.692+0000] {manager.py:821} INFO - Searching for files in /opt/airflow/dags
[2026-03-14T15:12:46.698+0000] {manager.py:824} INFO - There are 0 files in /opt/airflow/dags
[2026-03-14T15:12:51.750+0000] {manager.py:821} INFO - Searching for files in /opt/airflow/dags
[2026-03-14T15:12:51.755+0000] {manager.py:824} INFO - There are 0 files in /opt/airflow/dags
[2026-03-14T15:12:56.801+0000] {manager.py:821} INFO - Searching for files in /opt/airflow/dags
[2026-03-14T15:12:56.808+0000] {manager.py:824} INFO - There are 0 files in /opt/airflow/dags
[2026-03-14T15:13:01.862+0000] {manager.py:821} INFO - Searching for files in /opt/airflow/dags
[2026-03-14T15:13:01.870+0000] {manager.py:824} INFO - There are 0 files in /opt/airflow/dags
[2026-03-14T15:13:06.932+0000] {manager.py:821} INFO - Searching for files in /opt/airflow/dags
[2026-03-14T15:13:06.940+0000] {manager.py:824} INFO - There are 0 files in /opt/airflow/dags
[2026-03-14T15:13:11.990+0000] {manager.py:821} INFO - Searching for files in /opt/airflow/dags
[2026-03-14T15:13:11.997+0000] {manager.py:824} INFO - There are 0 files in /opt/airflow/dags
[2026-03-14T15:13:17.054+0000] {manager.py:821} INFO - Searching for files in /opt/airflow/dags
[2026-03-14T15:13:17.060+0000] {manager.py:824} INFO - There are 0 files in /opt/airflow/dags
[2026-03-14T15:13:22.113+0000] {manager.py:821} INFO - Searching for files in /opt/airflow/dags
[2026-03-14T15:13:22.119+0000] {manager.py:824} INFO - There are 0 files in /opt/airflow/dags
[2026-03-14T15:13:27.164+0000] {manager.py:821} INFO - Searching for files in /opt/airflow/dags
[2026-03-14T15:13:27.171+0000] {manager.py:824} INFO - There are 0 files in /opt/airflow/dags
[2026-03-14T15:13:32.227+0000] {manager.py:821} INFO - Searching for files in /opt/airflow/dags
[2026-03-14T15:13:32.234+0000] {manager.py:824} INFO - There are 0 files in /opt/airflow/dags
[2026-03-14T15:13:37.287+0000] {manager.py:821} INFO - Searching for files in /opt/airflow/dags
[2026-03-14T15:13:37.293+0000] {manager.py:824} INFO - There are 0 files in /opt/airflow/dags
[2026-03-14T15:13:42.347+0000] {manager.py:821} INFO - Searching for files in /opt/airflow/dags
[2026-03-14T15:13:42.354+0000] {manager.py:824} INFO - There are 0 files in /opt/airflow/dags
[2026-03-14T15:13:47.407+0000] {manager.py:821} INFO - Searching for files in /opt/airflow/dags
[2026-03-14T15:13:47.414+0000] {manager.py:824} INFO - There are 0 files in /opt/airflow/dags
[2026-03-14T15:13:52.466+0000] {manager.py:821} INFO - Searching for files in /opt/airflow/dags
[2026-03-14T15:13:52.473+0000] {manager.py:824} INFO - There are 0 files in /opt/airflow/dags
[2026-03-14T15:13:57.518+0000] {manager.py:821} INFO - Searching for files in /opt/airflow/dags
[2026-03-14T15:13:57.525+0000] {manager.py:824} INFO - There are 0 files in /opt/airflow/dags
[2026-03-14T15:14:02.580+0000] {manager.py:821} INFO - Searching for files in /opt/airflow/dags
[2026-03-14T15:14:02.587+0000] {manager.py:824} INFO - There are 0 files in /opt/airflow/dags
[2026-03-14T15:14:07.641+0000] {manager.py:821} INFO - Searching for files in /opt/airflow/dags
[2026-03-14T15:14:07.647+0000] {manager.py:824} INFO - There are 0 files in /opt/airflow/dags
[2026-03-14T15:14:12.700+0000] {manager.py:821} INFO - Searching for files in /opt/airflow/dags
[2026-03-14T15:14:12.706+0000] {manager.py:824} INFO - There are 0 files in /opt/airflow/dags
[2026-03-14T15:14:17.763+0000] {manager.py:821} INFO - Searching for files in /opt/airflow/dags
[2026-03-14T15:14:17.770+0000] {manager.py:824} INFO - There are 0 files in /opt/airflow/dags
[2026-03-14T15:14:22.822+0000] {manager.py:821} INFO - Searching for files in /opt/airflow/dags
[2026-03-14T15:14:22.829+0000] {manager.py:824} INFO - There are 0 files in /opt/airflow/dags
[2026-03-14T15:14:27.876+0000] {manager.py:821} INFO - Searching for files in /opt/airflow/dags
[2026-03-14T15:14:27.883+0000] {manager.py:824} INFO - There are 0 files in /opt/airflow/dags
[2026-03-14T15:14:32.936+0000] {manager.py:821} INFO - Searching for files in /opt/airflow/dags
[2026-03-14T15:14:32.944+0000] {manager.py:824} INFO - There are 0 files in /opt/airflow/dags
[2026-03-14T15:14:38.000+0000] {manager.py:821} INFO - Searching for files in /opt/airflow/dags
[2026-03-14T15:14:38.007+0000] {manager.py:824} INFO - There are 0 files in /opt/airflow/dags
[2026-03-14T15:14:43.062+0000] {manager.py:821} INFO - Searching for files in /opt/airflow/dags
[2026-03-14T15:14:43.069+0000] {manager.py:824} INFO - There are 0 files in /opt/airflow/dags
[2026-03-14T15:14:48.119+0000] {manager.py:821} INFO - Searching for files in /opt/airflow/dags
[2026-03-14T15:14:48.127+0000] {manager.py:824} INFO - There are 0 files in /opt/airflow/dags
[2026-03-14T15:14:53.178+0000] {manager.py:821} INFO - Searching for files in /opt/airflow/dags
[2026-03-14T15:14:53.185+0000] {manager.py:824} INFO - There are 0 files in /opt/airflow/dags
[2026-03-14T15:14:58.231+0000] {manager.py:821} INFO - Searching for files in /opt/airflow/dags
[2026-03-14T15:14:58.238+0000] {manager.py:824} INFO - There are 0 files in /opt/airflow/dags
[2026-03-14T15:15:03.290+0000] {manager.py:821} INFO - Searching for files in /opt/airflow/dags
[2026-03-14T15:15:03.297+0000] {manager.py:824} INFO - There are 0 files in /opt/airflow/dags
[2026-03-14T15:15:08.350+0000] {manager.py:821} INFO - Searching for files in /opt/airflow/dags
[2026-03-14T15:15:08.357+0000] {manager.py:824} INFO - There are 0 files in /opt/airflow/dags
[2026-03-14T15:15:13.410+0000] {manager.py:821} INFO - Searching for files in /opt/airflow/dags
[2026-03-14T15:15:13.417+0000] {manager.py:824} INFO - There are 0 files in /opt/airflow/dags
[2026-03-14T15:15:18.475+0000] {manager.py:821} INFO - Searching for files in /opt/airflow/dags
[2026-03-14T15:15:18.481+0000] {manager.py:824} INFO - There are 0 files in /opt/airflow/dags
[2026-03-14T15:15:23.534+0000] {manager.py:821} INFO - Searching for files in /opt/airflow/dags
[2026-03-14T15:15:23.541+0000] {manager.py:824} INFO - There are 0 files in /opt/airflow/dags
[2026-03-14T15:15:28.586+0000] {manager.py:821} INFO - Searching for files in /opt/airflow/dags
[2026-03-14T15:15:28.594+0000] {manager.py:824} INFO - There are 0 files in /opt/airflow/dags
[2026-03-14T15:15:33.648+0000] {manager.py:821} INFO - Searching for files in /opt/airflow/dags
[2026-03-14T15:15:33.655+0000] {manager.py:824} INFO - There are 0 files in /opt/airflow/dags
[2026-03-14T15:15:38.706+0000] {manager.py:821} INFO - Searching for files in /opt/airflow/dags
[2026-03-14T15:15:38.712+0000] {manager.py:824} INFO - There are 0 files in /opt/airflow/dags
[2026-03-14T15:15:43.767+0000] {manager.py:821} INFO - Searching for files in /opt/airflow/dags
[2026-03-14T15:15:43.775+0000] {manager.py:824} INFO - There are 0 files in /opt/airflow/dags
[2026-03-14T15:15:48.829+0000] {manager.py:821} INFO - Searching for files in /opt/airflow/dags
[2026-03-14T15:15:48.836+0000] {manager.py:824} INFO - There are 0 files in /opt/airflow/dags
[2026-03-14T15:15:53.888+0000] {manager.py:821} INFO - Searching for files in /opt/airflow/dags
[2026-03-14T15:15:53.895+0000] {manager.py:824} INFO - There are 0 files in /opt/airflow/dags
[2026-03-14T15:15:58.943+0000] {manager.py:821} INFO - Searching for files in /opt/airflow/dags
[2026-03-14T15:15:58.951+0000] {manager.py:824} INFO - There are 0 files in /opt/airflow/dags
[2026-03-14T15:16:04.010+0000] {manager.py:821} INFO - Searching for files in /opt/airflow/dags
[2026-03-14T15:16:04.017+0000] {manager.py:824} INFO - There are 0 files in /opt/airflow/dags
[2026-03-14T15:16:09.074+0000] {manager.py:821} INFO - Searching for files in /opt/airflow/dags
[2026-03-14T15:16:09.081+0000] {manager.py:824} INFO - There are 0 files in /opt/airflow/dags
[2026-03-14T15:16:14.133+0000] {manager.py:821} INFO - Searching for files in /opt/airflow/dags
[2026-03-14T15:16:14.140+0000] {manager.py:824} INFO - There are 0 files in /opt/airflow/dags
[2026-03-14T15:16:19.200+0000] {manager.py:821} INFO - Searching for files in /opt/airflow/dags
[2026-03-14T15:16:19.207+0000] {manager.py:824} INFO - There are 0 files in /opt/airflow/dags
[2026-03-14T15:16:24.264+0000] {manager.py:821} INFO - Searching for files in /opt/airflow/dags
[2026-03-14T15:16:24.271+0000] {manager.py:824} INFO - There are 0 files in /opt/airflow/dags
[2026-03-14T15:16:29.316+0000] {manager.py:821} INFO - Searching for files in /opt/airflow/dags
[2026-03-14T15:16:29.323+0000] {manager.py:824} INFO - There are 0 files in /opt/airflow/dags
[2026-03-14T15:16:34.375+0000] {manager.py:821} INFO - Searching for files in /opt/airflow/dags
[2026-03-14T15:16:34.383+0000] {manager.py:824} INFO - There are 0 files in /opt/airflow/dags
[2026-03-14T15:16:39.439+0000] {manager.py:821} INFO - Searching for files in /opt/airflow/dags
[2026-03-14T15:16:39.447+0000] {manager.py:824} INFO - There are 0 files in /opt/airflow/dags
[2026-03-14T15:16:44.501+0000] {manager.py:821} INFO - Searching for files in /opt/airflow/dags
[2026-03-14T15:16:44.508+0000] {manager.py:824} INFO - There are 0 files in /opt/airflow/dags
[2026-03-14T15:16:49.561+0000] {manager.py:821} INFO - Searching for files in /opt/airflow/dags
[2026-03-14T15:16:49.568+0000] {manager.py:824} INFO - There are 0 files in /opt/airflow/dags
[2026-03-14T15:16:54.619+0000] {manager.py:821} INFO - Searching for files in /opt/airflow/dags
[2026-03-14T15:16:54.626+0000] {manager.py:824} INFO - There are 0 files in /opt/airflow/dags
[2026-03-14T15:16:59.674+0000] {manager.py:821} INFO - Searching for files in /opt/airflow/dags
[2026-03-14T15:16:59.680+0000] {manager.py:824} INFO - There are 0 files in /opt/airflow/dags
[2026-03-14T15:17:04.741+0000] {manager.py:821} INFO - Searching for files in /opt/airflow/dags
[2026-03-14T15:17:04.747+0000] {manager.py:824} INFO - There are 0 files in /opt/airflow/dags
[2026-03-14T15:17:09.808+0000] {manager.py:821} INFO - Searching for files in /opt/airflow/dags
[2026-03-14T15:17:09.814+0000] {manager.py:824} INFO - There are 0 files in /opt/airflow/dags
[2026-03-14T15:17:14.868+0000] {manager.py:821} INFO - Searching for files in /opt/airflow/dags
[2026-03-14T15:17:14.874+0000] {manager.py:824} INFO - There are 0 files in /opt/airflow/dags
[2026-03-14T15:17:19.942+0000] {manager.py:821} INFO - Searching for files in /opt/airflow/dags
[2026-03-14T15:17:19.950+0000] {manager.py:824} INFO - There are 0 files in /opt/airflow/dags
[2026-03-14T15:17:25.003+0000] {manager.py:821} INFO - Searching for files in /opt/airflow/dags
[2026-03-14T15:17:25.008+0000] {manager.py:824} INFO - There are 0 files in /opt/airflow/dags
[2026-03-14T15:17:30.068+0000] {manager.py:821} INFO - Searching for files in /opt/airflow/dags
[2026-03-14T15:17:30.074+0000] {manager.py:824} INFO - There are 0 files in /opt/airflow/dags
[2026-03-14T15:17:35.201+0000] {manager.py:821} INFO - Searching for files in /opt/airflow/dags
[2026-03-14T15:17:35.330+0000] {manager.py:824} INFO - There are 0 files in /opt/airflow/dags
[2026-03-14T15:17:40.424+0000] {manager.py:821} INFO - Searching for files in /opt/airflow/dags
[2026-03-14T15:17:40.434+0000] {manager.py:824} INFO - There are 0 files in /opt/airflow/dags
[2026-03-14T15:17:45.538+0000] {manager.py:821} INFO - Searching for files in /opt/airflow/dags
[2026-03-14T15:17:45.548+0000] {manager.py:824} INFO - There are 0 files in /opt/airflow/dags
[2026-03-14T15:17:50.624+0000] {manager.py:821} INFO - Searching for files in /opt/airflow/dags
[2026-03-14T15:17:50.631+0000] {manager.py:824} INFO - There are 0 files in /opt/airflow/dags
[2026-03-14T15:17:55.679+0000] {manager.py:821} INFO - Searching for files in /opt/airflow/dags
[2026-03-14T15:17:55.686+0000] {manager.py:824} INFO - There are 0 files in /opt/airflow/dags
[2026-03-14T15:18:00.740+0000] {manager.py:821} INFO - Searching for files in /opt/airflow/dags
[2026-03-14T15:18:00.748+0000] {manager.py:824} INFO - There are 0 files in /opt/airflow/dags
[2026-03-14T15:18:05.800+0000] {manager.py:821} INFO - Searching for files in /opt/airflow/dags
[2026-03-14T15:18:05.808+0000] {manager.py:824} INFO - There are 0 files in /opt/airflow/dags
[2026-03-14T15:18:10.864+0000] {manager.py:821} INFO - Searching for files in /opt/airflow/dags
[2026-03-14T15:18:10.871+0000] {manager.py:824} INFO - There are 0 files in /opt/airflow/dags
[2026-03-14T15:18:15.925+0000] {manager.py:821} INFO - Searching for files in /opt/airflow/dags
[2026-03-14T15:18:15.931+0000] {manager.py:824} INFO - There are 0 files in /opt/airflow/dags
[2026-03-14T15:18:20.988+0000] {manager.py:821} INFO - Searching for files in /opt/airflow/dags
[2026-03-14T15:18:20.995+0000] {manager.py:824} INFO - There are 0 files in /opt/airflow/dags
[2026-03-14T15:18:26.042+0000] {manager.py:821} INFO - Searching for files in /opt/airflow/dags
[2026-03-14T15:18:26.049+0000] {manager.py:824} INFO - There are 0 files in /opt/airflow/dags
[2026-03-14T15:18:31.101+0000] {manager.py:821} INFO - Searching for files in /opt/airflow/dags
[2026-03-14T15:18:31.108+0000] {manager.py:824} INFO - There are 0 files in /opt/airflow/dags
[2026-03-14T15:18:36.163+0000] {manager.py:821} INFO - Searching for files in /opt/airflow/dags
[2026-03-14T15:18:36.169+0000] {manager.py:824} INFO - There are 0 files in /opt/airflow/dags
[2026-03-14T15:18:41.226+0000] {manager.py:821} INFO - Searching for files in /opt/airflow/dags
[2026-03-14T15:18:41.232+0000] {manager.py:824} INFO - There are 0 files in /opt/airflow/dags
[2026-03-14T15:18:46.288+0000] {manager.py:821} INFO - Searching for files in /opt/airflow/dags
[2026-03-14T15:18:46.295+0000] {manager.py:824} INFO - There are 0 files in /opt/airflow/dags
[2026-03-14T15:18:51.348+0000] {manager.py:821} INFO - Searching for files in /opt/airflow/dags
[2026-03-14T15:18:51.355+0000] {manager.py:824} INFO - There are 0 files in /opt/airflow/dags
[2026-03-14T15:18:56.404+0000] {manager.py:821} INFO - Searching for files in /opt/airflow/dags
[2026-03-14T15:18:56.410+0000] {manager.py:824} INFO - There are 0 files in /opt/airflow/dags
[2026-03-14T15:19:01.463+0000] {manager.py:821} INFO - Searching for files in /opt/airflow/dags
[2026-03-14T15:19:01.469+0000] {manager.py:824} INFO - There are 0 files in /opt/airflow/dags
[2026-03-14T15:19:06.525+0000] {manager.py:821} INFO - Searching for files in /opt/airflow/dags
[2026-03-14T15:19:06.533+0000] {manager.py:824} INFO - There are 0 files in /opt/airflow/dags
[2026-03-14T15:19:11.585+0000] {manager.py:821} INFO - Searching for files in /opt/airflow/dags
[2026-03-14T15:19:11.591+0000] {manager.py:824} INFO - There are 0 files in /opt/airflow/dags
[2026-03-14T15:19:16.643+0000] {manager.py:821} INFO - Searching for files in /opt/airflow/dags
[2026-03-14T15:19:16.650+0000] {manager.py:824} INFO - There are 0 files in /opt/airflow/dags
[2026-03-14T15:19:21.707+0000] {manager.py:821} INFO - Searching for files in /opt/airflow/dags
[2026-03-14T15:19:21.714+0000] {manager.py:824} INFO - There are 0 files in /opt/airflow/dags
[2026-03-14T15:19:26.760+0000] {manager.py:821} INFO - Searching for files in /opt/airflow/dags
[2026-03-14T15:19:26.767+0000] {manager.py:824} INFO - There are 0 files in /opt/airflow/dags
[2026-03-14T15:19:31.821+0000] {manager.py:821} INFO - Searching for files in /opt/airflow/dags
[2026-03-14T15:19:31.827+0000] {manager.py:824} INFO - There are 0 files in /opt/airflow/dags
[2026-03-14T15:19:36.881+0000] {manager.py:821} INFO - Searching for files in /opt/airflow/dags
[2026-03-14T15:19:36.888+0000] {manager.py:824} INFO - There are 0 files in /opt/airflow/dags
[2026-03-14T15:19:41.944+0000] {manager.py:821} INFO - Searching for files in /opt/airflow/dags
[2026-03-14T15:19:41.950+0000] {manager.py:824} INFO - There are 0 files in /opt/airflow/dags
[2026-03-14T15:19:47.004+0000] {manager.py:821} INFO - Searching for files in /opt/airflow/dags
[2026-03-14T15:19:47.011+0000] {manager.py:824} INFO - There are 0 files in /opt/airflow/dags
[2026-03-14T15:19:52.063+0000] {manager.py:821} INFO - Searching for files in /opt/airflow/dags
[2026-03-14T15:19:52.070+0000] {manager.py:824} INFO - There are 0 files in /opt/airflow/dags
[2026-03-14T15:19:57.121+0000] {manager.py:821} INFO - Searching for files in /opt/airflow/dags
[2026-03-14T15:19:57.128+0000] {manager.py:824} INFO - There are 0 files in /opt/airflow/dags
[2026-03-14T15:20:02.188+0000] {manager.py:821} INFO - Searching for files in /opt/airflow/dags
[2026-03-14T15:20:02.195+0000] {manager.py:824} INFO - There are 0 files in /opt/airflow/dags
[2026-03-14T15:20:07.252+0000] {manager.py:821} INFO - Searching for files in /opt/airflow/dags
[2026-03-14T15:20:07.260+0000] {manager.py:824} INFO - There are 0 files in /opt/airflow/dags
[2026-03-14T15:20:12.317+0000] {manager.py:821} INFO - Searching for files in /opt/airflow/dags
[2026-03-14T15:20:12.324+0000] {manager.py:824} INFO - There are 0 files in /opt/airflow/dags
[2026-03-14T15:20:17.376+0000] {manager.py:821} INFO - Searching for files in /opt/airflow/dags
[2026-03-14T15:20:17.383+0000] {manager.py:824} INFO - There are 0 files in /opt/airflow/dags
[2026-03-14T15:20:22.439+0000] {manager.py:821} INFO - Searching for files in /opt/airflow/dags
[2026-03-14T15:20:22.446+0000] {manager.py:824} INFO - There are 0 files in /opt/airflow/dags
[2026-03-14T15:20:27.493+0000] {manager.py:821} INFO - Searching for files in /opt/airflow/dags
[2026-03-14T15:20:27.500+0000] {manager.py:824} INFO - There are 0 files in /opt/airflow/dags
[2026-03-14T15:20:32.555+0000] {manager.py:821} INFO - Searching for files in /opt/airflow/dags
[2026-03-14T15:20:32.562+0000] {manager.py:824} INFO - There are 0 files in /opt/airflow/dags
[2026-03-14T15:20:37.619+0000] {manager.py:821} INFO - Searching for files in /opt/airflow/dags
[2026-03-14T15:20:37.626+0000] {manager.py:824} INFO - There are 0 files in /opt/airflow/dags
[2026-03-14T15:20:42.681+0000] {manager.py:821} INFO - Searching for files in /opt/airflow/dags
[2026-03-14T15:20:42.689+0000] {manager.py:824} INFO - There are 0 files in /opt/airflow/dags
[2026-03-14T15:20:47.742+0000] {manager.py:821} INFO - Searching for files in /opt/airflow/dags
[2026-03-14T15:20:47.749+0000] {manager.py:824} INFO - There are 0 files in /opt/airflow/dags
[2026-03-14T15:20:52.802+0000] {manager.py:821} INFO - Searching for files in /opt/airflow/dags
[2026-03-14T15:20:52.809+0000] {manager.py:824} INFO - There are 0 files in /opt/airflow/dags
[2026-03-14T15:20:57.853+0000] {manager.py:821} INFO - Searching for files in /opt/airflow/dags
[2026-03-14T15:20:57.860+0000] {manager.py:824} INFO - There are 0 files in /opt/airflow/dags
[2026-03-14T15:21:02.912+0000] {manager.py:821} INFO - Searching for files in /opt/airflow/dags
[2026-03-14T15:21:02.917+0000] {manager.py:824} INFO - There are 0 files in /opt/airflow/dags
[2026-03-14T15:21:07.978+0000] {manager.py:821} INFO - Searching for files in /opt/airflow/dags
[2026-03-14T15:21:07.985+0000] {manager.py:824} INFO - There are 0 files in /opt/airflow/dags
[2026-03-14T15:21:13.036+0000] {manager.py:821} INFO - Searching for files in /opt/airflow/dags
[2026-03-14T15:21:13.043+0000] {manager.py:824} INFO - There are 0 files in /opt/airflow/dags
[2026-03-14T15:21:18.097+0000] {manager.py:821} INFO - Searching for files in /opt/airflow/dags
[2026-03-14T15:21:18.104+0000] {manager.py:824} INFO - There are 0 files in /opt/airflow/dags
[2026-03-14T15:21:23.160+0000] {manager.py:821} INFO - Searching for files in /opt/airflow/dags
[2026-03-14T15:21:23.168+0000] {manager.py:824} INFO - There are 0 files in /opt/airflow/dags
[2026-03-14T15:21:28.218+0000] {manager.py:821} INFO - Searching for files in /opt/airflow/dags
[2026-03-14T15:21:28.225+0000] {manager.py:824} INFO - There are 0 files in /opt/airflow/dags
[2026-03-14T15:21:33.278+0000] {manager.py:821} INFO - Searching for files in /opt/airflow/dags
[2026-03-14T15:21:33.284+0000] {manager.py:824} INFO - There are 0 files in /opt/airflow/dags
[2026-03-14T15:21:38.336+0000] {manager.py:821} INFO - Searching for files in /opt/airflow/dags
[2026-03-14T15:21:38.344+0000] {manager.py:824} INFO - There are 0 files in /opt/airflow/dags
[2026-03-14T15:21:43.400+0000] {manager.py:821} INFO - Searching for files in /opt/airflow/dags
[2026-03-14T15:21:43.407+0000] {manager.py:824} INFO - There are 0 files in /opt/airflow/dags
[2026-03-14T15:21:48.466+0000] {manager.py:821} INFO - Searching for files in /opt/airflow/dags
[2026-03-14T15:21:48.473+0000] {manager.py:824} INFO - There are 0 files in /opt/airflow/dags
[2026-03-14T15:21:53.527+0000] {manager.py:821} INFO - Searching for files in /opt/airflow/dags
[2026-03-14T15:21:53.534+0000] {manager.py:824} INFO - There are 0 files in /opt/airflow/dags
[2026-03-14T15:21:58.598+0000] {manager.py:821} INFO - Searching for files in /opt/airflow/dags
[2026-03-14T15:21:58.606+0000] {manager.py:824} INFO - There are 0 files in /opt/airflow/dags
[2026-03-14T15:22:03.692+0000] {manager.py:821} INFO - Searching for files in /opt/airflow/dags
[2026-03-14T15:22:03.711+0000] {manager.py:824} INFO - There are 0 files in /opt/airflow/dags
[2026-03-14T15:22:08.789+0000] {manager.py:821} INFO - Searching for files in /opt/airflow/dags
[2026-03-14T15:22:08.795+0000] {manager.py:824} INFO - There are 0 files in /opt/airflow/dags
[2026-03-14T15:22:13.852+0000] {manager.py:821} INFO - Searching for files in /opt/airflow/dags
[2026-03-14T15:22:13.860+0000] {manager.py:824} INFO - There are 0 files in /opt/airflow/dags
[2026-03-14T15:22:18.929+0000] {manager.py:821} INFO - Searching for files in /opt/airflow/dags
[2026-03-14T15:22:18.940+0000] {manager.py:824} INFO - There are 0 files in /opt/airflow/dags
[2026-03-14T15:22:24.007+0000] {manager.py:821} INFO - Searching for files in /opt/airflow/dags
[2026-03-14T15:22:24.016+0000] {manager.py:824} INFO - There are 0 files in /opt/airflow/dags
[2026-03-14T15:22:29.074+0000] {manager.py:821} INFO - Searching for files in /opt/airflow/dags
[2026-03-14T15:22:29.084+0000] {manager.py:824} INFO - There are 0 files in /opt/airflow/dags
[2026-03-14T15:22:34.145+0000] {manager.py:821} INFO - Searching for files in /opt/airflow/dags
[2026-03-14T15:22:34.151+0000] {manager.py:824} INFO - There are 0 files in /opt/airflow/dags
[2026-03-14T15:22:39.207+0000] {manager.py:821} INFO - Searching for files in /opt/airflow/dags
[2026-03-14T15:22:39.216+0000] {manager.py:824} INFO - There are 0 files in /opt/airflow/dags
[2026-03-14T15:22:44.279+0000] {manager.py:821} INFO - Searching for files in /opt/airflow/dags
[2026-03-14T15:22:44.287+0000] {manager.py:824} INFO - There are 0 files in /opt/airflow/dags
[2026-03-14T15:22:49.349+0000] {manager.py:821} INFO - Searching for files in /opt/airflow/dags
[2026-03-14T15:22:49.412+0000] {manager.py:824} INFO - There are 0 files in /opt/airflow/dags
[2026-03-14T15:22:54.482+0000] {manager.py:821} INFO - Searching for files in /opt/airflow/dags
[2026-03-14T15:22:54.489+0000] {manager.py:824} INFO - There are 0 files in /opt/airflow/dags
[2026-03-14T15:22:59.530+0000] {manager.py:821} INFO - Searching for files in /opt/airflow/dags
[2026-03-14T15:22:59.537+0000] {manager.py:824} INFO - There are 0 files in /opt/airflow/dags
[2026-03-14T15:23:04.622+0000] {manager.py:821} INFO - Searching for files in /opt/airflow/dags
[2026-03-14T15:23:04.629+0000] {manager.py:824} INFO - There are 0 files in /opt/airflow/dags
[2026-03-14T15:23:09.686+0000] {manager.py:821} INFO - Searching for files in /opt/airflow/dags
[2026-03-14T15:23:09.693+0000] {manager.py:824} INFO - There are 0 files in /opt/airflow/dags
[2026-03-14T15:23:14.746+0000] {manager.py:821} INFO - Searching for files in /opt/airflow/dags
[2026-03-14T15:23:14.753+0000] {manager.py:824} INFO - There are 0 files in /opt/airflow/dags
[2026-03-14T15:23:19.806+0000] {manager.py:821} INFO - Searching for files in /opt/airflow/dags
[2026-03-14T15:23:19.811+0000] {manager.py:824} INFO - There are 0 files in /opt/airflow/dags
[2026-03-14T15:23:24.862+0000] {manager.py:821} INFO - Searching for files in /opt/airflow/dags
[2026-03-14T15:23:24.869+0000] {manager.py:824} INFO - There are 0 files in /opt/airflow/dags
[2026-03-14T15:23:29.921+0000] {manager.py:821} INFO - Searching for files in /opt/airflow/dags
[2026-03-14T15:23:29.928+0000] {manager.py:824} INFO - There are 0 files in /opt/airflow/dags
[2026-03-14T15:23:34.982+0000] {manager.py:821} INFO - Searching for files in /opt/airflow/dags
[2026-03-14T15:23:34.988+0000] {manager.py:824} INFO - There are 0 files in /opt/airflow/dags
[2026-03-14T15:23:40.042+0000] {manager.py:821} INFO - Searching for files in /opt/airflow/dags
[2026-03-14T15:23:40.048+0000] {manager.py:824} INFO - There are 0 files in /opt/airflow/dags
[2026-03-14T15:23:45.101+0000] {manager.py:821} INFO - Searching for files in /opt/airflow/dags
[2026-03-14T15:23:45.107+0000] {manager.py:824} INFO - There are 0 files in /opt/airflow/dags
[2026-03-14T15:23:50.163+0000] {manager.py:821} INFO - Searching for files in /opt/airflow/dags
[2026-03-14T15:23:50.169+0000] {manager.py:824} INFO - There are 0 files in /opt/airflow/dags
[2026-03-14T15:23:55.216+0000] {manager.py:821} INFO - Searching for files in /opt/airflow/dags
[2026-03-14T15:23:55.224+0000] {manager.py:824} INFO - There are 0 files in /opt/airflow/dags
[2026-03-14T15:24:00.276+0000] {manager.py:821} INFO - Searching for files in /opt/airflow/dags
[2026-03-14T15:24:00.283+0000] {manager.py:824} INFO - There are 0 files in /opt/airflow/dags
[2026-03-14T15:24:05.339+0000] {manager.py:821} INFO - Searching for files in /opt/airflow/dags
[2026-03-14T15:24:05.345+0000] {manager.py:824} INFO - There are 0 files in /opt/airflow/dags
[2026-03-14T15:24:10.398+0000] {manager.py:821} INFO - Searching for files in /opt/airflow/dags
[2026-03-14T15:24:10.404+0000] {manager.py:824} INFO - There are 0 files in /opt/airflow/dags
[2026-03-14T15:24:15.458+0000] {manager.py:821} INFO - Searching for files in /opt/airflow/dags
[2026-03-14T15:24:15.465+0000] {manager.py:824} INFO - There are 0 files in /opt/airflow/dags
[2026-03-14T15:24:20.518+0000] {manager.py:821} INFO - Searching for files in /opt/airflow/dags
[2026-03-14T15:24:20.524+0000] {manager.py:824} INFO - There are 0 files in /opt/airflow/dags
[2026-03-14T15:24:25.578+0000] {manager.py:821} INFO - Searching for files in /opt/airflow/dags
[2026-03-14T15:24:25.585+0000] {manager.py:824} INFO - There are 0 files in /opt/airflow/dags
[2026-03-14T15:24:30.638+0000] {manager.py:821} INFO - Searching for files in /opt/airflow/dags
[2026-03-14T15:24:30.645+0000] {manager.py:824} INFO - There are 0 files in /opt/airflow/dags
[2026-03-14T15:24:35.702+0000] {manager.py:821} INFO - Searching for files in /opt/airflow/dags
[2026-03-14T15:24:35.708+0000] {manager.py:824} INFO - There are 0 files in /opt/airflow/dags
[2026-03-14T15:24:40.763+0000] {manager.py:821} INFO - Searching for files in /opt/airflow/dags
[2026-03-14T15:24:40.770+0000] {manager.py:824} INFO - There are 0 files in /opt/airflow/dags
[2026-03-14T15:24:45.826+0000] {manager.py:821} INFO - Searching for files in /opt/airflow/dags
[2026-03-14T15:24:45.834+0000] {manager.py:824} INFO - There are 0 files in /opt/airflow/dags
[2026-03-14T15:24:50.895+0000] {manager.py:821} INFO - Searching for files in /opt/airflow/dags
[2026-03-14T15:24:50.904+0000] {manager.py:824} INFO - There are 0 files in /opt/airflow/dags
[2026-03-14T15:24:55.957+0000] {manager.py:821} INFO - Searching for files in /opt/airflow/dags
[2026-03-14T15:24:55.964+0000] {manager.py:824} INFO - There are 0 files in /opt/airflow/dags
[2026-03-14T15:25:01.019+0000] {manager.py:821} INFO - Searching for files in /opt/airflow/dags
[2026-03-14T15:25:01.026+0000] {manager.py:824} INFO - There are 0 files in /opt/airflow/dags
[2026-03-14T15:25:06.081+0000] {manager.py:821} INFO - Searching for files in /opt/airflow/dags
[2026-03-14T15:25:06.086+0000] {manager.py:824} INFO - There are 0 files in /opt/airflow/dags
[2026-03-14T15:25:11.137+0000] {manager.py:821} INFO - Searching for files in /opt/airflow/dags
[2026-03-14T15:25:11.147+0000] {manager.py:824} INFO - There are 0 files in /opt/airflow/dags
[2026-03-14T15:25:16.213+0000] {manager.py:821} INFO - Searching for files in /opt/airflow/dags
[2026-03-14T15:25:16.221+0000] {manager.py:824} INFO - There are 0 files in /opt/airflow/dags
[2026-03-14T15:25:21.277+0000] {manager.py:821} INFO - Searching for files in /opt/airflow/dags
[2026-03-14T15:25:21.287+0000] {manager.py:824} INFO - There are 0 files in /opt/airflow/dags
[2026-03-14T15:25:26.349+0000] {manager.py:821} INFO - Searching for files in /opt/airflow/dags
[2026-03-14T15:25:26.357+0000] {manager.py:824} INFO - There are 0 files in /opt/airflow/dags
[2026-03-14T15:25:31.416+0000] {manager.py:821} INFO - Searching for files in /opt/airflow/dags
[2026-03-14T15:25:31.423+0000] {manager.py:824} INFO - There are 0 files in /opt/airflow/dags
[2026-03-14T15:25:36.481+0000] {manager.py:821} INFO - Searching for files in /opt/airflow/dags
[2026-03-14T15:25:36.488+0000] {manager.py:824} INFO - There are 0 files in /opt/airflow/dags
[2026-03-14T15:25:41.540+0000] {manager.py:821} INFO - Searching for files in /opt/airflow/dags
[2026-03-14T15:25:41.547+0000] {manager.py:824} INFO - There are 0 files in /opt/airflow/dags
[2026-03-14T15:25:46.599+0000] {manager.py:821} INFO - Searching for files in /opt/airflow/dags
[2026-03-14T15:25:46.605+0000] {manager.py:824} INFO - There are 0 files in /opt/airflow/dags
[2026-03-14T15:25:51.662+0000] {manager.py:821} INFO - Searching for files in /opt/airflow/dags
[2026-03-14T15:25:51.668+0000] {manager.py:824} INFO - There are 0 files in /opt/airflow/dags
[2026-03-14T15:25:56.713+0000] {manager.py:821} INFO - Searching for files in /opt/airflow/dags
[2026-03-14T15:25:56.720+0000] {manager.py:824} INFO - There are 0 files in /opt/airflow/dags
[2026-03-14T15:26:01.771+0000] {manager.py:821} INFO - Searching for files in /opt/airflow/dags
[2026-03-14T15:26:01.778+0000] {manager.py:824} INFO - There are 0 files in /opt/airflow/dags
[2026-03-14T15:26:06.829+0000] {manager.py:821} INFO - Searching for files in /opt/airflow/dags
[2026-03-14T15:26:06.836+0000] {manager.py:824} INFO - There are 0 files in /opt/airflow/dags
[2026-03-14T15:26:11.893+0000] {manager.py:821} INFO - Searching for files in /opt/airflow/dags
[2026-03-14T15:26:11.899+0000] {manager.py:824} INFO - There are 0 files in /opt/airflow/dags
[2026-03-14T15:26:16.951+0000] {manager.py:821} INFO - Searching for files in /opt/airflow/dags
[2026-03-14T15:26:16.958+0000] {manager.py:824} INFO - There are 0 files in /opt/airflow/dags
[2026-03-14T15:26:22.011+0000] {manager.py:821} INFO - Searching for files in /opt/airflow/dags
[2026-03-14T15:26:22.018+0000] {manager.py:824} INFO - There are 0 files in /opt/airflow/dags
[2026-03-14T15:26:27.071+0000] {manager.py:821} INFO - Searching for files in /opt/airflow/dags
[2026-03-14T15:26:27.078+0000] {manager.py:824} INFO - There are 0 files in /opt/airflow/dags
[2026-03-14T15:26:32.132+0000] {manager.py:821} INFO - Searching for files in /opt/airflow/dags
[2026-03-14T15:26:32.139+0000] {manager.py:824} INFO - There are 0 files in /opt/airflow/dags
[2026-03-14T15:26:37.192+0000] {manager.py:821} INFO - Searching for files in /opt/airflow/dags
[2026-03-14T15:26:37.200+0000] {manager.py:824} INFO - There are 0 files in /opt/airflow/dags
[2026-03-14T15:26:42.257+0000] {manager.py:821} INFO - Searching for files in /opt/airflow/dags
[2026-03-14T15:26:42.264+0000] {manager.py:824} INFO - There are 0 files in /opt/airflow/dags
[2026-03-14T15:26:47.316+0000] {manager.py:821} INFO - Searching for files in /opt/airflow/dags
[2026-03-14T15:26:47.323+0000] {manager.py:824} INFO - There are 0 files in /opt/airflow/dags
[2026-03-14T15:26:52.373+0000] {manager.py:821} INFO - Searching for files in /opt/airflow/dags
[2026-03-14T15:26:52.379+0000] {manager.py:824} INFO - There are 0 files in /opt/airflow/dags
[2026-03-14T15:26:57.430+0000] {manager.py:821} INFO - Searching for files in /opt/airflow/dags
[2026-03-14T15:26:57.436+0000] {manager.py:824} INFO - There are 0 files in /opt/airflow/dags
[2026-03-14T15:27:02.496+0000] {manager.py:821} INFO - Searching for files in /opt/airflow/dags
[2026-03-14T15:27:02.504+0000] {manager.py:824} INFO - There are 0 files in /opt/airflow/dags
[2026-03-14T15:27:07.568+0000] {manager.py:821} INFO - Searching for files in /opt/airflow/dags
[2026-03-14T15:27:07.576+0000] {manager.py:824} INFO - There are 0 files in /opt/airflow/dags
[2026-03-14T15:27:12.632+0000] {manager.py:821} INFO - Searching for files in /opt/airflow/dags
[2026-03-14T15:27:12.637+0000] {manager.py:824} INFO - There are 0 files in /opt/airflow/dags
[2026-03-14T15:27:17.691+0000] {manager.py:821} INFO - Searching for files in /opt/airflow/dags
[2026-03-14T15:27:17.699+0000] {manager.py:824} INFO - There are 0 files in /opt/airflow/dags
[2026-03-14T15:27:22.751+0000] {manager.py:821} INFO - Searching for files in /opt/airflow/dags
[2026-03-14T15:27:22.758+0000] {manager.py:824} INFO - There are 0 files in /opt/airflow/dags
[2026-03-14T15:27:27.816+0000] {manager.py:821} INFO - Searching for files in /opt/airflow/dags
[2026-03-14T15:27:27.823+0000] {manager.py:824} INFO - There are 0 files in /opt/airflow/dags
[2026-03-14T15:27:32.884+0000] {manager.py:821} INFO - Searching for files in /opt/airflow/dags
[2026-03-14T15:27:32.892+0000] {manager.py:824} INFO - There are 0 files in /opt/airflow/dags
[2026-03-14T15:27:37.950+0000] {manager.py:821} INFO - Searching for files in /opt/airflow/dags
[2026-03-14T15:27:37.956+0000] {manager.py:824} INFO - There are 0 files in /opt/airflow/dags
[2026-03-14T15:27:43.019+0000] {manager.py:821} INFO - Searching for files in /opt/airflow/dags
[2026-03-14T15:27:43.026+0000] {manager.py:824} INFO - There are 0 files in /opt/airflow/dags
[2026-03-14T15:27:48.081+0000] {manager.py:821} INFO - Searching for files in /opt/airflow/dags
[2026-03-14T15:27:48.088+0000] {manager.py:824} INFO - There are 0 files in /opt/airflow/dags
[2026-03-14T15:27:53.139+0000] {manager.py:821} INFO - Searching for files in /opt/airflow/dags
[2026-03-14T15:27:53.146+0000] {manager.py:824} INFO - There are 0 files in /opt/airflow/dags
[2026-03-14T15:27:58.206+0000] {manager.py:821} INFO - Searching for files in /opt/airflow/dags
[2026-03-14T15:27:58.213+0000] {manager.py:824} INFO - There are 0 files in /opt/airflow/dags
[2026-03-14T15:28:03.265+0000] {manager.py:821} INFO - Searching for files in /opt/airflow/dags
[2026-03-14T15:28:03.273+0000] {manager.py:824} INFO - There are 0 files in /opt/airflow/dags
[2026-03-14T15:28:08.326+0000] {manager.py:821} INFO - Searching for files in /opt/airflow/dags
[2026-03-14T15:28:08.333+0000] {manager.py:824} INFO - There are 0 files in /opt/airflow/dags
[2026-03-14T15:28:13.386+0000] {manager.py:821} INFO - Searching for files in /opt/airflow/dags
[2026-03-14T15:28:13.393+0000] {manager.py:824} INFO - There are 0 files in /opt/airflow/dags
[2026-03-14T15:28:18.458+0000] {manager.py:821} INFO - Searching for files in /opt/airflow/dags
[2026-03-14T15:28:18.646+0000] {manager.py:824} INFO - There are 0 files in /opt/airflow/dags
[2026-03-14T15:28:23.788+0000] {manager.py:821} INFO - Searching for files in /opt/airflow/dags
[2026-03-14T15:28:24.095+0000] {manager.py:824} INFO - There are 0 files in /opt/airflow/dags
[2026-03-14T15:28:29.268+0000] {manager.py:821} INFO - Searching for files in /opt/airflow/dags
[2026-03-14T15:28:29.279+0000] {manager.py:824} INFO - There are 0 files in /opt/airflow/dags
[2026-03-14T15:28:34.393+0000] {manager.py:821} INFO - Searching for files in /opt/airflow/dags
[2026-03-14T15:28:34.400+0000] {manager.py:824} INFO - There are 0 files in /opt/airflow/dags
[2026-03-14T15:28:39.475+0000] {manager.py:821} INFO - Searching for files in /opt/airflow/dags
[2026-03-14T15:28:39.482+0000] {manager.py:824} INFO - There are 0 files in /opt/airflow/dags
[2026-03-14T15:28:44.550+0000] {manager.py:821} INFO - Searching for files in /opt/airflow/dags
[2026-03-14T15:28:44.834+0000] {manager.py:824} INFO - There are 0 files in /opt/airflow/dags
[2026-03-14T15:28:50.095+0000] {manager.py:821} INFO - Searching for files in /opt/airflow/dags
[2026-03-14T15:28:50.580+0000] {manager.py:824} INFO - There are 0 files in /opt/airflow/dags
[2026-03-14T15:28:55.650+0000] {manager.py:821} INFO - Searching for files in /opt/airflow/dags
[2026-03-14T15:28:55.715+0000] {manager.py:824} INFO - There are 0 files in /opt/airflow/dags
[2026-03-14T15:29:00.801+0000] {manager.py:821} INFO - Searching for files in /opt/airflow/dags
[2026-03-14T15:29:00.806+0000] {manager.py:824} INFO - There are 0 files in /opt/airflow/dags
[2026-03-14T15:29:05.887+0000] {manager.py:821} INFO - Searching for files in /opt/airflow/dags
[2026-03-14T15:29:05.915+0000] {manager.py:824} INFO - There are 0 files in /opt/airflow/dags
[2026-03-14T15:29:11.000+0000] {manager.py:821} INFO - Searching for files in /opt/airflow/dags
[2026-03-14T15:29:11.159+0000] {manager.py:824} INFO - There are 0 files in /opt/airflow/dags
[2026-03-14T15:29:16.282+0000] {manager.py:821} INFO - Searching for files in /opt/airflow/dags
[2026-03-14T15:29:16.291+0000] {manager.py:824} INFO - There are 0 files in /opt/airflow/dags
[2026-03-14T15:29:21.363+0000] {manager.py:821} INFO - Searching for files in /opt/airflow/dags
[2026-03-14T15:29:21.370+0000] {manager.py:824} INFO - There are 0 files in /opt/airflow/dags
[2026-03-14T15:29:26.424+0000] {manager.py:821} INFO - Searching for files in /opt/airflow/dags
[2026-03-14T15:29:26.433+0000] {manager.py:824} INFO - There are 0 files in /opt/airflow/dags
[2026-03-14T15:29:31.507+0000] {manager.py:821} INFO - Searching for files in /opt/airflow/dags
[2026-03-14T15:29:31.514+0000] {manager.py:824} INFO - There are 0 files in /opt/airflow/dags
[2026-03-14T15:29:36.576+0000] {manager.py:821} INFO - Searching for files in /opt/airflow/dags
[2026-03-14T15:29:36.584+0000] {manager.py:824} INFO - There are 0 files in /opt/airflow/dags
[2026-03-14T15:29:41.645+0000] {manager.py:821} INFO - Searching for files in /opt/airflow/dags
[2026-03-14T15:29:41.652+0000] {manager.py:824} INFO - There are 0 files in /opt/airflow/dags
[2026-03-14T15:29:46.708+0000] {manager.py:821} INFO - Searching for files in /opt/airflow/dags
[2026-03-14T15:29:46.717+0000] {manager.py:824} INFO - There are 0 files in /opt/airflow/dags
[2026-03-14T15:29:51.771+0000] {manager.py:821} INFO - Searching for files in /opt/airflow/dags
[2026-03-14T15:29:51.778+0000] {manager.py:824} INFO - There are 0 files in /opt/airflow/dags
[2026-03-14T15:29:56.831+0000] {manager.py:821} INFO - Searching for files in /opt/airflow/dags
[2026-03-14T15:29:56.852+0000] {manager.py:824} INFO - There are 0 files in /opt/airflow/dags
[2026-03-14T15:30:01.919+0000] {manager.py:821} INFO - Searching for files in /opt/airflow/dags
[2026-03-14T15:30:01.928+0000] {manager.py:824} INFO - There are 0 files in /opt/airflow/dags
[2026-03-14T15:30:06.982+0000] {manager.py:821} INFO - Searching for files in /opt/airflow/dags
[2026-03-14T15:30:06.990+0000] {manager.py:824} INFO - There are 0 files in /opt/airflow/dags
[2026-03-14T15:30:12.042+0000] {manager.py:821} INFO - Searching for files in /opt/airflow/dags
[2026-03-14T15:30:12.052+0000] {manager.py:824} INFO - There are 0 files in /opt/airflow/dags
[2026-03-14T15:30:17.120+0000] {manager.py:821} INFO - Searching for files in /opt/airflow/dags
[2026-03-14T15:30:17.127+0000] {manager.py:824} INFO - There are 0 files in /opt/airflow/dags
[2026-03-14T15:30:22.183+0000] {manager.py:821} INFO - Searching for files in /opt/airflow/dags
[2026-03-14T15:30:22.190+0000] {manager.py:824} INFO - There are 0 files in /opt/airflow/dags
[2026-03-14T15:30:27.232+0000] {manager.py:821} INFO - Searching for files in /opt/airflow/dags
[2026-03-14T15:30:27.240+0000] {manager.py:824} INFO - There are 0 files in /opt/airflow/dags
[2026-03-14T15:30:32.299+0000] {manager.py:821} INFO - Searching for files in /opt/airflow/dags
[2026-03-14T15:30:32.307+0000] {manager.py:824} INFO - There are 0 files in /opt/airflow/dags
[2026-03-14T15:30:37.370+0000] {manager.py:821} INFO - Searching for files in /opt/airflow/dags
[2026-03-14T15:30:37.379+0000] {manager.py:824} INFO - There are 0 files in /opt/airflow/dags
[2026-03-14T15:30:42.434+0000] {manager.py:821} INFO - Searching for files in /opt/airflow/dags
[2026-03-14T15:30:42.442+0000] {manager.py:824} INFO - There are 0 files in /opt/airflow/dags
[2026-03-14T15:30:47.502+0000] {manager.py:821} INFO - Searching for files in /opt/airflow/dags
[2026-03-14T15:30:47.510+0000] {manager.py:824} INFO - There are 0 files in /opt/airflow/dags
[2026-03-14T15:30:52.567+0000] {manager.py:821} INFO - Searching for files in /opt/airflow/dags
[2026-03-14T15:30:52.574+0000] {manager.py:824} INFO - There are 0 files in /opt/airflow/dags
[2026-03-14T15:30:57.629+0000] {manager.py:821} INFO - Searching for files in /opt/airflow/dags
[2026-03-14T15:30:57.636+0000] {manager.py:824} INFO - There are 0 files in /opt/airflow/dags
[2026-03-14T15:31:02.693+0000] {manager.py:821} INFO - Searching for files in /opt/airflow/dags
[2026-03-14T15:31:02.700+0000] {manager.py:824} INFO - There are 0 files in /opt/airflow/dags
[2026-03-14T15:31:07.754+0000] {manager.py:821} INFO - Searching for files in /opt/airflow/dags
[2026-03-14T15:31:07.761+0000] {manager.py:824} INFO - There are 0 files in /opt/airflow/dags
[2026-03-14T15:31:12.827+0000] {manager.py:821} INFO - Searching for files in /opt/airflow/dags
[2026-03-14T15:31:12.835+0000] {manager.py:824} INFO - There are 0 files in /opt/airflow/dags
[2026-03-14T15:31:17.890+0000] {manager.py:821} INFO - Searching for files in /opt/airflow/dags
[2026-03-14T15:31:17.897+0000] {manager.py:824} INFO - There are 0 files in /opt/airflow/dags
[2026-03-14T15:31:22.952+0000] {manager.py:821} INFO - Searching for files in /opt/airflow/dags
[2026-03-14T15:31:22.959+0000] {manager.py:824} INFO - There are 0 files in /opt/airflow/dags
[2026-03-14T15:31:28.008+0000] {manager.py:821} INFO - Searching for files in /opt/airflow/dags
[2026-03-14T15:31:28.016+0000] {manager.py:824} INFO - There are 0 files in /opt/airflow/dags
[2026-03-14T15:31:33.114+0000] {manager.py:821} INFO - Searching for files in /opt/airflow/dags
[2026-03-14T15:31:33.122+0000] {manager.py:824} INFO - There are 0 files in /opt/airflow/dags
[2026-03-14T15:31:38.180+0000] {manager.py:821} INFO - Searching for files in /opt/airflow/dags
[2026-03-14T15:31:38.187+0000] {manager.py:824} INFO - There are 0 files in /opt/airflow/dags
[2026-03-14T15:31:43.239+0000] {manager.py:821} INFO - Searching for files in /opt/airflow/dags
[2026-03-14T15:31:43.246+0000] {manager.py:824} INFO - There are 0 files in /opt/airflow/dags
[2026-03-14T15:31:48.302+0000] {manager.py:821} INFO - Searching for files in /opt/airflow/dags
[2026-03-14T15:31:48.309+0000] {manager.py:824} INFO - There are 0 files in /opt/airflow/dags
[2026-03-14T15:31:53.366+0000] {manager.py:821} INFO - Searching for files in /opt/airflow/dags
[2026-03-14T15:31:53.374+0000] {manager.py:824} INFO - There are 0 files in /opt/airflow/dags
[2026-03-14T15:31:58.424+0000] {manager.py:821} INFO - Searching for files in /opt/airflow/dags
[2026-03-14T15:31:58.437+0000] {manager.py:824} INFO - There are 0 files in /opt/airflow/dags
[2026-03-14T15:32:03.558+0000] {manager.py:821} INFO - Searching for files in /opt/airflow/dags
[2026-03-14T15:32:03.573+0000] {manager.py:824} INFO - There are 0 files in /opt/airflow/dags
[2026-03-14T15:32:08.651+0000] {manager.py:821} INFO - Searching for files in /opt/airflow/dags
[2026-03-14T15:32:08.657+0000] {manager.py:824} INFO - There are 0 files in /opt/airflow/dags
[2026-03-14T15:32:13.709+0000] {manager.py:821} INFO - Searching for files in /opt/airflow/dags
[2026-03-14T15:32:13.717+0000] {manager.py:824} INFO - There are 0 files in /opt/airflow/dags
[2026-03-14T15:32:18.777+0000] {manager.py:821} INFO - Searching for files in /opt/airflow/dags
[2026-03-14T15:32:18.785+0000] {manager.py:824} INFO - There are 0 files in /opt/airflow/dags
[2026-03-14T15:32:23.842+0000] {manager.py:821} INFO - Searching for files in /opt/airflow/dags
[2026-03-14T15:32:23.850+0000] {manager.py:824} INFO - There are 0 files in /opt/airflow/dags
[2026-03-14T15:32:28.901+0000] {manager.py:821} INFO - Searching for files in /opt/airflow/dags
[2026-03-14T15:32:28.906+0000] {manager.py:824} INFO - There are 0 files in /opt/airflow/dags
[2026-03-14T15:32:33.964+0000] {manager.py:821} INFO - Searching for files in /opt/airflow/dags
[2026-03-14T15:32:34.042+0000] {manager.py:824} INFO - There are 0 files in /opt/airflow/dags
[2026-03-14T15:32:39.099+0000] {manager.py:821} INFO - Searching for files in /opt/airflow/dags
[2026-03-14T15:32:39.106+0000] {manager.py:824} INFO - There are 0 files in /opt/airflow/dags
[2026-03-14T15:32:44.169+0000] {manager.py:821} INFO - Searching for files in /opt/airflow/dags
[2026-03-14T15:32:44.177+0000] {manager.py:824} INFO - There are 0 files in /opt/airflow/dags
[2026-03-14T15:32:49.239+0000] {manager.py:821} INFO - Searching for files in /opt/airflow/dags
[2026-03-14T15:32:49.247+0000] {manager.py:824} INFO - There are 0 files in /opt/airflow/dags
[2026-03-14T15:32:54.313+0000] {manager.py:821} INFO - Searching for files in /opt/airflow/dags
[2026-03-14T15:32:54.318+0000] {manager.py:824} INFO - There are 0 files in /opt/airflow/dags
[2026-03-14T15:32:59.365+0000] {manager.py:821} INFO - Searching for files in /opt/airflow/dags
[2026-03-14T15:32:59.373+0000] {manager.py:824} INFO - There are 0 files in /opt/airflow/dags
[2026-03-14T15:33:04.427+0000] {manager.py:821} INFO - Searching for files in /opt/airflow/dags
[2026-03-14T15:33:04.435+0000] {manager.py:824} INFO - There are 0 files in /opt/airflow/dags
[2026-03-14T15:33:09.496+0000] {manager.py:821} INFO - Searching for files in /opt/airflow/dags
[2026-03-14T15:33:09.503+0000] {manager.py:824} INFO - There are 0 files in /opt/airflow/dags
[2026-03-14T15:33:14.557+0000] {manager.py:821} INFO - Searching for files in /opt/airflow/dags
[2026-03-14T15:33:14.573+0000] {manager.py:824} INFO - There are 0 files in /opt/airflow/dags
[2026-03-14T15:33:19.653+0000] {manager.py:821} INFO - Searching for files in /opt/airflow/dags
[2026-03-14T15:33:19.661+0000] {manager.py:824} INFO - There are 0 files in /opt/airflow/dags
[2026-03-14T15:33:24.715+0000] {manager.py:821} INFO - Searching for files in /opt/airflow/dags
[2026-03-14T15:33:24.723+0000] {manager.py:824} INFO - There are 0 files in /opt/airflow/dags
[2026-03-14T15:33:29.782+0000] {manager.py:821} INFO - Searching for files in /opt/airflow/dags
[2026-03-14T15:33:29.788+0000] {manager.py:824} INFO - There are 0 files in /opt/airflow/dags
[2026-03-14T15:33:34.849+0000] {manager.py:821} INFO - Searching for files in /opt/airflow/dags
[2026-03-14T15:33:34.857+0000] {manager.py:824} INFO - There are 0 files in /opt/airflow/dags
[2026-03-14T15:33:39.912+0000] {manager.py:821} INFO - Searching for files in /opt/airflow/dags
[2026-03-14T15:33:39.919+0000] {manager.py:824} INFO - There are 0 files in /opt/airflow/dags
[2026-03-14T15:33:44.973+0000] {manager.py:821} INFO - Searching for files in /opt/airflow/dags
[2026-03-14T15:33:44.980+0000] {manager.py:824} INFO - There are 0 files in /opt/airflow/dags
[2026-03-14T15:33:50.047+0000] {manager.py:821} INFO - Searching for files in /opt/airflow/dags
[2026-03-14T15:33:50.054+0000] {manager.py:824} INFO - There are 0 files in /opt/airflow/dags
[2026-03-14T15:33:55.124+0000] {manager.py:821} INFO - Searching for files in /opt/airflow/dags
[2026-03-14T15:33:55.131+0000] {manager.py:824} INFO - There are 0 files in /opt/airflow/dags
[2026-03-14T15:34:00.188+0000] {manager.py:821} INFO - Searching for files in /opt/airflow/dags
[2026-03-14T15:34:00.196+0000] {manager.py:824} INFO - There are 0 files in /opt/airflow/dags
[2026-03-14T15:34:05.267+0000] {manager.py:821} INFO - Searching for files in /opt/airflow/dags
[2026-03-14T15:34:05.274+0000] {manager.py:824} INFO - There are 0 files in /opt/airflow/dags
[2026-03-14T15:34:10.339+0000] {manager.py:821} INFO - Searching for files in /opt/airflow/dags
[2026-03-14T15:34:10.346+0000] {manager.py:824} INFO - There are 0 files in /opt/airflow/dags
[2026-03-14T15:34:15.404+0000] {manager.py:821} INFO - Searching for files in /opt/airflow/dags
[2026-03-14T15:34:15.411+0000] {manager.py:824} INFO - There are 0 files in /opt/airflow/dags
[2026-03-14T15:34:20.464+0000] {manager.py:821} INFO - Searching for files in /opt/airflow/dags
[2026-03-14T15:34:20.472+0000] {manager.py:824} INFO - There are 0 files in /opt/airflow/dags
[2026-03-14T15:34:25.529+0000] {manager.py:821} INFO - Searching for files in /opt/airflow/dags
[2026-03-14T15:34:25.537+0000] {manager.py:824} INFO - There are 0 files in /opt/airflow/dags
[2026-03-14T15:34:30.596+0000] {manager.py:821} INFO - Searching for files in /opt/airflow/dags
[2026-03-14T15:34:30.604+0000] {manager.py:824} INFO - There are 0 files in /opt/airflow/dags
[2026-03-14T15:34:35.673+0000] {manager.py:821} INFO - Searching for files in /opt/airflow/dags
[2026-03-14T15:34:35.681+0000] {manager.py:824} INFO - There are 0 files in /opt/airflow/dags
[2026-03-14T15:34:40.734+0000] {manager.py:821} INFO - Searching for files in /opt/airflow/dags
[2026-03-14T15:34:40.743+0000] {manager.py:824} INFO - There are 0 files in /opt/airflow/dags
[2026-03-14T15:34:45.804+0000] {manager.py:821} INFO - Searching for files in /opt/airflow/dags
[2026-03-14T15:34:45.813+0000] {manager.py:824} INFO - There are 0 files in /opt/airflow/dags
[2026-03-14T15:34:50.892+0000] {manager.py:821} INFO - Searching for files in /opt/airflow/dags
[2026-03-14T15:34:53.352+0000] {manager.py:824} INFO - There are 0 files in /opt/airflow/dags
[2026-03-14T15:34:56.417+0000] {manager.py:821} INFO - Searching for files in /opt/airflow/dags
[2026-03-14T15:34:56.454+0000] {manager.py:824} INFO - There are 0 files in /opt/airflow/dags
[2026-03-14T15:35:01.544+0000] {manager.py:821} INFO - Searching for files in /opt/airflow/dags
[2026-03-14T15:35:01.551+0000] {manager.py:824} INFO - There are 0 files in /opt/airflow/dags
[2026-03-14T15:35:06.615+0000] {manager.py:821} INFO - Searching for files in /opt/airflow/dags
[2026-03-14T15:35:06.622+0000] {manager.py:824} INFO - There are 0 files in /opt/airflow/dags
[2026-03-14T15:35:11.677+0000] {manager.py:821} INFO - Searching for files in /opt/airflow/dags
[2026-03-14T15:35:11.684+0000] {manager.py:824} INFO - There are 0 files in /opt/airflow/dags
[2026-03-14T15:35:16.738+0000] {manager.py:821} INFO - Searching for files in /opt/airflow/dags
[2026-03-14T15:35:16.745+0000] {manager.py:824} INFO - There are 0 files in /opt/airflow/dags
[2026-03-14T15:35:21.796+0000] {manager.py:821} INFO - Searching for files in /opt/airflow/dags
[2026-03-14T15:35:21.802+0000] {manager.py:824} INFO - There are 0 files in /opt/airflow/dags
[2026-03-14T15:35:26.855+0000] {manager.py:821} INFO - Searching for files in /opt/airflow/dags
[2026-03-14T15:35:26.861+0000] {manager.py:824} INFO - There are 0 files in /opt/airflow/dags
[2026-03-14T15:35:31.918+0000] {manager.py:821} INFO - Searching for files in /opt/airflow/dags
[2026-03-14T15:35:31.925+0000] {manager.py:824} INFO - There are 0 files in /opt/airflow/dags
[2026-03-14T15:35:36.977+0000] {manager.py:821} INFO - Searching for files in /opt/airflow/dags
[2026-03-14T15:35:36.983+0000] {manager.py:824} INFO - There are 0 files in /opt/airflow/dags
[2026-03-14T15:35:42.035+0000] {manager.py:821} INFO - Searching for files in /opt/airflow/dags
[2026-03-14T15:35:42.042+0000] {manager.py:824} INFO - There are 0 files in /opt/airflow/dags
[2026-03-14T15:35:47.095+0000] {manager.py:821} INFO - Searching for files in /opt/airflow/dags
[2026-03-14T15:35:47.102+0000] {manager.py:824} INFO - There are 0 files in /opt/airflow/dags
[2026-03-14T15:35:52.157+0000] {manager.py:821} INFO - Searching for files in /opt/airflow/dags
[2026-03-14T15:35:52.164+0000] {manager.py:824} INFO - There are 0 files in /opt/airflow/dags
[2026-03-14T15:35:57.219+0000] {manager.py:821} INFO - Searching for files in /opt/airflow/dags
[2026-03-14T15:35:57.226+0000] {manager.py:824} INFO - There are 0 files in /opt/airflow/dags
[2026-03-14T15:36:02.277+0000] {manager.py:821} INFO - Searching for files in /opt/airflow/dags
[2026-03-14T15:36:02.284+0000] {manager.py:824} INFO - There are 0 files in /opt/airflow/dags
[2026-03-14T15:36:07.338+0000] {manager.py:821} INFO - Searching for files in /opt/airflow/dags
[2026-03-14T15:36:07.343+0000] {manager.py:824} INFO - There are 0 files in /opt/airflow/dags
[2026-03-14T15:36:12.399+0000] {manager.py:821} INFO - Searching for files in /opt/airflow/dags
[2026-03-14T15:36:12.406+0000] {manager.py:824} INFO - There are 0 files in /opt/airflow/dags
[2026-03-14T15:36:17.460+0000] {manager.py:821} INFO - Searching for files in /opt/airflow/dags
[2026-03-14T15:36:17.468+0000] {manager.py:824} INFO - There are 0 files in /opt/airflow/dags
[2026-03-14T15:36:22.519+0000] {manager.py:821} INFO - Searching for files in /opt/airflow/dags
[2026-03-14T15:36:22.526+0000] {manager.py:824} INFO - There are 0 files in /opt/airflow/dags
[2026-03-14T15:36:27.575+0000] {manager.py:821} INFO - Searching for files in /opt/airflow/dags
[2026-03-14T15:36:27.582+0000] {manager.py:824} INFO - There are 0 files in /opt/airflow/dags
[2026-03-14T15:36:32.639+0000] {manager.py:821} INFO - Searching for files in /opt/airflow/dags
[2026-03-14T15:36:32.646+0000] {manager.py:824} INFO - There are 0 files in /opt/airflow/dags
[2026-03-14T15:36:37.699+0000] {manager.py:821} INFO - Searching for files in /opt/airflow/dags
[2026-03-14T15:36:37.706+0000] {manager.py:824} INFO - There are 0 files in /opt/airflow/dags
[2026-03-14T15:36:42.761+0000] {manager.py:821} INFO - Searching for files in /opt/airflow/dags
[2026-03-14T15:36:42.769+0000] {manager.py:824} INFO - There are 0 files in /opt/airflow/dags
[2026-03-14T15:36:47.818+0000] {manager.py:821} INFO - Searching for files in /opt/airflow/dags
[2026-03-14T15:36:47.825+0000] {manager.py:824} INFO - There are 0 files in /opt/airflow/dags
[2026-03-14T15:36:52.877+0000] {manager.py:821} INFO - Searching for files in /opt/airflow/dags
[2026-03-14T15:36:52.884+0000] {manager.py:824} INFO - There are 0 files in /opt/airflow/dags
[2026-03-14T15:36:57.932+0000] {manager.py:821} INFO - Searching for files in /opt/airflow/dags
[2026-03-14T15:36:57.939+0000] {manager.py:824} INFO - There are 0 files in /opt/airflow/dags
[2026-03-14T15:37:02.991+0000] {manager.py:821} INFO - Searching for files in /opt/airflow/dags
[2026-03-14T15:37:02.998+0000] {manager.py:824} INFO - There are 0 files in /opt/airflow/dags
[2026-03-14T15:37:08.052+0000] {manager.py:821} INFO - Searching for files in /opt/airflow/dags
[2026-03-14T15:37:08.059+0000] {manager.py:824} INFO - There are 0 files in /opt/airflow/dags
[2026-03-14T15:37:13.116+0000] {manager.py:821} INFO - Searching for files in /opt/airflow/dags
[2026-03-14T15:37:13.123+0000] {manager.py:824} INFO - There are 0 files in /opt/airflow/dags
[2026-03-14T15:37:18.180+0000] {manager.py:821} INFO - Searching for files in /opt/airflow/dags
[2026-03-14T15:37:18.187+0000] {manager.py:824} INFO - There are 0 files in /opt/airflow/dags
[2026-03-14T15:37:23.238+0000] {manager.py:821} INFO - Searching for files in /opt/airflow/dags
[2026-03-14T15:37:23.245+0000] {manager.py:824} INFO - There are 0 files in /opt/airflow/dags
[2026-03-14T15:37:28.293+0000] {manager.py:821} INFO - Searching for files in /opt/airflow/dags
[2026-03-14T15:37:28.300+0000] {manager.py:824} INFO - There are 0 files in /opt/airflow/dags
[2026-03-14T15:37:33.357+0000] {manager.py:821} INFO - Searching for files in /opt/airflow/dags
[2026-03-14T15:37:33.364+0000] {manager.py:824} INFO - There are 0 files in /opt/airflow/dags
[2026-03-14T15:37:38.417+0000] {manager.py:821} INFO - Searching for files in /opt/airflow/dags
[2026-03-14T15:37:38.425+0000] {manager.py:824} INFO - There are 0 files in /opt/airflow/dags
[2026-03-14T15:37:43.483+0000] {manager.py:821} INFO - Searching for files in /opt/airflow/dags
[2026-03-14T15:37:43.491+0000] {manager.py:824} INFO - There are 0 files in /opt/airflow/dags
[2026-03-14T15:37:48.544+0000] {manager.py:821} INFO - Searching for files in /opt/airflow/dags
[2026-03-14T15:37:48.551+0000] {manager.py:824} INFO - There are 0 files in /opt/airflow/dags
[2026-03-14T15:37:53.604+0000] {manager.py:821} INFO - Searching for files in /opt/airflow/dags
[2026-03-14T15:37:53.611+0000] {manager.py:824} INFO - There are 0 files in /opt/airflow/dags
[2026-03-14T15:37:58.659+0000] {manager.py:821} INFO - Searching for files in /opt/airflow/dags
[2026-03-14T15:37:58.666+0000] {manager.py:824} INFO - There are 0 files in /opt/airflow/dags
[2026-03-14T15:38:03.721+0000] {manager.py:821} INFO - Searching for files in /opt/airflow/dags
[2026-03-14T15:38:03.730+0000] {manager.py:824} INFO - There are 0 files in /opt/airflow/dags
[2026-03-14T15:38:08.792+0000] {manager.py:821} INFO - Searching for files in /opt/airflow/dags
[2026-03-14T15:38:08.798+0000] {manager.py:824} INFO - There are 0 files in /opt/airflow/dags
[2026-03-14T15:38:13.856+0000] {manager.py:821} INFO - Searching for files in /opt/airflow/dags
[2026-03-14T15:38:13.864+0000] {manager.py:824} INFO - There are 0 files in /opt/airflow/dags
[2026-03-14T15:38:18.921+0000] {manager.py:821} INFO - Searching for files in /opt/airflow/dags
[2026-03-14T15:38:18.928+0000] {manager.py:824} INFO - There are 0 files in /opt/airflow/dags
[2026-03-14T15:38:23.985+0000] {manager.py:821} INFO - Searching for files in /opt/airflow/dags
[2026-03-14T15:38:23.992+0000] {manager.py:824} INFO - There are 0 files in /opt/airflow/dags
[2026-03-14T15:38:29.040+0000] {manager.py:821} INFO - Searching for files in /opt/airflow/dags
[2026-03-14T15:38:29.047+0000] {manager.py:824} INFO - There are 0 files in /opt/airflow/dags
[2026-03-14T15:38:34.104+0000] {manager.py:821} INFO - Searching for files in /opt/airflow/dags
[2026-03-14T15:38:34.110+0000] {manager.py:824} INFO - There are 0 files in /opt/airflow/dags
[2026-03-14T15:38:39.166+0000] {manager.py:821} INFO - Searching for files in /opt/airflow/dags
[2026-03-14T15:38:39.173+0000] {manager.py:824} INFO - There are 0 files in /opt/airflow/dags
[2026-03-14T15:38:44.229+0000] {manager.py:821} INFO - Searching for files in /opt/airflow/dags
[2026-03-14T15:38:44.240+0000] {manager.py:824} INFO - There are 0 files in /opt/airflow/dags
[2026-03-14T15:38:49.307+0000] {manager.py:821} INFO - Searching for files in /opt/airflow/dags
[2026-03-14T15:38:49.316+0000] {manager.py:824} INFO - There are 0 files in /opt/airflow/dags
[2026-03-14T15:38:54.375+0000] {manager.py:821} INFO - Searching for files in /opt/airflow/dags
[2026-03-14T15:38:54.383+0000] {manager.py:824} INFO - There are 0 files in /opt/airflow/dags
[2026-03-14T15:38:59.439+0000] {manager.py:821} INFO - Searching for files in /opt/airflow/dags
[2026-03-14T15:38:59.446+0000] {manager.py:824} INFO - There are 0 files in /opt/airflow/dags
[2026-03-14T15:39:04.506+0000] {manager.py:821} INFO - Searching for files in /opt/airflow/dags
[2026-03-14T15:39:04.540+0000] {manager.py:824} INFO - There are 0 files in /opt/airflow/dags
[2026-03-14T15:39:09.605+0000] {manager.py:821} INFO - Searching for files in /opt/airflow/dags
[2026-03-14T15:39:09.611+0000] {manager.py:824} INFO - There are 0 files in /opt/airflow/dags
[2026-03-14T15:39:14.661+0000] {manager.py:821} INFO - Searching for files in /opt/airflow/dags
[2026-03-14T15:39:14.668+0000] {manager.py:824} INFO - There are 0 files in /opt/airflow/dags
[2026-03-14T15:39:19.722+0000] {manager.py:821} INFO - Searching for files in /opt/airflow/dags
[2026-03-14T15:39:19.729+0000] {manager.py:824} INFO - There are 0 files in /opt/airflow/dags
[2026-03-14T15:39:24.779+0000] {manager.py:821} INFO - Searching for files in /opt/airflow/dags
[2026-03-14T15:39:24.786+0000] {manager.py:824} INFO - There are 0 files in /opt/airflow/dags
[2026-03-14T15:39:29.838+0000] {manager.py:821} INFO - Searching for files in /opt/airflow/dags
[2026-03-14T15:39:29.845+0000] {manager.py:824} INFO - There are 0 files in /opt/airflow/dags
[2026-03-14T15:39:34.900+0000] {manager.py:821} INFO - Searching for files in /opt/airflow/dags
[2026-03-14T15:39:34.907+0000] {manager.py:824} INFO - There are 0 files in /opt/airflow/dags
[2026-03-14T15:39:39.959+0000] {manager.py:821} INFO - Searching for files in /opt/airflow/dags
[2026-03-14T15:39:39.965+0000] {manager.py:824} INFO - There are 0 files in /opt/airflow/dags
[2026-03-14T15:39:45.016+0000] {manager.py:821} INFO - Searching for files in /opt/airflow/dags
[2026-03-14T15:39:45.023+0000] {manager.py:824} INFO - There are 0 files in /opt/airflow/dags
[2026-03-14T15:39:50.074+0000] {manager.py:821} INFO - Searching for files in /opt/airflow/dags
[2026-03-14T15:39:50.081+0000] {manager.py:824} INFO - There are 0 files in /opt/airflow/dags
[2026-03-14T15:39:55.148+0000] {manager.py:821} INFO - Searching for files in /opt/airflow/dags
[2026-03-14T15:39:55.155+0000] {manager.py:824} INFO - There are 0 files in /opt/airflow/dags
[2026-03-14T15:40:00.208+0000] {manager.py:821} INFO - Searching for files in /opt/airflow/dags
[2026-03-14T15:40:00.215+0000] {manager.py:824} INFO - There are 0 files in /opt/airflow/dags
[2026-03-14T15:40:05.267+0000] {manager.py:821} INFO - Searching for files in /opt/airflow/dags
[2026-03-14T15:40:05.274+0000] {manager.py:824} INFO - There are 0 files in /opt/airflow/dags
[2026-03-14T15:40:10.327+0000] {manager.py:821} INFO - Searching for files in /opt/airflow/dags
[2026-03-14T15:40:10.335+0000] {manager.py:824} INFO - There are 0 files in /opt/airflow/dags
[2026-03-14T15:40:15.387+0000] {manager.py:821} INFO - Searching for files in /opt/airflow/dags
[2026-03-14T15:40:15.393+0000] {manager.py:824} INFO - There are 0 files in /opt/airflow/dags
[2026-03-14T15:40:20.447+0000] {manager.py:821} INFO - Searching for files in /opt/airflow/dags
[2026-03-14T15:40:20.454+0000] {manager.py:824} INFO - There are 0 files in /opt/airflow/dags
[2026-03-14T15:40:25.501+0000] {manager.py:821} INFO - Searching for files in /opt/airflow/dags
[2026-03-14T15:40:25.509+0000] {manager.py:824} INFO - There are 0 files in /opt/airflow/dags
[2026-03-14T15:40:30.564+0000] {manager.py:821} INFO - Searching for files in /opt/airflow/dags
[2026-03-14T15:40:30.571+0000] {manager.py:824} INFO - There are 0 files in /opt/airflow/dags
[2026-03-14T15:40:35.624+0000] {manager.py:821} INFO - Searching for files in /opt/airflow/dags
[2026-03-14T15:40:35.631+0000] {manager.py:824} INFO - There are 0 files in /opt/airflow/dags
[2026-03-14T15:40:40.682+0000] {manager.py:821} INFO - Searching for files in /opt/airflow/dags
[2026-03-14T15:40:40.690+0000] {manager.py:824} INFO - There are 0 files in /opt/airflow/dags
[2026-03-14T15:40:45.742+0000] {manager.py:821} INFO - Searching for files in /opt/airflow/dags
[2026-03-14T15:40:45.857+0000] {manager.py:824} INFO - There are 0 files in /opt/airflow/dags
[2026-03-14T15:40:50.941+0000] {manager.py:821} INFO - Searching for files in /opt/airflow/dags
[2026-03-14T15:40:50.948+0000] {manager.py:824} INFO - There are 0 files in /opt/airflow/dags
[2026-03-14T15:40:55.999+0000] {manager.py:821} INFO - Searching for files in /opt/airflow/dags
[2026-03-14T15:40:56.007+0000] {manager.py:824} INFO - There are 0 files in /opt/airflow/dags
[2026-03-14T15:41:01.061+0000] {manager.py:821} INFO - Searching for files in /opt/airflow/dags
[2026-03-14T15:41:01.076+0000] {manager.py:824} INFO - There are 0 files in /opt/airflow/dags
[2026-03-14T15:41:06.127+0000] {manager.py:821} INFO - Searching for files in /opt/airflow/dags
[2026-03-14T15:41:06.133+0000] {manager.py:824} INFO - There are 0 files in /opt/airflow/dags
[2026-03-14T15:41:11.186+0000] {manager.py:821} INFO - Searching for files in /opt/airflow/dags
[2026-03-14T15:41:11.192+0000] {manager.py:824} INFO - There are 0 files in /opt/airflow/dags
[2026-03-14T15:41:16.243+0000] {manager.py:821} INFO - Searching for files in /opt/airflow/dags
[2026-03-14T15:41:16.250+0000] {manager.py:824} INFO - There are 0 files in /opt/airflow/dags
[2026-03-14T15:41:21.304+0000] {manager.py:821} INFO - Searching for files in /opt/airflow/dags
[2026-03-14T15:41:21.311+0000] {manager.py:824} INFO - There are 0 files in /opt/airflow/dags
[2026-03-14T15:41:26.362+0000] {manager.py:821} INFO - Searching for files in /opt/airflow/dags
[2026-03-14T15:41:26.370+0000] {manager.py:824} INFO - There are 0 files in /opt/airflow/dags
[2026-03-14T15:41:31.424+0000] {manager.py:821} INFO - Searching for files in /opt/airflow/dags
[2026-03-14T15:41:31.432+0000] {manager.py:824} INFO - There are 0 files in /opt/airflow/dags
[2026-03-14T15:41:36.486+0000] {manager.py:821} INFO - Searching for files in /opt/airflow/dags
[2026-03-14T15:41:36.492+0000] {manager.py:824} INFO - There are 0 files in /opt/airflow/dags
[2026-03-14T15:41:41.546+0000] {manager.py:821} INFO - Searching for files in /opt/airflow/dags
[2026-03-14T15:41:41.552+0000] {manager.py:824} INFO - There are 0 files in /opt/airflow/dags
[2026-03-14T15:41:46.605+0000] {manager.py:821} INFO - Searching for files in /opt/airflow/dags
[2026-03-14T15:41:46.611+0000] {manager.py:824} INFO - There are 0 files in /opt/airflow/dags
[2026-03-14T15:41:51.665+0000] {manager.py:821} INFO - Searching for files in /opt/airflow/dags
[2026-03-14T15:41:51.672+0000] {manager.py:824} INFO - There are 0 files in /opt/airflow/dags
[2026-03-14T15:41:56.722+0000] {manager.py:821} INFO - Searching for files in /opt/airflow/dags
[2026-03-14T15:41:56.730+0000] {manager.py:824} INFO - There are 0 files in /opt/airflow/dags
[2026-03-14T15:42:01.783+0000] {manager.py:821} INFO - Searching for files in /opt/airflow/dags
[2026-03-14T15:42:01.790+0000] {manager.py:824} INFO - There are 0 files in /opt/airflow/dags
[2026-03-14T15:42:06.842+0000] {manager.py:821} INFO - Searching for files in /opt/airflow/dags
[2026-03-14T15:42:06.848+0000] {manager.py:824} INFO - There are 0 files in /opt/airflow/dags
[2026-03-14T15:42:11.902+0000] {manager.py:821} INFO - Searching for files in /opt/airflow/dags
[2026-03-14T15:42:11.908+0000] {manager.py:824} INFO - There are 0 files in /opt/airflow/dags
[2026-03-14T15:42:16.968+0000] {manager.py:821} INFO - Searching for files in /opt/airflow/dags
[2026-03-14T15:42:16.975+0000] {manager.py:824} INFO - There are 0 files in /opt/airflow/dags
[2026-03-14T15:42:22.032+0000] {manager.py:821} INFO - Searching for files in /opt/airflow/dags
[2026-03-14T15:42:22.039+0000] {manager.py:824} INFO - There are 0 files in /opt/airflow/dags
[2026-03-14T15:42:27.088+0000] {manager.py:821} INFO - Searching for files in /opt/airflow/dags
[2026-03-14T15:42:27.095+0000] {manager.py:824} INFO - There are 0 files in /opt/airflow/dags
[2026-03-14T15:42:32.147+0000] {manager.py:821} INFO - Searching for files in /opt/airflow/dags
[2026-03-14T15:42:32.155+0000] {manager.py:824} INFO - There are 0 files in /opt/airflow/dags
[2026-03-14T15:42:37.211+0000] {manager.py:821} INFO - Searching for files in /opt/airflow/dags
[2026-03-14T15:42:37.219+0000] {manager.py:824} INFO - There are 0 files in /opt/airflow/dags
[2026-03-14T15:42:42.270+0000] {manager.py:821} INFO - Searching for files in /opt/airflow/dags
[2026-03-14T15:42:42.277+0000] {manager.py:824} INFO - There are 0 files in /opt/airflow/dags
[2026-03-14T15:42:47.329+0000] {manager.py:821} INFO - Searching for files in /opt/airflow/dags
[2026-03-14T15:42:47.336+0000] {manager.py:824} INFO - There are 0 files in /opt/airflow/dags
[2026-03-14T15:42:52.389+0000] {manager.py:821} INFO - Searching for files in /opt/airflow/dags
[2026-03-14T15:42:52.396+0000] {manager.py:824} INFO - There are 0 files in /opt/airflow/dags
[2026-03-14T15:42:57.446+0000] {manager.py:821} INFO - Searching for files in /opt/airflow/dags
[2026-03-14T15:42:57.453+0000] {manager.py:824} INFO - There are 0 files in /opt/airflow/dags
[2026-03-14T15:43:02.507+0000] {manager.py:821} INFO - Searching for files in /opt/airflow/dags
[2026-03-14T15:43:02.514+0000] {manager.py:824} INFO - There are 0 files in /opt/airflow/dags
[2026-03-14T15:43:07.568+0000] {manager.py:821} INFO - Searching for files in /opt/airflow/dags
[2026-03-14T15:43:07.574+0000] {manager.py:824} INFO - There are 0 files in /opt/airflow/dags
[2026-03-14T15:43:12.626+0000] {manager.py:821} INFO - Searching for files in /opt/airflow/dags
[2026-03-14T15:43:12.633+0000] {manager.py:824} INFO - There are 0 files in /opt/airflow/dags
[2026-03-14T15:43:17.684+0000] {manager.py:821} INFO - Searching for files in /opt/airflow/dags
[2026-03-14T15:43:17.691+0000] {manager.py:824} INFO - There are 0 files in /opt/airflow/dags
[2026-03-14T15:43:22.745+0000] {manager.py:821} INFO - Searching for files in /opt/airflow/dags
[2026-03-14T15:43:22.752+0000] {manager.py:824} INFO - There are 0 files in /opt/airflow/dags
[2026-03-14T15:43:27.801+0000] {manager.py:821} INFO - Searching for files in /opt/airflow/dags
[2026-03-14T15:43:27.808+0000] {manager.py:824} INFO - There are 0 files in /opt/airflow/dags
[2026-03-14T15:43:32.861+0000] {manager.py:821} INFO - Searching for files in /opt/airflow/dags
[2026-03-14T15:43:32.868+0000] {manager.py:824} INFO - There are 0 files in /opt/airflow/dags
[2026-03-14T15:43:37.925+0000] {manager.py:821} INFO - Searching for files in /opt/airflow/dags
[2026-03-14T15:43:37.932+0000] {manager.py:824} INFO - There are 0 files in /opt/airflow/dags
[2026-03-14T15:43:42.986+0000] {manager.py:821} INFO - Searching for files in /opt/airflow/dags
[2026-03-14T15:43:42.993+0000] {manager.py:824} INFO - There are 0 files in /opt/airflow/dags
[2026-03-14T15:43:48.047+0000] {manager.py:821} INFO - Searching for files in /opt/airflow/dags
[2026-03-14T15:43:48.053+0000] {manager.py:824} INFO - There are 0 files in /opt/airflow/dags
[2026-03-14T15:43:53.106+0000] {manager.py:821} INFO - Searching for files in /opt/airflow/dags
[2026-03-14T15:43:53.113+0000] {manager.py:824} INFO - There are 0 files in /opt/airflow/dags
[2026-03-14T15:43:58.168+0000] {manager.py:821} INFO - Searching for files in /opt/airflow/dags
[2026-03-14T15:43:58.177+0000] {manager.py:824} INFO - There are 0 files in /opt/airflow/dags
[2026-03-14T15:44:03.246+0000] {manager.py:821} INFO - Searching for files in /opt/airflow/dags
[2026-03-14T15:44:03.254+0000] {manager.py:824} INFO - There are 0 files in /opt/airflow/dags
[2026-03-14T15:44:08.318+0000] {manager.py:821} INFO - Searching for files in /opt/airflow/dags
[2026-03-14T15:44:08.328+0000] {manager.py:824} INFO - There are 0 files in /opt/airflow/dags
[2026-03-14T15:44:13.401+0000] {manager.py:821} INFO - Searching for files in /opt/airflow/dags
[2026-03-14T15:44:13.557+0000] {manager.py:824} INFO - There are 0 files in /opt/airflow/dags
[2026-03-14T15:44:18.634+0000] {manager.py:821} INFO - Searching for files in /opt/airflow/dags
[2026-03-14T15:44:18.642+0000] {manager.py:824} INFO - There are 0 files in /opt/airflow/dags
[2026-03-14T15:44:23.722+0000] {manager.py:821} INFO - Searching for files in /opt/airflow/dags
[2026-03-14T15:44:23.756+0000] {manager.py:824} INFO - There are 0 files in /opt/airflow/dags
[2026-03-14T15:44:28.825+0000] {manager.py:821} INFO - Searching for files in /opt/airflow/dags
[2026-03-14T15:44:28.850+0000] {manager.py:824} INFO - There are 0 files in /opt/airflow/dags
[2026-03-14T15:44:33.910+0000] {manager.py:821} INFO - Searching for files in /opt/airflow/dags
[2026-03-14T15:44:33.918+0000] {manager.py:824} INFO - There are 0 files in /opt/airflow/dags
[2026-03-14T15:44:38.978+0000] {manager.py:821} INFO - Searching for files in /opt/airflow/dags
[2026-03-14T15:44:38.985+0000] {manager.py:824} INFO - There are 0 files in /opt/airflow/dags
[2026-03-14T15:44:44.048+0000] {manager.py:821} INFO - Searching for files in /opt/airflow/dags
[2026-03-14T15:44:44.056+0000] {manager.py:824} INFO - There are 0 files in /opt/airflow/dags
[2026-03-14T15:44:49.115+0000] {manager.py:821} INFO - Searching for files in /opt/airflow/dags
[2026-03-14T15:44:49.121+0000] {manager.py:824} INFO - There are 0 files in /opt/airflow/dags
[2026-03-14T15:44:54.177+0000] {manager.py:821} INFO - Searching for files in /opt/airflow/dags
[2026-03-14T15:44:54.184+0000] {manager.py:824} INFO - There are 0 files in /opt/airflow/dags
[2026-03-14T15:44:59.241+0000] {manager.py:821} INFO - Searching for files in /opt/airflow/dags
[2026-03-14T15:44:59.251+0000] {manager.py:824} INFO - There are 0 files in /opt/airflow/dags
[2026-03-14T15:45:04.349+0000] {manager.py:821} INFO - Searching for files in /opt/airflow/dags
[2026-03-14T15:45:04.356+0000] {manager.py:824} INFO - There are 0 files in /opt/airflow/dags
[2026-03-14T15:45:09.422+0000] {manager.py:821} INFO - Searching for files in /opt/airflow/dags
[2026-03-14T15:45:09.430+0000] {manager.py:824} INFO - There are 0 files in /opt/airflow/dags
[2026-03-14T15:45:14.485+0000] {manager.py:821} INFO - Searching for files in /opt/airflow/dags
[2026-03-14T15:45:14.494+0000] {manager.py:824} INFO - There are 0 files in /opt/airflow/dags
[2026-03-14T15:45:19.556+0000] {manager.py:821} INFO - Searching for files in /opt/airflow/dags
[2026-03-14T15:45:19.563+0000] {manager.py:824} INFO - There are 0 files in /opt/airflow/dags
[2026-03-14T15:45:24.624+0000] {manager.py:821} INFO - Searching for files in /opt/airflow/dags
[2026-03-14T15:45:24.632+0000] {manager.py:824} INFO - There are 0 files in /opt/airflow/dags
[2026-03-14T15:45:29.686+0000] {manager.py:821} INFO - Searching for files in /opt/airflow/dags
[2026-03-14T15:45:29.693+0000] {manager.py:824} INFO - There are 0 files in /opt/airflow/dags
[2026-03-14T15:45:34.745+0000] {manager.py:821} INFO - Searching for files in /opt/airflow/dags
[2026-03-14T15:45:34.752+0000] {manager.py:824} INFO - There are 0 files in /opt/airflow/dags
[2026-03-14T15:45:39.810+0000] {manager.py:821} INFO - Searching for files in /opt/airflow/dags
[2026-03-14T15:45:39.817+0000] {manager.py:824} INFO - There are 0 files in /opt/airflow/dags
[2026-03-14T15:45:44.873+0000] {manager.py:821} INFO - Searching for files in /opt/airflow/dags
[2026-03-14T15:45:44.880+0000] {manager.py:824} INFO - There are 0 files in /opt/airflow/dags
[2026-03-14T15:45:49.937+0000] {manager.py:821} INFO - Searching for files in /opt/airflow/dags
[2026-03-14T15:45:49.944+0000] {manager.py:824} INFO - There are 0 files in /opt/airflow/dags
[2026-03-14T15:45:55.005+0000] {manager.py:821} INFO - Searching for files in /opt/airflow/dags
[2026-03-14T15:45:55.011+0000] {manager.py:824} INFO - There are 0 files in /opt/airflow/dags
[2026-03-14T15:46:00.071+0000] {manager.py:821} INFO - Searching for files in /opt/airflow/dags
[2026-03-14T15:46:00.147+0000] {manager.py:824} INFO - There are 0 files in /opt/airflow/dags
[2026-03-14T15:46:05.229+0000] {manager.py:821} INFO - Searching for files in /opt/airflow/dags
[2026-03-14T15:46:05.235+0000] {manager.py:824} INFO - There are 0 files in /opt/airflow/dags
[2026-03-14T15:46:10.293+0000] {manager.py:821} INFO - Searching for files in /opt/airflow/dags
[2026-03-14T15:46:10.301+0000] {manager.py:824} INFO - There are 0 files in /opt/airflow/dags
[2026-03-14T15:46:15.367+0000] {manager.py:821} INFO - Searching for files in /opt/airflow/dags
[2026-03-14T15:46:15.374+0000] {manager.py:824} INFO - There are 0 files in /opt/airflow/dags
[2026-03-14T15:46:20.431+0000] {manager.py:821} INFO - Searching for files in /opt/airflow/dags
[2026-03-14T15:46:20.440+0000] {manager.py:824} INFO - There are 0 files in /opt/airflow/dags
[2026-03-14T15:46:25.491+0000] {manager.py:821} INFO - Searching for files in /opt/airflow/dags
[2026-03-14T15:46:25.499+0000] {manager.py:824} INFO - There are 0 files in /opt/airflow/dags
[2026-03-14T15:46:30.561+0000] {manager.py:821} INFO - Searching for files in /opt/airflow/dags
[2026-03-14T15:46:30.569+0000] {manager.py:824} INFO - There are 0 files in /opt/airflow/dags
[2026-03-14T15:46:35.628+0000] {manager.py:821} INFO - Searching for files in /opt/airflow/dags
[2026-03-14T15:46:35.635+0000] {manager.py:824} INFO - There are 0 files in /opt/airflow/dags
[2026-03-14T15:46:40.698+0000] {manager.py:821} INFO - Searching for files in /opt/airflow/dags
[2026-03-14T15:46:40.713+0000] {manager.py:824} INFO - There are 0 files in /opt/airflow/dags
[2026-03-14T15:46:45.801+0000] {manager.py:821} INFO - Searching for files in /opt/airflow/dags
[2026-03-14T15:46:45.807+0000] {manager.py:824} INFO - There are 0 files in /opt/airflow/dags
[2026-03-14T15:46:50.867+0000] {manager.py:821} INFO - Searching for files in /opt/airflow/dags
[2026-03-14T15:46:50.875+0000] {manager.py:824} INFO - There are 0 files in /opt/airflow/dags
[2026-03-14T15:46:55.927+0000] {manager.py:821} INFO - Searching for files in /opt/airflow/dags
[2026-03-14T15:46:55.934+0000] {manager.py:824} INFO - There are 0 files in /opt/airflow/dags
[2026-03-14T15:47:00.992+0000] {manager.py:821} INFO - Searching for files in /opt/airflow/dags
[2026-03-14T15:47:00.999+0000] {manager.py:824} INFO - There are 0 files in /opt/airflow/dags
[2026-03-14T15:47:06.055+0000] {manager.py:821} INFO - Searching for files in /opt/airflow/dags
[2026-03-14T15:47:06.064+0000] {manager.py:824} INFO - There are 0 files in /opt/airflow/dags
[2026-03-14T15:47:11.131+0000] {manager.py:821} INFO - Searching for files in /opt/airflow/dags
[2026-03-14T15:47:11.221+0000] {manager.py:824} INFO - There are 0 files in /opt/airflow/dags
[2026-03-14T15:47:16.284+0000] {manager.py:821} INFO - Searching for files in /opt/airflow/dags
[2026-03-14T15:47:16.290+0000] {manager.py:824} INFO - There are 0 files in /opt/airflow/dags
[2026-03-14T15:47:21.353+0000] {manager.py:821} INFO - Searching for files in /opt/airflow/dags
[2026-03-14T15:47:21.360+0000] {manager.py:824} INFO - There are 0 files in /opt/airflow/dags
[2026-03-14T15:47:26.413+0000] {manager.py:821} INFO - Searching for files in /opt/airflow/dags
[2026-03-14T15:47:26.422+0000] {manager.py:824} INFO - There are 0 files in /opt/airflow/dags
[2026-03-14T15:47:31.497+0000] {manager.py:821} INFO - Searching for files in /opt/airflow/dags
[2026-03-14T15:47:31.504+0000] {manager.py:824} INFO - There are 0 files in /opt/airflow/dags
[2026-03-14T15:47:36.579+0000] {manager.py:821} INFO - Searching for files in /opt/airflow/dags
[2026-03-14T15:47:36.588+0000] {manager.py:824} INFO - There are 0 files in /opt/airflow/dags
[2026-03-14T15:47:41.682+0000] {manager.py:821} INFO - Searching for files in /opt/airflow/dags
[2026-03-14T15:47:41.700+0000] {manager.py:824} INFO - There are 0 files in /opt/airflow/dags
[2026-03-14T15:47:46.752+0000] {manager.py:821} INFO - Searching for files in /opt/airflow/dags
[2026-03-14T15:47:46.760+0000] {manager.py:824} INFO - There are 0 files in /opt/airflow/dags
[2026-03-14T15:47:51.835+0000] {manager.py:821} INFO - Searching for files in /opt/airflow/dags
[2026-03-14T15:47:51.843+0000] {manager.py:824} INFO - There are 0 files in /opt/airflow/dags
[2026-03-14T15:47:56.907+0000] {manager.py:821} INFO - Searching for files in /opt/airflow/dags
[2026-03-14T15:47:56.914+0000] {manager.py:824} INFO - There are 0 files in /opt/airflow/dags
[2026-03-14T15:48:01.972+0000] {manager.py:821} INFO - Searching for files in /opt/airflow/dags
[2026-03-14T15:48:01.980+0000] {manager.py:824} INFO - There are 0 files in /opt/airflow/dags
[2026-03-14T15:48:07.039+0000] {manager.py:821} INFO - Searching for files in /opt/airflow/dags
[2026-03-14T15:48:07.046+0000] {manager.py:824} INFO - There are 0 files in /opt/airflow/dags
[2026-03-14T15:48:12.108+0000] {manager.py:821} INFO - Searching for files in /opt/airflow/dags
[2026-03-14T15:48:12.113+0000] {manager.py:824} INFO - There are 0 files in /opt/airflow/dags
[2026-03-14T15:48:17.186+0000] {manager.py:821} INFO - Searching for files in /opt/airflow/dags
[2026-03-14T15:48:17.194+0000] {manager.py:824} INFO - There are 0 files in /opt/airflow/dags
[2026-03-14T15:48:22.265+0000] {manager.py:821} INFO - Searching for files in /opt/airflow/dags
[2026-03-14T15:48:22.270+0000] {manager.py:824} INFO - There are 0 files in /opt/airflow/dags
[2026-03-14T15:48:27.331+0000] {manager.py:821} INFO - Searching for files in /opt/airflow/dags
[2026-03-14T15:48:27.338+0000] {manager.py:824} INFO - There are 0 files in /opt/airflow/dags
[2026-03-14T15:48:32.392+0000] {manager.py:821} INFO - Searching for files in /opt/airflow/dags
[2026-03-14T15:48:32.400+0000] {manager.py:824} INFO - There are 0 files in /opt/airflow/dags
[2026-03-14T15:48:37.456+0000] {manager.py:821} INFO - Searching for files in /opt/airflow/dags
[2026-03-14T15:48:37.464+0000] {manager.py:824} INFO - There are 0 files in /opt/airflow/dags
[2026-03-14T15:48:42.528+0000] {manager.py:821} INFO - Searching for files in /opt/airflow/dags
[2026-03-14T15:48:42.534+0000] {manager.py:824} INFO - There are 0 files in /opt/airflow/dags
[2026-03-14T15:48:47.591+0000] {manager.py:821} INFO - Searching for files in /opt/airflow/dags
[2026-03-14T15:48:47.598+0000] {manager.py:824} INFO - There are 0 files in /opt/airflow/dags
[2026-03-14T15:48:52.662+0000] {manager.py:821} INFO - Searching for files in /opt/airflow/dags
[2026-03-14T15:48:52.670+0000] {manager.py:824} INFO - There are 0 files in /opt/airflow/dags
[2026-03-14T15:48:57.727+0000] {manager.py:821} INFO - Searching for files in /opt/airflow/dags
[2026-03-14T15:48:57.732+0000] {manager.py:824} INFO - There are 0 files in /opt/airflow/dags
[2026-03-14T15:49:02.795+0000] {manager.py:821} INFO - Searching for files in /opt/airflow/dags
[2026-03-14T15:49:02.802+0000] {manager.py:824} INFO - There are 0 files in /opt/airflow/dags
[2026-03-14T15:49:07.857+0000] {manager.py:821} INFO - Searching for files in /opt/airflow/dags
[2026-03-14T15:49:07.864+0000] {manager.py:824} INFO - There are 0 files in /opt/airflow/dags
[2026-03-14T15:49:12.917+0000] {manager.py:821} INFO - Searching for files in /opt/airflow/dags
[2026-03-14T15:49:12.924+0000] {manager.py:824} INFO - There are 0 files in /opt/airflow/dags
[2026-03-14T15:49:17.978+0000] {manager.py:821} INFO - Searching for files in /opt/airflow/dags
[2026-03-14T15:49:17.984+0000] {manager.py:824} INFO - There are 0 files in /opt/airflow/dags
[2026-03-14T15:49:23.036+0000] {manager.py:821} INFO - Searching for files in /opt/airflow/dags
[2026-03-14T15:49:23.043+0000] {manager.py:824} INFO - There are 0 files in /opt/airflow/dags
[2026-03-14T15:49:28.093+0000] {manager.py:821} INFO - Searching for files in /opt/airflow/dags
[2026-03-14T15:49:28.101+0000] {manager.py:824} INFO - There are 0 files in /opt/airflow/dags
[2026-03-14T15:49:33.153+0000] {manager.py:821} INFO - Searching for files in /opt/airflow/dags
[2026-03-14T15:49:33.163+0000] {manager.py:824} INFO - There are 0 files in /opt/airflow/dags
[2026-03-14T15:49:38.222+0000] {manager.py:821} INFO - Searching for files in /opt/airflow/dags
[2026-03-14T15:49:38.228+0000] {manager.py:824} INFO - There are 0 files in /opt/airflow/dags
[2026-03-14T15:49:43.287+0000] {manager.py:821} INFO - Searching for files in /opt/airflow/dags
[2026-03-14T15:49:43.294+0000] {manager.py:824} INFO - There are 0 files in /opt/airflow/dags
[2026-03-14T15:49:48.351+0000] {manager.py:821} INFO - Searching for files in /opt/airflow/dags
[2026-03-14T15:49:48.359+0000] {manager.py:824} INFO - There are 0 files in /opt/airflow/dags
[2026-03-14T15:49:53.412+0000] {manager.py:821} INFO - Searching for files in /opt/airflow/dags
[2026-03-14T15:49:53.419+0000] {manager.py:824} INFO - There are 0 files in /opt/airflow/dags
[2026-03-14T15:49:58.473+0000] {manager.py:821} INFO - Searching for files in /opt/airflow/dags
[2026-03-14T15:49:58.481+0000] {manager.py:824} INFO - There are 0 files in /opt/airflow/dags
[2026-03-14T15:50:03.535+0000] {manager.py:821} INFO - Searching for files in /opt/airflow/dags
[2026-03-14T15:50:03.542+0000] {manager.py:824} INFO - There are 0 files in /opt/airflow/dags
[2026-03-14T15:50:08.606+0000] {manager.py:821} INFO - Searching for files in /opt/airflow/dags
[2026-03-14T15:50:08.674+0000] {manager.py:824} INFO - There are 0 files in /opt/airflow/dags
[2026-03-14T15:50:13.767+0000] {manager.py:821} INFO - Searching for files in /opt/airflow/dags
[2026-03-14T15:50:13.853+0000] {manager.py:824} INFO - There are 0 files in /opt/airflow/dags
[2026-03-14T15:50:18.948+0000] {manager.py:821} INFO - Searching for files in /opt/airflow/dags
[2026-03-14T15:50:18.967+0000] {manager.py:824} INFO - There are 0 files in /opt/airflow/dags
[2026-03-14T15:50:24.037+0000] {manager.py:821} INFO - Searching for files in /opt/airflow/dags
[2026-03-14T15:50:24.057+0000] {manager.py:824} INFO - There are 0 files in /opt/airflow/dags
[2026-03-14T15:50:29.120+0000] {manager.py:821} INFO - Searching for files in /opt/airflow/dags
[2026-03-14T15:50:29.136+0000] {manager.py:824} INFO - There are 0 files in /opt/airflow/dags
[2026-03-14T15:50:34.191+0000] {manager.py:821} INFO - Searching for files in /opt/airflow/dags
[2026-03-14T15:50:34.206+0000] {manager.py:824} INFO - There are 0 files in /opt/airflow/dags
[2026-03-14T15:50:39.270+0000] {manager.py:821} INFO - Searching for files in /opt/airflow/dags
[2026-03-14T15:50:39.285+0000] {manager.py:824} INFO - There are 0 files in /opt/airflow/dags
[2026-03-14T15:50:44.345+0000] {manager.py:821} INFO - Searching for files in /opt/airflow/dags
[2026-03-14T15:50:44.358+0000] {manager.py:824} INFO - There are 0 files in /opt/airflow/dags
[2026-03-14T15:50:49.409+0000] {manager.py:821} INFO - Searching for files in /opt/airflow/dags
[2026-03-14T15:50:49.425+0000] {manager.py:824} INFO - There are 0 files in /opt/airflow/dags
[2026-03-14T15:50:54.483+0000] {manager.py:821} INFO - Searching for files in /opt/airflow/dags
[2026-03-14T15:50:54.507+0000] {manager.py:824} INFO - There are 0 files in /opt/airflow/dags
[2026-03-14T15:50:59.567+0000] {manager.py:821} INFO - Searching for files in /opt/airflow/dags
[2026-03-14T15:50:59.584+0000] {manager.py:824} INFO - There are 0 files in /opt/airflow/dags
[2026-03-14T15:51:04.643+0000] {manager.py:821} INFO - Searching for files in /opt/airflow/dags
[2026-03-14T15:51:04.657+0000] {manager.py:824} INFO - There are 0 files in /opt/airflow/dags
[2026-03-14T15:51:09.708+0000] {manager.py:821} INFO - Searching for files in /opt/airflow/dags
[2026-03-14T15:51:09.724+0000] {manager.py:824} INFO - There are 0 files in /opt/airflow/dags
[2026-03-14T15:51:14.777+0000] {manager.py:821} INFO - Searching for files in /opt/airflow/dags
[2026-03-14T15:51:14.790+0000] {manager.py:824} INFO - There are 0 files in /opt/airflow/dags
[2026-03-14T15:51:19.846+0000] {manager.py:821} INFO - Searching for files in /opt/airflow/dags
[2026-03-14T15:51:19.864+0000] {manager.py:824} INFO - There are 0 files in /opt/airflow/dags
[2026-03-14T15:51:24.937+0000] {manager.py:821} INFO - Searching for files in /opt/airflow/dags
[2026-03-14T15:51:25.010+0000] {manager.py:824} INFO - There are 0 files in /opt/airflow/dags
[2026-03-14T15:51:30.094+0000] {manager.py:821} INFO - Searching for files in /opt/airflow/dags
[2026-03-14T15:51:30.206+0000] {manager.py:824} INFO - There are 0 files in /opt/airflow/dags
[2026-03-14T15:51:35.293+0000] {manager.py:821} INFO - Searching for files in /opt/airflow/dags
[2026-03-14T15:51:35.304+0000] {manager.py:824} INFO - There are 0 files in /opt/airflow/dags
[2026-03-14T15:51:40.365+0000] {manager.py:821} INFO - Searching for files in /opt/airflow/dags
[2026-03-14T15:51:40.381+0000] {manager.py:824} INFO - There are 0 files in /opt/airflow/dags
[2026-03-14T15:51:45.486+0000] {manager.py:821} INFO - Searching for files in /opt/airflow/dags
[2026-03-14T15:51:45.504+0000] {manager.py:824} INFO - There are 0 files in /opt/airflow/dags
[2026-03-14T15:51:50.655+0000] {manager.py:821} INFO - Searching for files in /opt/airflow/dags
[2026-03-14T15:51:51.195+0000] {manager.py:824} INFO - There are 0 files in /opt/airflow/dags
[2026-03-14T15:51:56.638+0000] {manager.py:821} INFO - Searching for files in /opt/airflow/dags
[2026-03-14T15:51:57.020+0000] {manager.py:824} INFO - There are 0 files in /opt/airflow/dags
[2026-03-14T15:52:02.310+0000] {manager.py:821} INFO - Searching for files in /opt/airflow/dags
[2026-03-14T15:52:02.350+0000] {manager.py:824} INFO - There are 0 files in /opt/airflow/dags
[2026-03-14T15:52:07.464+0000] {manager.py:821} INFO - Searching for files in /opt/airflow/dags
[2026-03-14T15:52:07.554+0000] {manager.py:824} INFO - There are 0 files in /opt/airflow/dags
[2026-03-14T15:52:12.778+0000] {manager.py:821} INFO - Searching for files in /opt/airflow/dags
[2026-03-14T15:52:13.193+0000] {manager.py:824} INFO - There are 0 files in /opt/airflow/dags
[2026-03-14T15:52:18.363+0000] {manager.py:821} INFO - Searching for files in /opt/airflow/dags
[2026-03-14T15:52:18.449+0000] {manager.py:824} INFO - There are 0 files in /opt/airflow/dags
[2026-03-14T15:52:23.557+0000] {manager.py:821} INFO - Searching for files in /opt/airflow/dags
[2026-03-14T15:52:23.569+0000] {manager.py:824} INFO - There are 0 files in /opt/airflow/dags
[2026-03-14T15:52:28.627+0000] {manager.py:821} INFO - Searching for files in /opt/airflow/dags
[2026-03-14T15:52:28.640+0000] {manager.py:824} INFO - There are 0 files in /opt/airflow/dags
[2026-03-14T15:52:33.697+0000] {manager.py:821} INFO - Searching for files in /opt/airflow/dags
[2026-03-14T15:52:33.710+0000] {manager.py:824} INFO - There are 0 files in /opt/airflow/dags
[2026-03-14T15:52:38.766+0000] {manager.py:821} INFO - Searching for files in /opt/airflow/dags
[2026-03-14T15:52:38.779+0000] {manager.py:824} INFO - There are 0 files in /opt/airflow/dags
[2026-03-14T15:52:43.839+0000] {manager.py:821} INFO - Searching for files in /opt/airflow/dags
[2026-03-14T15:52:43.855+0000] {manager.py:824} INFO - There are 0 files in /opt/airflow/dags
[2026-03-14T15:52:48.916+0000] {manager.py:821} INFO - Searching for files in /opt/airflow/dags
[2026-03-14T15:52:48.932+0000] {manager.py:824} INFO - There are 0 files in /opt/airflow/dags
[2026-03-14T15:52:53.996+0000] {manager.py:821} INFO - Searching for files in /opt/airflow/dags
[2026-03-14T15:52:54.015+0000] {manager.py:824} INFO - There are 0 files in /opt/airflow/dags
[2026-03-14T15:52:59.077+0000] {manager.py:821} INFO - Searching for files in /opt/airflow/dags
[2026-03-14T15:52:59.094+0000] {manager.py:824} INFO - There are 0 files in /opt/airflow/dags
[2026-03-14T15:53:04.203+0000] {manager.py:821} INFO - Searching for files in /opt/airflow/dags
[2026-03-14T15:53:04.217+0000] {manager.py:824} INFO - There are 0 files in /opt/airflow/dags
[2026-03-14T15:53:09.278+0000] {manager.py:821} INFO - Searching for files in /opt/airflow/dags
[2026-03-14T15:53:09.291+0000] {manager.py:824} INFO - There are 0 files in /opt/airflow/dags
[2026-03-14T15:53:14.352+0000] {manager.py:821} INFO - Searching for files in /opt/airflow/dags
[2026-03-14T15:53:14.440+0000] {manager.py:824} INFO - There are 0 files in /opt/airflow/dags
[2026-03-14T15:53:19.534+0000] {manager.py:821} INFO - Searching for files in /opt/airflow/dags
[2026-03-14T15:53:20.023+0000] {manager.py:824} INFO - There are 0 files in /opt/airflow/dags
[2026-03-14T15:53:25.310+0000] {manager.py:821} INFO - Searching for files in /opt/airflow/dags
[2026-03-14T15:53:25.360+0000] {manager.py:824} INFO - There are 0 files in /opt/airflow/dags
[2026-03-14T15:53:30.449+0000] {manager.py:821} INFO - Searching for files in /opt/airflow/dags
[2026-03-14T15:53:30.661+0000] {manager.py:824} INFO - There are 0 files in /opt/airflow/dags
[2026-03-14T15:53:35.832+0000] {manager.py:821} INFO - Searching for files in /opt/airflow/dags
[2026-03-14T15:53:36.146+0000] {manager.py:824} INFO - There are 0 files in /opt/airflow/dags
[2026-03-14T15:53:41.305+0000] {manager.py:821} INFO - Searching for files in /opt/airflow/dags
[2026-03-14T15:53:41.870+0000] {manager.py:824} INFO - There are 0 files in /opt/airflow/dags
[2026-03-14T15:53:46.966+0000] {manager.py:821} INFO - Searching for files in /opt/airflow/dags
[2026-03-14T15:53:46.982+0000] {manager.py:824} INFO - There are 0 files in /opt/airflow/dags
[2026-03-14T15:53:52.051+0000] {manager.py:821} INFO - Searching for files in /opt/airflow/dags
[2026-03-14T15:53:52.070+0000] {manager.py:824} INFO - There are 0 files in /opt/airflow/dags
[2026-03-14T15:53:57.140+0000] {manager.py:821} INFO - Searching for files in /opt/airflow/dags
[2026-03-14T15:53:58.019+0000] {manager.py:824} INFO - There are 0 files in /opt/airflow/dags
[2026-03-14T15:54:02.461+0000] {manager.py:821} INFO - Searching for files in /opt/airflow/dags
[2026-03-14T15:54:02.718+0000] {manager.py:824} INFO - There are 0 files in /opt/airflow/dags
[2026-03-14T15:54:07.858+0000] {manager.py:821} INFO - Searching for files in /opt/airflow/dags
[2026-03-14T15:54:07.889+0000] {manager.py:824} INFO - There are 0 files in /opt/airflow/dags
[2026-03-14T15:54:12.967+0000] {manager.py:821} INFO - Searching for files in /opt/airflow/dags
[2026-03-14T15:54:13.056+0000] {manager.py:824} INFO - There are 0 files in /opt/airflow/dags
[2026-03-14T15:54:18.141+0000] {manager.py:821} INFO - Searching for files in /opt/airflow/dags
[2026-03-14T15:54:18.173+0000] {manager.py:824} INFO - There are 0 files in /opt/airflow/dags
[2026-03-14T15:54:23.283+0000] {manager.py:821} INFO - Searching for files in /opt/airflow/dags
[2026-03-14T15:54:23.305+0000] {manager.py:824} INFO - There are 0 files in /opt/airflow/dags
[2026-03-14T15:54:28.375+0000] {manager.py:821} INFO - Searching for files in /opt/airflow/dags
[2026-03-14T15:54:28.388+0000] {manager.py:824} INFO - There are 0 files in /opt/airflow/dags
[2026-03-14T15:54:33.449+0000] {manager.py:821} INFO - Searching for files in /opt/airflow/dags
[2026-03-14T15:54:33.469+0000] {manager.py:824} INFO - There are 0 files in /opt/airflow/dags
[2026-03-14T15:54:38.528+0000] {manager.py:821} INFO - Searching for files in /opt/airflow/dags
[2026-03-14T15:54:38.541+0000] {manager.py:824} INFO - There are 0 files in /opt/airflow/dags
[2026-03-14T15:54:43.595+0000] {manager.py:821} INFO - Searching for files in /opt/airflow/dags
[2026-03-14T15:54:43.608+0000] {manager.py:824} INFO - There are 0 files in /opt/airflow/dags
[2026-03-14T15:54:48.658+0000] {manager.py:821} INFO - Searching for files in /opt/airflow/dags
[2026-03-14T15:54:48.672+0000] {manager.py:824} INFO - There are 0 files in /opt/airflow/dags
[2026-03-14T15:54:53.731+0000] {manager.py:821} INFO - Searching for files in /opt/airflow/dags
[2026-03-14T15:54:53.744+0000] {manager.py:824} INFO - There are 0 files in /opt/airflow/dags
[2026-03-14T15:54:58.795+0000] {manager.py:821} INFO - Searching for files in /opt/airflow/dags
[2026-03-14T15:54:58.810+0000] {manager.py:824} INFO - There are 0 files in /opt/airflow/dags
[2026-03-14T15:55:03.862+0000] {manager.py:821} INFO - Searching for files in /opt/airflow/dags
[2026-03-14T15:55:03.882+0000] {manager.py:824} INFO - There are 0 files in /opt/airflow/dags
[2026-03-14T15:55:08.945+0000] {manager.py:821} INFO - Searching for files in /opt/airflow/dags
[2026-03-14T15:55:08.957+0000] {manager.py:824} INFO - There are 0 files in /opt/airflow/dags
[2026-03-14T15:55:14.011+0000] {manager.py:821} INFO - Searching for files in /opt/airflow/dags
[2026-03-14T15:55:14.024+0000] {manager.py:824} INFO - There are 0 files in /opt/airflow/dags
[2026-03-14T15:55:19.081+0000] {manager.py:821} INFO - Searching for files in /opt/airflow/dags
[2026-03-14T15:55:19.094+0000] {manager.py:824} INFO - There are 0 files in /opt/airflow/dags
[2026-03-14T15:55:24.147+0000] {manager.py:821} INFO - Searching for files in /opt/airflow/dags
[2026-03-14T15:55:24.163+0000] {manager.py:824} INFO - There are 0 files in /opt/airflow/dags
[2026-03-14T15:55:29.218+0000] {manager.py:821} INFO - Searching for files in /opt/airflow/dags
[2026-03-14T15:55:29.233+0000] {manager.py:824} INFO - There are 0 files in /opt/airflow/dags
[2026-03-14T15:55:34.284+0000] {manager.py:821} INFO - Searching for files in /opt/airflow/dags
[2026-03-14T15:55:34.299+0000] {manager.py:824} INFO - There are 0 files in /opt/airflow/dags
[2026-03-14T15:55:39.355+0000] {manager.py:821} INFO - Searching for files in /opt/airflow/dags
[2026-03-14T15:55:39.368+0000] {manager.py:824} INFO - There are 0 files in /opt/airflow/dags
[2026-03-14T15:55:44.430+0000] {manager.py:821} INFO - Searching for files in /opt/airflow/dags
[2026-03-14T15:55:44.451+0000] {manager.py:824} INFO - There are 0 files in /opt/airflow/dags
[2026-03-14T15:55:49.517+0000] {manager.py:821} INFO - Searching for files in /opt/airflow/dags
[2026-03-14T15:55:49.531+0000] {manager.py:824} INFO - There are 0 files in /opt/airflow/dags
[2026-03-14T15:55:54.590+0000] {manager.py:821} INFO - Searching for files in /opt/airflow/dags
[2026-03-14T15:55:54.604+0000] {manager.py:824} INFO - There are 0 files in /opt/airflow/dags
[2026-03-14T15:55:59.657+0000] {manager.py:821} INFO - Searching for files in /opt/airflow/dags
[2026-03-14T15:55:59.672+0000] {manager.py:824} INFO - There are 0 files in /opt/airflow/dags
[2026-03-14T15:56:04.726+0000] {manager.py:821} INFO - Searching for files in /opt/airflow/dags
[2026-03-14T15:56:04.740+0000] {manager.py:824} INFO - There are 0 files in /opt/airflow/dags
[2026-03-14T15:56:09.793+0000] {manager.py:821} INFO - Searching for files in /opt/airflow/dags
[2026-03-14T15:56:09.811+0000] {manager.py:824} INFO - There are 0 files in /opt/airflow/dags
[2026-03-14T15:56:14.873+0000] {manager.py:821} INFO - Searching for files in /opt/airflow/dags
[2026-03-14T15:56:14.890+0000] {manager.py:824} INFO - There are 0 files in /opt/airflow/dags
[2026-03-14T15:56:19.949+0000] {manager.py:821} INFO - Searching for files in /opt/airflow/dags
[2026-03-14T15:56:19.965+0000] {manager.py:824} INFO - There are 0 files in /opt/airflow/dags
[2026-03-14T15:56:25.020+0000] {manager.py:821} INFO - Searching for files in /opt/airflow/dags
[2026-03-14T15:56:25.035+0000] {manager.py:824} INFO - There are 0 files in /opt/airflow/dags
[2026-03-14T15:56:30.088+0000] {manager.py:821} INFO - Searching for files in /opt/airflow/dags
[2026-03-14T15:56:30.102+0000] {manager.py:824} INFO - There are 0 files in /opt/airflow/dags
[2026-03-14T15:56:35.154+0000] {manager.py:821} INFO - Searching for files in /opt/airflow/dags
[2026-03-14T15:56:35.171+0000] {manager.py:824} INFO - There are 0 files in /opt/airflow/dags
[2026-03-14T15:56:40.236+0000] {manager.py:821} INFO - Searching for files in /opt/airflow/dags
[2026-03-14T15:56:40.250+0000] {manager.py:824} INFO - There are 0 files in /opt/airflow/dags
[2026-03-14T15:56:45.341+0000] {manager.py:821} INFO - Searching for files in /opt/airflow/dags
[2026-03-14T15:56:45.371+0000] {manager.py:824} INFO - There are 0 files in /opt/airflow/dags
[2026-03-14T15:56:50.450+0000] {manager.py:821} INFO - Searching for files in /opt/airflow/dags
[2026-03-14T15:56:50.466+0000] {manager.py:824} INFO - There are 0 files in /opt/airflow/dags
[2026-03-14T15:56:55.522+0000] {manager.py:821} INFO - Searching for files in /opt/airflow/dags
[2026-03-14T15:56:55.539+0000] {manager.py:824} INFO - There are 0 files in /opt/airflow/dags
[2026-03-14T15:57:00.603+0000] {manager.py:821} INFO - Searching for files in /opt/airflow/dags
[2026-03-14T15:57:00.619+0000] {manager.py:824} INFO - There are 0 files in /opt/airflow/dags
[2026-03-14T15:57:05.676+0000] {manager.py:821} INFO - Searching for files in /opt/airflow/dags
[2026-03-14T15:57:05.691+0000] {manager.py:824} INFO - There are 0 files in /opt/airflow/dags
[2026-03-14T15:57:10.744+0000] {manager.py:821} INFO - Searching for files in /opt/airflow/dags
[2026-03-14T15:57:10.760+0000] {manager.py:824} INFO - There are 0 files in /opt/airflow/dags
[2026-03-14T15:57:15.825+0000] {manager.py:821} INFO - Searching for files in /opt/airflow/dags
[2026-03-14T15:57:15.860+0000] {manager.py:824} INFO - There are 0 files in /opt/airflow/dags
[2026-03-14T15:57:20.922+0000] {manager.py:821} INFO - Searching for files in /opt/airflow/dags
[2026-03-14T15:57:20.939+0000] {manager.py:824} INFO - There are 0 files in /opt/airflow/dags
[2026-03-14T15:57:25.990+0000] {manager.py:821} INFO - Searching for files in /opt/airflow/dags
[2026-03-14T15:57:26.003+0000] {manager.py:824} INFO - There are 0 files in /opt/airflow/dags
[2026-03-14T15:57:31.059+0000] {manager.py:821} INFO - Searching for files in /opt/airflow/dags
[2026-03-14T15:57:31.072+0000] {manager.py:824} INFO - There are 0 files in /opt/airflow/dags
[2026-03-14T15:57:36.125+0000] {manager.py:821} INFO - Searching for files in /opt/airflow/dags
[2026-03-14T15:57:36.135+0000] {manager.py:824} INFO - There are 0 files in /opt/airflow/dags
[2026-03-14T15:57:41.191+0000] {manager.py:821} INFO - Searching for files in /opt/airflow/dags
[2026-03-14T15:57:41.203+0000] {manager.py:824} INFO - There are 0 files in /opt/airflow/dags
[2026-03-14T15:57:46.261+0000] {manager.py:821} INFO - Searching for files in /opt/airflow/dags
[2026-03-14T15:57:46.275+0000] {manager.py:824} INFO - There are 0 files in /opt/airflow/dags
[2026-03-14T15:57:51.335+0000] {manager.py:821} INFO - Searching for files in /opt/airflow/dags
[2026-03-14T15:57:51.349+0000] {manager.py:824} INFO - There are 0 files in /opt/airflow/dags
[2026-03-14T15:57:56.411+0000] {manager.py:821} INFO - Searching for files in /opt/airflow/dags
[2026-03-14T15:57:56.422+0000] {manager.py:824} INFO - There are 0 files in /opt/airflow/dags
[2026-03-14T15:58:01.481+0000] {manager.py:821} INFO - Searching for files in /opt/airflow/dags
[2026-03-14T15:58:01.494+0000] {manager.py:824} INFO - There are 0 files in /opt/airflow/dags
[2026-03-14T15:58:06.544+0000] {manager.py:821} INFO - Searching for files in /opt/airflow/dags
[2026-03-14T15:58:06.558+0000] {manager.py:824} INFO - There are 0 files in /opt/airflow/dags
[2026-03-14T15:58:11.610+0000] {manager.py:821} INFO - Searching for files in /opt/airflow/dags
[2026-03-14T15:58:11.630+0000] {manager.py:824} INFO - There are 0 files in /opt/airflow/dags
[2026-03-14T15:58:16.682+0000] {manager.py:821} INFO - Searching for files in /opt/airflow/dags
[2026-03-14T15:58:16.696+0000] {manager.py:824} INFO - There are 0 files in /opt/airflow/dags
[2026-03-14T15:58:21.749+0000] {manager.py:821} INFO - Searching for files in /opt/airflow/dags
[2026-03-14T15:58:21.764+0000] {manager.py:824} INFO - There are 0 files in /opt/airflow/dags
[2026-03-14T15:58:26.815+0000] {manager.py:821} INFO - Searching for files in /opt/airflow/dags
[2026-03-14T15:58:26.830+0000] {manager.py:824} INFO - There are 0 files in /opt/airflow/dags
[2026-03-14T15:58:31.881+0000] {manager.py:821} INFO - Searching for files in /opt/airflow/dags
[2026-03-14T15:58:31.895+0000] {manager.py:824} INFO - There are 0 files in /opt/airflow/dags
[2026-03-14T15:58:36.948+0000] {manager.py:821} INFO - Searching for files in /opt/airflow/dags
[2026-03-14T15:58:36.967+0000] {manager.py:824} INFO - There are 0 files in /opt/airflow/dags
[2026-03-14T15:58:42.029+0000] {manager.py:821} INFO - Searching for files in /opt/airflow/dags
[2026-03-14T15:58:42.042+0000] {manager.py:824} INFO - There are 0 files in /opt/airflow/dags
[2026-03-14T15:58:47.100+0000] {manager.py:821} INFO - Searching for files in /opt/airflow/dags
[2026-03-14T15:58:47.114+0000] {manager.py:824} INFO - There are 0 files in /opt/airflow/dags
[2026-03-14T15:58:52.168+0000] {manager.py:821} INFO - Searching for files in /opt/airflow/dags
[2026-03-14T15:58:52.182+0000] {manager.py:824} INFO - There are 0 files in /opt/airflow/dags
[2026-03-14T15:58:57.232+0000] {manager.py:821} INFO - Searching for files in /opt/airflow/dags
[2026-03-14T15:58:57.245+0000] {manager.py:824} INFO - There are 0 files in /opt/airflow/dags
[2026-03-14T15:59:02.299+0000] {manager.py:821} INFO - Searching for files in /opt/airflow/dags
[2026-03-14T15:59:02.310+0000] {manager.py:824} INFO - There are 0 files in /opt/airflow/dags
[2026-03-14T15:59:07.374+0000] {manager.py:821} INFO - Searching for files in /opt/airflow/dags
[2026-03-14T15:59:07.388+0000] {manager.py:824} INFO - There are 0 files in /opt/airflow/dags
[2026-03-14T15:59:12.441+0000] {manager.py:821} INFO - Searching for files in /opt/airflow/dags
[2026-03-14T15:59:12.454+0000] {manager.py:824} INFO - There are 0 files in /opt/airflow/dags
[2026-03-14T15:59:17.504+0000] {manager.py:821} INFO - Searching for files in /opt/airflow/dags
[2026-03-14T15:59:17.519+0000] {manager.py:824} INFO - There are 0 files in /opt/airflow/dags
[2026-03-14T15:59:22.570+0000] {manager.py:821} INFO - Searching for files in /opt/airflow/dags
[2026-03-14T15:59:22.584+0000] {manager.py:824} INFO - There are 0 files in /opt/airflow/dags
[2026-03-14T15:59:27.640+0000] {manager.py:821} INFO - Searching for files in /opt/airflow/dags
[2026-03-14T15:59:27.655+0000] {manager.py:824} INFO - There are 0 files in /opt/airflow/dags
[2026-03-14T15:59:32.708+0000] {manager.py:821} INFO - Searching for files in /opt/airflow/dags
[2026-03-14T15:59:32.723+0000] {manager.py:824} INFO - There are 0 files in /opt/airflow/dags
[2026-03-14T15:59:37.775+0000] {manager.py:821} INFO - Searching for files in /opt/airflow/dags
[2026-03-14T15:59:37.788+0000] {manager.py:824} INFO - There are 0 files in /opt/airflow/dags
[2026-03-14T15:59:42.840+0000] {manager.py:821} INFO - Searching for files in /opt/airflow/dags
[2026-03-14T15:59:42.854+0000] {manager.py:824} INFO - There are 0 files in /opt/airflow/dags
[2026-03-14T15:59:47.911+0000] {manager.py:821} INFO - Searching for files in /opt/airflow/dags
[2026-03-14T15:59:47.924+0000] {manager.py:824} INFO - There are 0 files in /opt/airflow/dags
[2026-03-14T15:59:52.977+0000] {manager.py:821} INFO - Searching for files in /opt/airflow/dags
[2026-03-14T15:59:52.991+0000] {manager.py:824} INFO - There are 0 files in /opt/airflow/dags
[2026-03-14T15:59:58.041+0000] {manager.py:821} INFO - Searching for files in /opt/airflow/dags
[2026-03-14T15:59:58.055+0000] {manager.py:824} INFO - There are 0 files in /opt/airflow/dags
[2026-03-14T16:00:03.113+0000] {manager.py:821} INFO - Searching for files in /opt/airflow/dags
[2026-03-14T16:00:03.128+0000] {manager.py:824} INFO - There are 0 files in /opt/airflow/dags
[2026-03-14T16:00:08.179+0000] {manager.py:821} INFO - Searching for files in /opt/airflow/dags
[2026-03-14T16:00:08.192+0000] {manager.py:824} INFO - There are 0 files in /opt/airflow/dags
[2026-03-14T16:00:13.245+0000] {manager.py:821} INFO - Searching for files in /opt/airflow/dags
[2026-03-14T16:00:13.258+0000] {manager.py:824} INFO - There are 0 files in /opt/airflow/dags
[2026-03-14T16:00:18.311+0000] {manager.py:821} INFO - Searching for files in /opt/airflow/dags
[2026-03-14T16:00:18.323+0000] {manager.py:824} INFO - There are 0 files in /opt/airflow/dags
[2026-03-14T16:00:23.373+0000] {manager.py:821} INFO - Searching for files in /opt/airflow/dags
[2026-03-14T16:00:23.387+0000] {manager.py:824} INFO - There are 0 files in /opt/airflow/dags
[2026-03-14T16:00:28.436+0000] {manager.py:821} INFO - Searching for files in /opt/airflow/dags
[2026-03-14T16:00:28.450+0000] {manager.py:824} INFO - There are 0 files in /opt/airflow/dags
[2026-03-14T16:00:33.505+0000] {manager.py:821} INFO - Searching for files in /opt/airflow/dags
[2026-03-14T16:00:33.517+0000] {manager.py:824} INFO - There are 0 files in /opt/airflow/dags
[2026-03-14T16:00:38.572+0000] {manager.py:821} INFO - Searching for files in /opt/airflow/dags
[2026-03-14T16:00:38.585+0000] {manager.py:824} INFO - There are 0 files in /opt/airflow/dags
[2026-03-14T16:00:43.640+0000] {manager.py:821} INFO - Searching for files in /opt/airflow/dags
[2026-03-14T16:00:43.653+0000] {manager.py:824} INFO - There are 0 files in /opt/airflow/dags
[2026-03-14T16:00:48.709+0000] {manager.py:821} INFO - Searching for files in /opt/airflow/dags
[2026-03-14T16:00:48.722+0000] {manager.py:824} INFO - There are 0 files in /opt/airflow/dags
[2026-03-14T16:00:53.776+0000] {manager.py:821} INFO - Searching for files in /opt/airflow/dags
[2026-03-14T16:00:53.790+0000] {manager.py:824} INFO - There are 0 files in /opt/airflow/dags
[2026-03-14T16:00:58.838+0000] {manager.py:821} INFO - Searching for files in /opt/airflow/dags
[2026-03-14T16:00:58.852+0000] {manager.py:824} INFO - There are 0 files in /opt/airflow/dags
[2026-03-14T16:01:03.906+0000] {manager.py:821} INFO - Searching for files in /opt/airflow/dags
[2026-03-14T16:01:03.924+0000] {manager.py:824} INFO - There are 0 files in /opt/airflow/dags
[2026-03-14T16:01:08.988+0000] {manager.py:821} INFO - Searching for files in /opt/airflow/dags
[2026-03-14T16:01:09.003+0000] {manager.py:824} INFO - There are 0 files in /opt/airflow/dags
[2026-03-14T16:01:14.055+0000] {manager.py:821} INFO - Searching for files in /opt/airflow/dags
[2026-03-14T16:01:14.070+0000] {manager.py:824} INFO - There are 0 files in /opt/airflow/dags
[2026-03-14T16:01:19.124+0000] {manager.py:821} INFO - Searching for files in /opt/airflow/dags
[2026-03-14T16:01:19.138+0000] {manager.py:824} INFO - There are 0 files in /opt/airflow/dags
[2026-03-14T16:01:24.193+0000] {manager.py:821} INFO - Searching for files in /opt/airflow/dags
[2026-03-14T16:01:24.209+0000] {manager.py:824} INFO - There are 0 files in /opt/airflow/dags
[2026-03-14T16:01:29.260+0000] {manager.py:821} INFO - Searching for files in /opt/airflow/dags
[2026-03-14T16:01:29.276+0000] {manager.py:824} INFO - There are 0 files in /opt/airflow/dags
[2026-03-14T16:01:34.332+0000] {manager.py:821} INFO - Searching for files in /opt/airflow/dags
[2026-03-14T16:01:34.346+0000] {manager.py:824} INFO - There are 0 files in /opt/airflow/dags
[2026-03-14T16:01:39.403+0000] {manager.py:821} INFO - Searching for files in /opt/airflow/dags
[2026-03-14T16:01:39.418+0000] {manager.py:824} INFO - There are 0 files in /opt/airflow/dags
[2026-03-14T16:01:44.472+0000] {manager.py:821} INFO - Searching for files in /opt/airflow/dags
[2026-03-14T16:01:44.486+0000] {manager.py:824} INFO - There are 0 files in /opt/airflow/dags
[2026-03-14T16:01:49.546+0000] {manager.py:821} INFO - Searching for files in /opt/airflow/dags
[2026-03-14T16:01:49.559+0000] {manager.py:824} INFO - There are 0 files in /opt/airflow/dags
[2026-03-14T16:01:54.616+0000] {manager.py:821} INFO - Searching for files in /opt/airflow/dags
[2026-03-14T16:01:54.704+0000] {manager.py:824} INFO - There are 0 files in /opt/airflow/dags
[2026-03-14T16:01:59.780+0000] {manager.py:821} INFO - Searching for files in /opt/airflow/dags
[2026-03-14T16:01:59.793+0000] {manager.py:824} INFO - There are 0 files in /opt/airflow/dags
[2026-03-14T16:02:04.885+0000] {manager.py:821} INFO - Searching for files in /opt/airflow/dags
[2026-03-14T16:02:04.901+0000] {manager.py:824} INFO - There are 0 files in /opt/airflow/dags
[2026-03-14T16:02:09.990+0000] {manager.py:821} INFO - Searching for files in /opt/airflow/dags
[2026-03-14T16:02:10.004+0000] {manager.py:824} INFO - There are 0 files in /opt/airflow/dags
[2026-03-14T16:02:15.079+0000] {manager.py:821} INFO - Searching for files in /opt/airflow/dags
[2026-03-14T16:02:15.089+0000] {manager.py:824} INFO - There are 0 files in /opt/airflow/dags
[2026-03-14T16:02:20.186+0000] {manager.py:821} INFO - Searching for files in /opt/airflow/dags
[2026-03-14T16:02:20.204+0000] {manager.py:824} INFO - There are 0 files in /opt/airflow/dags
[2026-03-14T16:02:25.283+0000] {manager.py:821} INFO - Searching for files in /opt/airflow/dags
[2026-03-14T16:02:25.299+0000] {manager.py:824} INFO - There are 0 files in /opt/airflow/dags
[2026-03-14T16:02:30.354+0000] {manager.py:821} INFO - Searching for files in /opt/airflow/dags
[2026-03-14T16:02:30.367+0000] {manager.py:824} INFO - There are 0 files in /opt/airflow/dags
[2026-03-14T16:02:35.424+0000] {manager.py:821} INFO - Searching for files in /opt/airflow/dags
[2026-03-14T16:02:35.437+0000] {manager.py:824} INFO - There are 0 files in /opt/airflow/dags
[2026-03-14T16:02:40.498+0000] {manager.py:821} INFO - Searching for files in /opt/airflow/dags
[2026-03-14T16:02:40.512+0000] {manager.py:824} INFO - There are 0 files in /opt/airflow/dags
[2026-03-14T16:02:45.584+0000] {manager.py:821} INFO - Searching for files in /opt/airflow/dags
[2026-03-14T16:02:45.599+0000] {manager.py:824} INFO - There are 0 files in /opt/airflow/dags
[2026-03-14T16:02:50.657+0000] {manager.py:821} INFO - Searching for files in /opt/airflow/dags
[2026-03-14T16:02:50.667+0000] {manager.py:824} INFO - There are 0 files in /opt/airflow/dags
[2026-03-14T16:02:55.722+0000] {manager.py:821} INFO - Searching for files in /opt/airflow/dags
[2026-03-14T16:02:55.735+0000] {manager.py:824} INFO - There are 0 files in /opt/airflow/dags
[2026-03-14T16:03:00.794+0000] {manager.py:821} INFO - Searching for files in /opt/airflow/dags
[2026-03-14T16:03:00.804+0000] {manager.py:824} INFO - There are 0 files in /opt/airflow/dags
[2026-03-14T16:03:05.868+0000] {manager.py:821} INFO - Searching for files in /opt/airflow/dags
[2026-03-14T16:03:05.882+0000] {manager.py:824} INFO - There are 0 files in /opt/airflow/dags
[2026-03-14T16:03:10.940+0000] {manager.py:821} INFO - Searching for files in /opt/airflow/dags
[2026-03-14T16:03:10.955+0000] {manager.py:824} INFO - There are 0 files in /opt/airflow/dags
[2026-03-14T16:03:16.010+0000] {manager.py:821} INFO - Searching for files in /opt/airflow/dags
[2026-03-14T16:03:16.024+0000] {manager.py:824} INFO - There are 0 files in /opt/airflow/dags
[2026-03-14T16:03:21.084+0000] {manager.py:821} INFO - Searching for files in /opt/airflow/dags
[2026-03-14T16:03:21.101+0000] {manager.py:824} INFO - There are 0 files in /opt/airflow/dags
[2026-03-14T16:03:26.156+0000] {manager.py:821} INFO - Searching for files in /opt/airflow/dags
[2026-03-14T16:03:26.170+0000] {manager.py:824} INFO - There are 0 files in /opt/airflow/dags
[2026-03-14T16:03:31.228+0000] {manager.py:821} INFO - Searching for files in /opt/airflow/dags
[2026-03-14T16:03:31.243+0000] {manager.py:824} INFO - There are 0 files in /opt/airflow/dags
[2026-03-14T16:03:36.295+0000] {manager.py:821} INFO - Searching for files in /opt/airflow/dags
[2026-03-14T16:03:36.310+0000] {manager.py:824} INFO - There are 0 files in /opt/airflow/dags
[2026-03-14T16:03:41.361+0000] {manager.py:821} INFO - Searching for files in /opt/airflow/dags
[2026-03-14T16:03:41.376+0000] {manager.py:824} INFO - There are 0 files in /opt/airflow/dags
[2026-03-14T16:03:46.428+0000] {manager.py:821} INFO - Searching for files in /opt/airflow/dags
[2026-03-14T16:03:46.441+0000] {manager.py:824} INFO - There are 0 files in /opt/airflow/dags
[2026-03-14T16:03:51.496+0000] {manager.py:821} INFO - Searching for files in /opt/airflow/dags
[2026-03-14T16:03:51.511+0000] {manager.py:824} INFO - There are 0 files in /opt/airflow/dags
[2026-03-14T16:03:56.557+0000] {manager.py:821} INFO - Searching for files in /opt/airflow/dags
[2026-03-14T16:03:56.573+0000] {manager.py:824} INFO - There are 0 files in /opt/airflow/dags
[2026-03-14T16:04:01.634+0000] {manager.py:821} INFO - Searching for files in /opt/airflow/dags
[2026-03-14T16:04:01.649+0000] {manager.py:824} INFO - There are 0 files in /opt/airflow/dags
[2026-03-14T16:04:06.708+0000] {manager.py:821} INFO - Searching for files in /opt/airflow/dags
[2026-03-14T16:04:06.723+0000] {manager.py:824} INFO - There are 0 files in /opt/airflow/dags
[2026-03-14T16:04:11.793+0000] {manager.py:821} INFO - Searching for files in /opt/airflow/dags
[2026-03-14T16:04:11.806+0000] {manager.py:824} INFO - There are 0 files in /opt/airflow/dags
[2026-03-14T16:04:16.870+0000] {manager.py:821} INFO - Searching for files in /opt/airflow/dags
[2026-03-14T16:04:16.885+0000] {manager.py:824} INFO - There are 0 files in /opt/airflow/dags
[2026-03-14T16:04:21.944+0000] {manager.py:821} INFO - Searching for files in /opt/airflow/dags
[2026-03-14T16:04:21.959+0000] {manager.py:824} INFO - There are 0 files in /opt/airflow/dags
[2026-03-14T16:04:27.015+0000] {manager.py:821} INFO - Searching for files in /opt/airflow/dags
[2026-03-14T16:04:27.026+0000] {manager.py:824} INFO - There are 0 files in /opt/airflow/dags
[2026-03-14T16:04:32.076+0000] {manager.py:821} INFO - Searching for files in /opt/airflow/dags
[2026-03-14T16:04:32.090+0000] {manager.py:824} INFO - There are 0 files in /opt/airflow/dags
[2026-03-14T16:04:37.141+0000] {manager.py:821} INFO - Searching for files in /opt/airflow/dags
[2026-03-14T16:04:37.157+0000] {manager.py:824} INFO - There are 0 files in /opt/airflow/dags
[2026-03-14T16:04:42.213+0000] {manager.py:821} INFO - Searching for files in /opt/airflow/dags
[2026-03-14T16:04:42.228+0000] {manager.py:824} INFO - There are 0 files in /opt/airflow/dags
[2026-03-14T16:04:47.280+0000] {manager.py:821} INFO - Searching for files in /opt/airflow/dags
[2026-03-14T16:04:47.295+0000] {manager.py:824} INFO - There are 0 files in /opt/airflow/dags
[2026-03-14T16:04:52.352+0000] {manager.py:821} INFO - Searching for files in /opt/airflow/dags
[2026-03-14T16:04:52.364+0000] {manager.py:824} INFO - There are 0 files in /opt/airflow/dags
[2026-03-14T16:04:57.414+0000] {manager.py:821} INFO - Searching for files in /opt/airflow/dags
[2026-03-14T16:04:57.429+0000] {manager.py:824} INFO - There are 0 files in /opt/airflow/dags
[2026-03-14T16:05:02.482+0000] {manager.py:821} INFO - Searching for files in /opt/airflow/dags
[2026-03-14T16:05:02.498+0000] {manager.py:824} INFO - There are 0 files in /opt/airflow/dags
[2026-03-14T16:05:07.553+0000] {manager.py:821} INFO - Searching for files in /opt/airflow/dags
[2026-03-14T16:05:07.567+0000] {manager.py:824} INFO - There are 0 files in /opt/airflow/dags
[2026-03-14T16:05:12.619+0000] {manager.py:821} INFO - Searching for files in /opt/airflow/dags
[2026-03-14T16:05:12.637+0000] {manager.py:824} INFO - There are 0 files in /opt/airflow/dags
[2026-03-14T16:05:17.702+0000] {manager.py:821} INFO - Searching for files in /opt/airflow/dags
[2026-03-14T16:05:17.718+0000] {manager.py:824} INFO - There are 0 files in /opt/airflow/dags
[2026-03-14T16:05:22.769+0000] {manager.py:821} INFO - Searching for files in /opt/airflow/dags
[2026-03-14T16:05:22.783+0000] {manager.py:824} INFO - There are 0 files in /opt/airflow/dags
[2026-03-14T16:05:27.835+0000] {manager.py:821} INFO - Searching for files in /opt/airflow/dags
[2026-03-14T16:05:27.850+0000] {manager.py:824} INFO - There are 0 files in /opt/airflow/dags
[2026-03-14T16:05:32.908+0000] {manager.py:821} INFO - Searching for files in /opt/airflow/dags
[2026-03-14T16:05:32.922+0000] {manager.py:824} INFO - There are 0 files in /opt/airflow/dags
[2026-03-14T16:05:37.978+0000] {manager.py:821} INFO - Searching for files in /opt/airflow/dags
[2026-03-14T16:05:37.991+0000] {manager.py:824} INFO - There are 0 files in /opt/airflow/dags
[2026-03-14T16:05:43.045+0000] {manager.py:821} INFO - Searching for files in /opt/airflow/dags
[2026-03-14T16:05:43.058+0000] {manager.py:824} INFO - There are 0 files in /opt/airflow/dags
[2026-03-14T16:05:48.110+0000] {manager.py:821} INFO - Searching for files in /opt/airflow/dags
[2026-03-14T16:05:48.124+0000] {manager.py:824} INFO - There are 0 files in /opt/airflow/dags
[2026-03-14T16:05:53.180+0000] {manager.py:821} INFO - Searching for files in /opt/airflow/dags
[2026-03-14T16:05:53.194+0000] {manager.py:824} INFO - There are 0 files in /opt/airflow/dags
[2026-03-14T16:05:58.245+0000] {manager.py:821} INFO - Searching for files in /opt/airflow/dags
[2026-03-14T16:05:58.259+0000] {manager.py:824} INFO - There are 0 files in /opt/airflow/dags
[2026-03-14T16:06:03.313+0000] {manager.py:821} INFO - Searching for files in /opt/airflow/dags
[2026-03-14T16:06:03.327+0000] {manager.py:824} INFO - There are 0 files in /opt/airflow/dags
[2026-03-14T16:06:08.378+0000] {manager.py:821} INFO - Searching for files in /opt/airflow/dags
[2026-03-14T16:06:08.393+0000] {manager.py:824} INFO - There are 0 files in /opt/airflow/dags
[2026-03-14T16:06:13.445+0000] {manager.py:821} INFO - Searching for files in /opt/airflow/dags
[2026-03-14T16:06:13.458+0000] {manager.py:824} INFO - There are 0 files in /opt/airflow/dags
[2026-03-14T16:06:18.512+0000] {manager.py:821} INFO - Searching for files in /opt/airflow/dags
[2026-03-14T16:06:18.527+0000] {manager.py:824} INFO - There are 0 files in /opt/airflow/dags
[2026-03-14T16:06:23.580+0000] {manager.py:821} INFO - Searching for files in /opt/airflow/dags
[2026-03-14T16:06:23.597+0000] {manager.py:824} INFO - There are 0 files in /opt/airflow/dags
[2026-03-14T16:06:28.653+0000] {manager.py:821} INFO - Searching for files in /opt/airflow/dags
[2026-03-14T16:06:28.667+0000] {manager.py:824} INFO - There are 0 files in /opt/airflow/dags
[2026-03-14T16:06:33.719+0000] {manager.py:821} INFO - Searching for files in /opt/airflow/dags
[2026-03-14T16:06:33.736+0000] {manager.py:824} INFO - There are 0 files in /opt/airflow/dags
[2026-03-14T16:06:38.788+0000] {manager.py:821} INFO - Searching for files in /opt/airflow/dags
[2026-03-14T16:06:38.802+0000] {manager.py:824} INFO - There are 0 files in /opt/airflow/dags
[2026-03-14T16:06:43.853+0000] {manager.py:821} INFO - Searching for files in /opt/airflow/dags
[2026-03-14T16:06:43.867+0000] {manager.py:824} INFO - There are 0 files in /opt/airflow/dags
[2026-03-14T16:06:48.921+0000] {manager.py:821} INFO - Searching for files in /opt/airflow/dags
[2026-03-14T16:06:48.934+0000] {manager.py:824} INFO - There are 0 files in /opt/airflow/dags
[2026-03-14T16:06:53.990+0000] {manager.py:821} INFO - Searching for files in /opt/airflow/dags
[2026-03-14T16:06:54.005+0000] {manager.py:824} INFO - There are 0 files in /opt/airflow/dags
[2026-03-14T16:06:59.056+0000] {manager.py:821} INFO - Searching for files in /opt/airflow/dags
[2026-03-14T16:06:59.068+0000] {manager.py:824} INFO - There are 0 files in /opt/airflow/dags
[2026-03-14T16:07:04.120+0000] {manager.py:821} INFO - Searching for files in /opt/airflow/dags
[2026-03-14T16:07:04.133+0000] {manager.py:824} INFO - There are 0 files in /opt/airflow/dags
[2026-03-14T16:07:09.187+0000] {manager.py:821} INFO - Searching for files in /opt/airflow/dags
[2026-03-14T16:07:09.200+0000] {manager.py:824} INFO - There are 0 files in /opt/airflow/dags
[2026-03-14T16:07:14.250+0000] {manager.py:821} INFO - Searching for files in /opt/airflow/dags
[2026-03-14T16:07:14.266+0000] {manager.py:824} INFO - There are 0 files in /opt/airflow/dags
[2026-03-14T16:07:19.326+0000] {manager.py:821} INFO - Searching for files in /opt/airflow/dags
[2026-03-14T16:07:19.340+0000] {manager.py:824} INFO - There are 0 files in /opt/airflow/dags
[2026-03-14T16:07:24.393+0000] {manager.py:821} INFO - Searching for files in /opt/airflow/dags
[2026-03-14T16:07:24.407+0000] {manager.py:824} INFO - There are 0 files in /opt/airflow/dags
[2026-03-14T16:07:29.454+0000] {manager.py:821} INFO - Searching for files in /opt/airflow/dags
[2026-03-14T16:07:29.467+0000] {manager.py:824} INFO - There are 0 files in /opt/airflow/dags
[2026-03-14T16:07:34.524+0000] {manager.py:821} INFO - Searching for files in /opt/airflow/dags
[2026-03-14T16:07:34.537+0000] {manager.py:824} INFO - There are 0 files in /opt/airflow/dags
[2026-03-14T16:07:39.590+0000] {manager.py:821} INFO - Searching for files in /opt/airflow/dags
[2026-03-14T16:07:39.602+0000] {manager.py:824} INFO - There are 0 files in /opt/airflow/dags
[2026-03-14T16:07:44.657+0000] {manager.py:821} INFO - Searching for files in /opt/airflow/dags
[2026-03-14T16:07:44.671+0000] {manager.py:824} INFO - There are 0 files in /opt/airflow/dags
[2026-03-14T16:07:49.734+0000] {manager.py:821} INFO - Searching for files in /opt/airflow/dags
[2026-03-14T16:07:49.750+0000] {manager.py:824} INFO - There are 0 files in /opt/airflow/dags
[2026-03-14T16:07:54.838+0000] {manager.py:821} INFO - Searching for files in /opt/airflow/dags
[2026-03-14T16:07:54.858+0000] {manager.py:824} INFO - There are 0 files in /opt/airflow/dags
[2026-03-14T16:07:59.933+0000] {manager.py:821} INFO - Searching for files in /opt/airflow/dags
[2026-03-14T16:07:59.947+0000] {manager.py:824} INFO - There are 0 files in /opt/airflow/dags
[2026-03-14T16:08:05.000+0000] {manager.py:821} INFO - Searching for files in /opt/airflow/dags
[2026-03-14T16:08:05.012+0000] {manager.py:824} INFO - There are 0 files in /opt/airflow/dags
[2026-03-14T16:08:10.066+0000] {manager.py:821} INFO - Searching for files in /opt/airflow/dags
[2026-03-14T16:08:10.082+0000] {manager.py:824} INFO - There are 0 files in /opt/airflow/dags
[2026-03-14T16:08:15.136+0000] {manager.py:821} INFO - Searching for files in /opt/airflow/dags
[2026-03-14T16:08:15.150+0000] {manager.py:824} INFO - There are 0 files in /opt/airflow/dags
[2026-03-14T16:08:20.204+0000] {manager.py:821} INFO - Searching for files in /opt/airflow/dags
[2026-03-14T16:08:20.217+0000] {manager.py:824} INFO - There are 0 files in /opt/airflow/dags
[2026-03-14T16:08:25.273+0000] {manager.py:821} INFO - Searching for files in /opt/airflow/dags
[2026-03-14T16:08:25.287+0000] {manager.py:824} INFO - There are 0 files in /opt/airflow/dags
[2026-03-14T16:08:30.336+0000] {manager.py:821} INFO - Searching for files in /opt/airflow/dags
[2026-03-14T16:08:30.351+0000] {manager.py:824} INFO - There are 0 files in /opt/airflow/dags
[2026-03-14T16:08:35.402+0000] {manager.py:821} INFO - Searching for files in /opt/airflow/dags
[2026-03-14T16:08:35.416+0000] {manager.py:824} INFO - There are 0 files in /opt/airflow/dags
[2026-03-14T16:08:40.479+0000] {manager.py:821} INFO - Searching for files in /opt/airflow/dags
[2026-03-14T16:08:40.496+0000] {manager.py:824} INFO - There are 0 files in /opt/airflow/dags
[2026-03-14T16:08:45.556+0000] {manager.py:821} INFO - Searching for files in /opt/airflow/dags
[2026-03-14T16:08:45.571+0000] {manager.py:824} INFO - There are 0 files in /opt/airflow/dags
[2026-03-14T16:08:50.627+0000] {manager.py:821} INFO - Searching for files in /opt/airflow/dags
[2026-03-14T16:08:50.645+0000] {manager.py:824} INFO - There are 0 files in /opt/airflow/dags
[2026-03-14T16:08:55.704+0000] {manager.py:821} INFO - Searching for files in /opt/airflow/dags
[2026-03-14T16:08:55.722+0000] {manager.py:824} INFO - There are 0 files in /opt/airflow/dags
[2026-03-14T16:09:00.785+0000] {manager.py:821} INFO - Searching for files in /opt/airflow/dags
[2026-03-14T16:09:00.802+0000] {manager.py:824} INFO - There are 0 files in /opt/airflow/dags
[2026-03-14T16:09:05.870+0000] {manager.py:821} INFO - Searching for files in /opt/airflow/dags
[2026-03-14T16:09:05.892+0000] {manager.py:824} INFO - There are 0 files in /opt/airflow/dags
[2026-03-14T16:09:10.961+0000] {manager.py:821} INFO - Searching for files in /opt/airflow/dags
[2026-03-14T16:09:10.977+0000] {manager.py:824} INFO - There are 0 files in /opt/airflow/dags
[2026-03-14T16:09:16.037+0000] {manager.py:821} INFO - Searching for files in /opt/airflow/dags
[2026-03-14T16:09:16.053+0000] {manager.py:824} INFO - There are 0 files in /opt/airflow/dags
[2026-03-14T16:09:21.112+0000] {manager.py:821} INFO - Searching for files in /opt/airflow/dags
[2026-03-14T16:09:21.207+0000] {manager.py:824} INFO - There are 0 files in /opt/airflow/dags
[2026-03-14T16:09:26.295+0000] {manager.py:821} INFO - Searching for files in /opt/airflow/dags
[2026-03-14T16:09:26.310+0000] {manager.py:824} INFO - There are 0 files in /opt/airflow/dags
[2026-03-14T16:09:31.368+0000] {manager.py:821} INFO - Searching for files in /opt/airflow/dags
[2026-03-14T16:09:31.385+0000] {manager.py:824} INFO - There are 0 files in /opt/airflow/dags
[2026-03-14T16:09:36.469+0000] {manager.py:821} INFO - Searching for files in /opt/airflow/dags
[2026-03-14T16:09:36.488+0000] {manager.py:824} INFO - There are 0 files in /opt/airflow/dags
[2026-03-14T16:09:41.578+0000] {manager.py:821} INFO - Searching for files in /opt/airflow/dags
[2026-03-14T16:09:41.591+0000] {manager.py:824} INFO - There are 0 files in /opt/airflow/dags
[2026-03-14T16:09:46.645+0000] {manager.py:821} INFO - Searching for files in /opt/airflow/dags
[2026-03-14T16:09:46.692+0000] {manager.py:824} INFO - There are 0 files in /opt/airflow/dags
[2026-03-14T16:09:51.742+0000] {manager.py:821} INFO - Searching for files in /opt/airflow/dags
[2026-03-14T16:09:51.757+0000] {manager.py:824} INFO - There are 0 files in /opt/airflow/dags
[2026-03-14T16:09:56.817+0000] {manager.py:821} INFO - Searching for files in /opt/airflow/dags
[2026-03-14T16:09:56.832+0000] {manager.py:824} INFO - There are 0 files in /opt/airflow/dags
[2026-03-14T16:10:01.890+0000] {manager.py:821} INFO - Searching for files in /opt/airflow/dags
[2026-03-14T16:10:01.905+0000] {manager.py:824} INFO - There are 0 files in /opt/airflow/dags
[2026-03-14T16:10:06.968+0000] {manager.py:821} INFO - Searching for files in /opt/airflow/dags
[2026-03-14T16:10:06.984+0000] {manager.py:824} INFO - There are 0 files in /opt/airflow/dags
[2026-03-14T16:10:12.049+0000] {manager.py:821} INFO - Searching for files in /opt/airflow/dags
[2026-03-14T16:10:12.066+0000] {manager.py:824} INFO - There are 0 files in /opt/airflow/dags
[2026-03-14T16:10:17.128+0000] {manager.py:821} INFO - Searching for files in /opt/airflow/dags
[2026-03-14T16:10:17.144+0000] {manager.py:824} INFO - There are 0 files in /opt/airflow/dags
[2026-03-14T16:10:22.202+0000] {manager.py:821} INFO - Searching for files in /opt/airflow/dags
[2026-03-14T16:10:22.219+0000] {manager.py:824} INFO - There are 0 files in /opt/airflow/dags
[2026-03-14T16:10:27.282+0000] {manager.py:821} INFO - Searching for files in /opt/airflow/dags
[2026-03-14T16:10:27.299+0000] {manager.py:824} INFO - There are 0 files in /opt/airflow/dags
[2026-03-14T16:10:32.362+0000] {manager.py:821} INFO - Searching for files in /opt/airflow/dags
[2026-03-14T16:10:32.379+0000] {manager.py:824} INFO - There are 0 files in /opt/airflow/dags
[2026-03-14T16:10:37.444+0000] {manager.py:821} INFO - Searching for files in /opt/airflow/dags
[2026-03-14T16:10:37.460+0000] {manager.py:824} INFO - There are 0 files in /opt/airflow/dags
[2026-03-14T16:10:42.517+0000] {manager.py:821} INFO - Searching for files in /opt/airflow/dags
[2026-03-14T16:10:42.533+0000] {manager.py:824} INFO - There are 0 files in /opt/airflow/dags
[2026-03-14T16:10:47.590+0000] {manager.py:821} INFO - Searching for files in /opt/airflow/dags
[2026-03-14T16:10:47.608+0000] {manager.py:824} INFO - There are 0 files in /opt/airflow/dags
[2026-03-14T16:10:52.676+0000] {manager.py:821} INFO - Searching for files in /opt/airflow/dags
[2026-03-14T16:10:52.695+0000] {manager.py:824} INFO - There are 0 files in /opt/airflow/dags
[2026-03-14T16:10:57.759+0000] {manager.py:821} INFO - Searching for files in /opt/airflow/dags
[2026-03-14T16:10:57.771+0000] {manager.py:824} INFO - There are 0 files in /opt/airflow/dags
[2026-03-14T16:11:02.824+0000] {manager.py:821} INFO - Searching for files in /opt/airflow/dags
[2026-03-14T16:11:02.836+0000] {manager.py:824} INFO - There are 0 files in /opt/airflow/dags
[2026-03-14T16:11:07.893+0000] {manager.py:821} INFO - Searching for files in /opt/airflow/dags
[2026-03-14T16:11:07.906+0000] {manager.py:824} INFO - There are 0 files in /opt/airflow/dags
[2026-03-14T16:11:12.963+0000] {manager.py:821} INFO - Searching for files in /opt/airflow/dags
[2026-03-14T16:11:12.978+0000] {manager.py:824} INFO - There are 0 files in /opt/airflow/dags
[2026-03-14T16:11:18.037+0000] {manager.py:821} INFO - Searching for files in /opt/airflow/dags
[2026-03-14T16:11:18.058+0000] {manager.py:824} INFO - There are 0 files in /opt/airflow/dags
[2026-03-14T16:11:23.123+0000] {manager.py:821} INFO - Searching for files in /opt/airflow/dags
[2026-03-14T16:11:23.141+0000] {manager.py:824} INFO - There are 0 files in /opt/airflow/dags
[2026-03-14T16:11:28.203+0000] {manager.py:821} INFO - Searching for files in /opt/airflow/dags
[2026-03-14T16:11:28.217+0000] {manager.py:824} INFO - There are 0 files in /opt/airflow/dags
[2026-03-14T16:11:33.284+0000] {manager.py:821} INFO - Searching for files in /opt/airflow/dags
[2026-03-14T16:11:33.299+0000] {manager.py:824} INFO - There are 0 files in /opt/airflow/dags
[2026-03-14T16:11:38.359+0000] {manager.py:821} INFO - Searching for files in /opt/airflow/dags
[2026-03-14T16:11:38.453+0000] {manager.py:824} INFO - There are 0 files in /opt/airflow/dags
[2026-03-14T16:11:43.535+0000] {manager.py:821} INFO - Searching for files in /opt/airflow/dags
[2026-03-14T16:11:43.550+0000] {manager.py:824} INFO - There are 0 files in /opt/airflow/dags
[2026-03-14T16:11:48.614+0000] {manager.py:821} INFO - Searching for files in /opt/airflow/dags
[2026-03-14T16:11:48.634+0000] {manager.py:824} INFO - There are 0 files in /opt/airflow/dags
[2026-03-14T16:11:53.705+0000] {manager.py:821} INFO - Searching for files in /opt/airflow/dags
[2026-03-14T16:11:53.723+0000] {manager.py:824} INFO - There are 0 files in /opt/airflow/dags
[2026-03-14T16:11:58.783+0000] {manager.py:821} INFO - Searching for files in /opt/airflow/dags
[2026-03-14T16:11:58.803+0000] {manager.py:824} INFO - There are 0 files in /opt/airflow/dags
[2026-03-14T16:12:03.867+0000] {manager.py:821} INFO - Searching for files in /opt/airflow/dags
[2026-03-14T16:12:03.903+0000] {manager.py:824} INFO - There are 0 files in /opt/airflow/dags
[2026-03-14T16:12:08.973+0000] {manager.py:821} INFO - Searching for files in /opt/airflow/dags
[2026-03-14T16:12:08.988+0000] {manager.py:824} INFO - There are 0 files in /opt/airflow/dags
[2026-03-14T16:12:14.043+0000] {manager.py:821} INFO - Searching for files in /opt/airflow/dags
[2026-03-14T16:12:14.057+0000] {manager.py:824} INFO - There are 0 files in /opt/airflow/dags
[2026-03-14T16:12:19.112+0000] {manager.py:821} INFO - Searching for files in /opt/airflow/dags
[2026-03-14T16:12:19.133+0000] {manager.py:824} INFO - There are 0 files in /opt/airflow/dags
[2026-03-14T16:12:24.196+0000] {manager.py:821} INFO - Searching for files in /opt/airflow/dags
[2026-03-14T16:12:24.213+0000] {manager.py:824} INFO - There are 0 files in /opt/airflow/dags
[2026-03-14T16:12:29.272+0000] {manager.py:821} INFO - Searching for files in /opt/airflow/dags
[2026-03-14T16:12:29.288+0000] {manager.py:824} INFO - There are 0 files in /opt/airflow/dags
[2026-03-14T16:12:34.350+0000] {manager.py:821} INFO - Searching for files in /opt/airflow/dags
[2026-03-14T16:12:34.365+0000] {manager.py:824} INFO - There are 0 files in /opt/airflow/dags
[2026-03-14T16:12:39.427+0000] {manager.py:821} INFO - Searching for files in /opt/airflow/dags
[2026-03-14T16:12:39.442+0000] {manager.py:824} INFO - There are 0 files in /opt/airflow/dags
[2026-03-14T16:12:44.499+0000] {manager.py:821} INFO - Searching for files in /opt/airflow/dags
[2026-03-14T16:12:44.516+0000] {manager.py:824} INFO - There are 0 files in /opt/airflow/dags
[2026-03-14T16:12:49.592+0000] {manager.py:821} INFO - Searching for files in /opt/airflow/dags
[2026-03-14T16:12:49.606+0000] {manager.py:824} INFO - There are 0 files in /opt/airflow/dags
[2026-03-14T16:12:54.668+0000] {manager.py:821} INFO - Searching for files in /opt/airflow/dags
[2026-03-14T16:12:54.682+0000] {manager.py:824} INFO - There are 0 files in /opt/airflow/dags
[2026-03-14T16:12:59.734+0000] {manager.py:821} INFO - Searching for files in /opt/airflow/dags
[2026-03-14T16:12:59.826+0000] {manager.py:824} INFO - There are 0 files in /opt/airflow/dags
[2026-03-14T16:13:04.901+0000] {manager.py:821} INFO - Searching for files in /opt/airflow/dags
[2026-03-14T16:13:04.917+0000] {manager.py:824} INFO - There are 0 files in /opt/airflow/dags
[2026-03-14T16:13:09.976+0000] {manager.py:821} INFO - Searching for files in /opt/airflow/dags
[2026-03-14T16:13:09.993+0000] {manager.py:824} INFO - There are 0 files in /opt/airflow/dags
[2026-03-14T16:13:15.057+0000] {manager.py:821} INFO - Searching for files in /opt/airflow/dags
[2026-03-14T16:13:15.080+0000] {manager.py:824} INFO - There are 0 files in /opt/airflow/dags
[2026-03-14T16:13:20.164+0000] {manager.py:821} INFO - Searching for files in /opt/airflow/dags
[2026-03-14T16:13:20.214+0000] {manager.py:824} INFO - There are 1 files in /opt/airflow/dags
[2026-03-14T16:13:25.225+0000] {manager.py:821} INFO - Searching for files in /opt/airflow/dags
[2026-03-14T16:13:25.279+0000] {manager.py:824} INFO - There are 1 files in /opt/airflow/dags
[2026-03-14T16:13:30.410+0000] {manager.py:821} INFO - Searching for files in /opt/airflow/dags
[2026-03-14T16:13:30.451+0000] {manager.py:824} INFO - There are 1 files in /opt/airflow/dags
[2026-03-14T16:13:35.542+0000] {manager.py:821} INFO - Searching for files in /opt/airflow/dags
[2026-03-14T16:13:35.582+0000] {manager.py:824} INFO - There are 1 files in /opt/airflow/dags
[2026-03-14T16:13:39.660+0000] {manager.py:997} INFO - 
================================================================================
DAG File Processing Stats

File Path                      PID    Runtime      # DAGs    # Errors  Last Runtime    Last Run               Last # of DB Queries
-----------------------------  -----  ---------  --------  ----------  --------------  -------------------  ----------------------
/opt/airflow/dags/practice.py                           1           0  3.55s           2026-03-14T16:13:24                      45
================================================================================
[2026-03-14T16:13:40.666+0000] {manager.py:821} INFO - Searching for files in /opt/airflow/dags
[2026-03-14T16:13:40.705+0000] {manager.py:824} INFO - There are 1 files in /opt/airflow/dags
[2026-03-14T16:13:45.772+0000] {manager.py:821} INFO - Searching for files in /opt/airflow/dags
[2026-03-14T16:13:45.870+0000] {manager.py:824} INFO - There are 1 files in /opt/airflow/dags
[2026-03-14T16:13:51.040+0000] {manager.py:821} INFO - Searching for files in /opt/airflow/dags
[2026-03-14T16:13:51.081+0000] {manager.py:824} INFO - There are 1 files in /opt/airflow/dags
[2026-03-14T16:13:56.180+0000] {manager.py:821} INFO - Searching for files in /opt/airflow/dags
[2026-03-14T16:13:56.207+0000] {manager.py:824} INFO - There are 1 files in /opt/airflow/dags
[2026-03-14T16:14:01.275+0000] {manager.py:821} INFO - Searching for files in /opt/airflow/dags
[2026-03-14T16:14:01.406+0000] {manager.py:824} INFO - There are 1 files in /opt/airflow/dags
[2026-03-14T16:14:06.488+0000] {manager.py:821} INFO - Searching for files in /opt/airflow/dags
[2026-03-14T16:14:06.552+0000] {manager.py:824} INFO - There are 1 files in /opt/airflow/dags
[2026-03-14T16:14:10.620+0000] {manager.py:997} INFO - 
================================================================================
DAG File Processing Stats

File Path                      PID    Runtime      # DAGs    # Errors  Last Runtime    Last Run               Last # of DB Queries
-----------------------------  -----  ---------  --------  ----------  --------------  -------------------  ----------------------
/opt/airflow/dags/practice.py                           1           0  0.29s           2026-03-14T16:13:55                      12
================================================================================
[2026-03-14T16:14:11.629+0000] {manager.py:821} INFO - Searching for files in /opt/airflow/dags
[2026-03-14T16:14:11.704+0000] {manager.py:824} INFO - There are 1 files in /opt/airflow/dags
[2026-03-14T16:14:16.797+0000] {manager.py:821} INFO - Searching for files in /opt/airflow/dags
[2026-03-14T16:14:16.841+0000] {manager.py:824} INFO - There are 1 files in /opt/airflow/dags
[2026-03-14T16:14:21.920+0000] {manager.py:821} INFO - Searching for files in /opt/airflow/dags
[2026-03-14T16:14:21.965+0000] {manager.py:824} INFO - There are 1 files in /opt/airflow/dags
[2026-03-14T16:14:27.083+0000] {manager.py:821} INFO - Searching for files in /opt/airflow/dags
[2026-03-14T16:14:27.115+0000] {manager.py:824} INFO - There are 1 files in /opt/airflow/dags
[2026-03-14T16:14:32.177+0000] {manager.py:821} INFO - Searching for files in /opt/airflow/dags
[2026-03-14T16:14:32.208+0000] {manager.py:824} INFO - There are 1 files in /opt/airflow/dags
[2026-03-14T16:14:37.275+0000] {manager.py:821} INFO - Searching for files in /opt/airflow/dags
[2026-03-14T16:14:37.307+0000] {manager.py:824} INFO - There are 1 files in /opt/airflow/dags
[2026-03-14T16:14:41.366+0000] {manager.py:997} INFO - 
================================================================================
DAG File Processing Stats

File Path                      PID    Runtime      # DAGs    # Errors  Last Runtime    Last Run               Last # of DB Queries
-----------------------------  -----  ---------  --------  ----------  --------------  -------------------  ----------------------
/opt/airflow/dags/practice.py                           1           0  0.29s           2026-03-14T16:14:26                      12
================================================================================
[2026-03-14T16:14:42.373+0000] {manager.py:821} INFO - Searching for files in /opt/airflow/dags
[2026-03-14T16:14:42.420+0000] {manager.py:824} INFO - There are 1 files in /opt/airflow/dags
[2026-03-14T16:14:47.495+0000] {manager.py:821} INFO - Searching for files in /opt/airflow/dags
[2026-03-14T16:14:47.541+0000] {manager.py:824} INFO - There are 1 files in /opt/airflow/dags
[2026-03-14T16:14:52.619+0000] {manager.py:821} INFO - Searching for files in /opt/airflow/dags
[2026-03-14T16:14:52.649+0000] {manager.py:824} INFO - There are 1 files in /opt/airflow/dags
[2026-03-14T16:14:57.763+0000] {manager.py:821} INFO - Searching for files in /opt/airflow/dags
[2026-03-14T16:14:57.795+0000] {manager.py:824} INFO - There are 1 files in /opt/airflow/dags
[2026-03-14T16:15:02.864+0000] {manager.py:821} INFO - Searching for files in /opt/airflow/dags
[2026-03-14T16:15:02.898+0000] {manager.py:824} INFO - There are 1 files in /opt/airflow/dags
[2026-03-14T16:15:07.974+0000] {manager.py:821} INFO - Searching for files in /opt/airflow/dags
[2026-03-14T16:15:08.020+0000] {manager.py:824} INFO - There are 1 files in /opt/airflow/dags
[2026-03-14T16:15:12.089+0000] {manager.py:997} INFO - 
================================================================================
DAG File Processing Stats

File Path                      PID    Runtime      # DAGs    # Errors  Last Runtime    Last Run               Last # of DB Queries
-----------------------------  -----  ---------  --------  ----------  --------------  -------------------  ----------------------
/opt/airflow/dags/practice.py                           1           0  0.27s           2026-03-14T16:14:56                      12
================================================================================
[2026-03-14T16:15:13.096+0000] {manager.py:821} INFO - Searching for files in /opt/airflow/dags
[2026-03-14T16:15:13.125+0000] {manager.py:824} INFO - There are 1 files in /opt/airflow/dags
[2026-03-14T16:15:18.199+0000] {manager.py:821} INFO - Searching for files in /opt/airflow/dags
[2026-03-14T16:15:18.239+0000] {manager.py:824} INFO - There are 1 files in /opt/airflow/dags
[2026-03-14T16:15:23.303+0000] {manager.py:821} INFO - Searching for files in /opt/airflow/dags
[2026-03-14T16:15:23.342+0000] {manager.py:824} INFO - There are 1 files in /opt/airflow/dags
[2026-03-14T16:15:28.472+0000] {manager.py:821} INFO - Searching for files in /opt/airflow/dags
[2026-03-14T16:15:28.525+0000] {manager.py:824} INFO - There are 1 files in /opt/airflow/dags
[2026-03-14T16:15:33.616+0000] {manager.py:821} INFO - Searching for files in /opt/airflow/dags
[2026-03-14T16:15:33.654+0000] {manager.py:824} INFO - There are 1 files in /opt/airflow/dags
[2026-03-14T16:15:38.750+0000] {manager.py:821} INFO - Searching for files in /opt/airflow/dags
[2026-03-14T16:15:38.797+0000] {manager.py:824} INFO - There are 1 files in /opt/airflow/dags
[2026-03-14T16:15:42.870+0000] {manager.py:997} INFO - 
================================================================================
DAG File Processing Stats

File Path                      PID    Runtime      # DAGs    # Errors  Last Runtime    Last Run               Last # of DB Queries
-----------------------------  -----  ---------  --------  ----------  --------------  -------------------  ----------------------
/opt/airflow/dags/practice.py                           1           0  0.36s           2026-03-14T16:15:27                      12
================================================================================
[2026-03-14T16:15:43.876+0000] {manager.py:821} INFO - Searching for files in /opt/airflow/dags
[2026-03-14T16:15:43.918+0000] {manager.py:824} INFO - There are 1 files in /opt/airflow/dags
[2026-03-14T16:15:48.992+0000] {manager.py:821} INFO - Searching for files in /opt/airflow/dags
[2026-03-14T16:15:49.039+0000] {manager.py:824} INFO - There are 1 files in /opt/airflow/dags
[2026-03-14T16:15:54.114+0000] {manager.py:821} INFO - Searching for files in /opt/airflow/dags
[2026-03-14T16:15:54.162+0000] {manager.py:824} INFO - There are 1 files in /opt/airflow/dags
[2026-03-14T16:15:59.283+0000] {manager.py:821} INFO - Searching for files in /opt/airflow/dags
[2026-03-14T16:15:59.319+0000] {manager.py:824} INFO - There are 1 files in /opt/airflow/dags
[2026-03-14T16:16:04.387+0000] {manager.py:821} INFO - Searching for files in /opt/airflow/dags
[2026-03-14T16:16:04.416+0000] {manager.py:824} INFO - There are 1 files in /opt/airflow/dags
[2026-03-14T16:16:09.478+0000] {manager.py:821} INFO - Searching for files in /opt/airflow/dags
[2026-03-14T16:16:09.517+0000] {manager.py:824} INFO - There are 1 files in /opt/airflow/dags
[2026-03-14T16:16:12.886+0000] {manager.py:997} INFO - 
================================================================================
DAG File Processing Stats

File Path                      PID    Runtime      # DAGs    # Errors  Last Runtime    Last Run               Last # of DB Queries
-----------------------------  -----  ---------  --------  ----------  --------------  -------------------  ----------------------
/opt/airflow/dags/practice.py                           1           0  0.47s           2026-03-14T16:15:58                      12
================================================================================
[2026-03-14T16:16:14.582+0000] {manager.py:821} INFO - Searching for files in /opt/airflow/dags
[2026-03-14T16:16:14.617+0000] {manager.py:824} INFO - There are 1 files in /opt/airflow/dags
[2026-03-14T16:16:19.691+0000] {manager.py:821} INFO - Searching for files in /opt/airflow/dags
[2026-03-14T16:16:19.737+0000] {manager.py:824} INFO - There are 1 files in /opt/airflow/dags
[2026-03-14T16:16:24.810+0000] {manager.py:821} INFO - Searching for files in /opt/airflow/dags
[2026-03-14T16:16:24.854+0000] {manager.py:824} INFO - There are 1 files in /opt/airflow/dags
[2026-03-14T16:16:30.051+0000] {manager.py:821} INFO - Searching for files in /opt/airflow/dags
[2026-03-14T16:16:30.086+0000] {manager.py:824} INFO - There are 1 files in /opt/airflow/dags
[2026-03-14T16:16:35.153+0000] {manager.py:821} INFO - Searching for files in /opt/airflow/dags
[2026-03-14T16:16:35.205+0000] {manager.py:824} INFO - There are 1 files in /opt/airflow/dags
[2026-03-14T16:16:40.374+0000] {manager.py:821} INFO - Searching for files in /opt/airflow/dags
[2026-03-14T16:16:40.620+0000] {manager.py:824} INFO - There are 1 files in /opt/airflow/dags
[2026-03-14T16:16:43.849+0000] {manager.py:997} INFO - 
================================================================================
DAG File Processing Stats

File Path                      PID    Runtime      # DAGs    # Errors  Last Runtime    Last Run               Last # of DB Queries
-----------------------------  -----  ---------  --------  ----------  --------------  -------------------  ----------------------
/opt/airflow/dags/practice.py                           1           0  0.28s           2026-03-14T16:16:29                      12
================================================================================
[2026-03-14T16:16:45.866+0000] {manager.py:821} INFO - Searching for files in /opt/airflow/dags
[2026-03-14T16:16:45.903+0000] {manager.py:824} INFO - There are 1 files in /opt/airflow/dags
[2026-03-14T16:16:50.967+0000] {manager.py:821} INFO - Searching for files in /opt/airflow/dags
[2026-03-14T16:16:50.999+0000] {manager.py:824} INFO - There are 1 files in /opt/airflow/dags
[2026-03-14T16:16:56.061+0000] {manager.py:821} INFO - Searching for files in /opt/airflow/dags
[2026-03-14T16:16:56.096+0000] {manager.py:824} INFO - There are 1 files in /opt/airflow/dags
[2026-03-14T16:17:01.215+0000] {manager.py:821} INFO - Searching for files in /opt/airflow/dags
[2026-03-14T16:17:01.252+0000] {manager.py:824} INFO - There are 1 files in /opt/airflow/dags
[2026-03-14T16:17:06.453+0000] {manager.py:821} INFO - Searching for files in /opt/airflow/dags
[2026-03-14T16:17:06.541+0000] {manager.py:824} INFO - There are 1 files in /opt/airflow/dags
[2026-03-14T16:17:11.625+0000] {manager.py:821} INFO - Searching for files in /opt/airflow/dags
[2026-03-14T16:17:11.672+0000] {manager.py:824} INFO - There are 1 files in /opt/airflow/dags
[2026-03-14T16:17:14.754+0000] {manager.py:997} INFO - 
================================================================================
DAG File Processing Stats

File Path                      PID    Runtime      # DAGs    # Errors  Last Runtime    Last Run               Last # of DB Queries
-----------------------------  -----  ---------  --------  ----------  --------------  -------------------  ----------------------
/opt/airflow/dags/practice.py                           1           0  0.28s           2026-03-14T16:17:00                      12
================================================================================
[2026-03-14T16:17:16.771+0000] {manager.py:821} INFO - Searching for files in /opt/airflow/dags
[2026-03-14T16:17:16.816+0000] {manager.py:824} INFO - There are 1 files in /opt/airflow/dags
[2026-03-14T16:17:21.900+0000] {manager.py:821} INFO - Searching for files in /opt/airflow/dags
[2026-03-14T16:17:21.948+0000] {manager.py:824} INFO - There are 1 files in /opt/airflow/dags
[2026-03-14T16:17:27.016+0000] {manager.py:821} INFO - Searching for files in /opt/airflow/dags
[2026-03-14T16:17:27.047+0000] {manager.py:824} INFO - There are 1 files in /opt/airflow/dags
[2026-03-14T16:17:32.230+0000] {manager.py:821} INFO - Searching for files in /opt/airflow/dags
[2026-03-14T16:17:32.383+0000] {manager.py:824} INFO - There are 1 files in /opt/airflow/dags
[2026-03-14T16:17:37.597+0000] {manager.py:821} INFO - Searching for files in /opt/airflow/dags
[2026-03-14T16:17:37.625+0000] {manager.py:824} INFO - There are 1 files in /opt/airflow/dags
[2026-03-14T16:17:42.690+0000] {manager.py:821} INFO - Searching for files in /opt/airflow/dags
[2026-03-14T16:17:42.721+0000] {manager.py:824} INFO - There are 1 files in /opt/airflow/dags
[2026-03-14T16:17:44.771+0000] {manager.py:997} INFO - 
================================================================================
DAG File Processing Stats

File Path                      PID    Runtime      # DAGs    # Errors  Last Runtime    Last Run               Last # of DB Queries
-----------------------------  -----  ---------  --------  ----------  --------------  -------------------  ----------------------
/opt/airflow/dags/practice.py                           1           0  0.27s           2026-03-14T16:17:31                      12
================================================================================
[2026-03-14T16:17:47.816+0000] {manager.py:821} INFO - Searching for files in /opt/airflow/dags
[2026-03-14T16:17:47.878+0000] {manager.py:824} INFO - There are 1 files in /opt/airflow/dags
[2026-03-14T16:17:52.964+0000] {manager.py:821} INFO - Searching for files in /opt/airflow/dags
[2026-03-14T16:17:53.098+0000] {manager.py:824} INFO - There are 1 files in /opt/airflow/dags
[2026-03-14T16:17:58.193+0000] {manager.py:821} INFO - Searching for files in /opt/airflow/dags
[2026-03-14T16:17:58.283+0000] {manager.py:824} INFO - There are 1 files in /opt/airflow/dags
[2026-03-14T16:18:03.647+0000] {manager.py:821} INFO - Searching for files in /opt/airflow/dags
[2026-03-14T16:18:03.697+0000] {manager.py:824} INFO - There are 1 files in /opt/airflow/dags
[2026-03-14T16:18:08.802+0000] {manager.py:821} INFO - Searching for files in /opt/airflow/dags
[2026-03-14T16:18:08.834+0000] {manager.py:824} INFO - There are 1 files in /opt/airflow/dags
[2026-03-14T16:18:13.953+0000] {manager.py:821} INFO - Searching for files in /opt/airflow/dags
[2026-03-14T16:18:13.999+0000] {manager.py:824} INFO - There are 1 files in /opt/airflow/dags
[2026-03-14T16:18:15.041+0000] {manager.py:997} INFO - 
================================================================================
DAG File Processing Stats

File Path                      PID    Runtime      # DAGs    # Errors  Last Runtime    Last Run               Last # of DB Queries
-----------------------------  -----  ---------  --------  ----------  --------------  -------------------  ----------------------
/opt/airflow/dags/practice.py                           1           0  1.17s           2026-03-14T16:18:02                      12
================================================================================
[2026-03-14T16:18:19.110+0000] {manager.py:821} INFO - Searching for files in /opt/airflow/dags
[2026-03-14T16:18:19.172+0000] {manager.py:824} INFO - There are 1 files in /opt/airflow/dags
[2026-03-14T16:18:24.259+0000] {manager.py:821} INFO - Searching for files in /opt/airflow/dags
[2026-03-14T16:18:24.296+0000] {manager.py:824} INFO - There are 1 files in /opt/airflow/dags
[2026-03-14T16:18:29.362+0000] {manager.py:821} INFO - Searching for files in /opt/airflow/dags
[2026-03-14T16:18:29.403+0000] {manager.py:824} INFO - There are 1 files in /opt/airflow/dags
[2026-03-14T16:18:34.510+0000] {manager.py:821} INFO - Searching for files in /opt/airflow/dags
[2026-03-14T16:18:34.540+0000] {manager.py:824} INFO - There are 1 files in /opt/airflow/dags
[2026-03-14T16:18:39.605+0000] {manager.py:821} INFO - Searching for files in /opt/airflow/dags
[2026-03-14T16:18:39.636+0000] {manager.py:824} INFO - There are 1 files in /opt/airflow/dags
[2026-03-14T16:18:44.699+0000] {manager.py:821} INFO - Searching for files in /opt/airflow/dags
[2026-03-14T16:18:44.743+0000] {manager.py:824} INFO - There are 1 files in /opt/airflow/dags
[2026-03-14T16:18:45.781+0000] {manager.py:997} INFO - 
================================================================================
DAG File Processing Stats

File Path                      PID    Runtime      # DAGs    # Errors  Last Runtime    Last Run               Last # of DB Queries
-----------------------------  -----  ---------  --------  ----------  --------------  -------------------  ----------------------
/opt/airflow/dags/practice.py                           1           0  0.27s           2026-03-14T16:18:33                      12
================================================================================
[2026-03-14T16:18:49.816+0000] {manager.py:821} INFO - Searching for files in /opt/airflow/dags
[2026-03-14T16:18:49.859+0000] {manager.py:824} INFO - There are 1 files in /opt/airflow/dags
[2026-03-14T16:18:54.926+0000] {manager.py:821} INFO - Searching for files in /opt/airflow/dags
[2026-03-14T16:18:54.957+0000] {manager.py:824} INFO - There are 1 files in /opt/airflow/dags
[2026-03-14T16:19:00.023+0000] {manager.py:821} INFO - Searching for files in /opt/airflow/dags
[2026-03-14T16:19:00.052+0000] {manager.py:824} INFO - There are 1 files in /opt/airflow/dags
[2026-03-14T16:19:05.173+0000] {manager.py:821} INFO - Searching for files in /opt/airflow/dags
[2026-03-14T16:19:05.210+0000] {manager.py:824} INFO - There are 1 files in /opt/airflow/dags
[2026-03-14T16:19:10.281+0000] {manager.py:821} INFO - Searching for files in /opt/airflow/dags
[2026-03-14T16:19:10.323+0000] {manager.py:824} INFO - There are 1 files in /opt/airflow/dags
[2026-03-14T16:19:15.404+0000] {manager.py:821} INFO - Searching for files in /opt/airflow/dags
[2026-03-14T16:19:15.449+0000] {manager.py:824} INFO - There are 1 files in /opt/airflow/dags
[2026-03-14T16:19:16.487+0000] {manager.py:997} INFO - 
================================================================================
DAG File Processing Stats

File Path                      PID    Runtime      # DAGs    # Errors  Last Runtime    Last Run               Last # of DB Queries
-----------------------------  -----  ---------  --------  ----------  --------------  -------------------  ----------------------
/opt/airflow/dags/practice.py                           1           0  0.42s           2026-03-14T16:19:04                      12
================================================================================
[2026-03-14T16:19:20.525+0000] {manager.py:821} INFO - Searching for files in /opt/airflow/dags
[2026-03-14T16:19:20.575+0000] {manager.py:824} INFO - There are 1 files in /opt/airflow/dags
[2026-03-14T16:19:25.646+0000] {manager.py:821} INFO - Searching for files in /opt/airflow/dags
[2026-03-14T16:19:25.696+0000] {manager.py:824} INFO - There are 1 files in /opt/airflow/dags
[2026-03-14T16:19:30.773+0000] {manager.py:821} INFO - Searching for files in /opt/airflow/dags
[2026-03-14T16:19:30.810+0000] {manager.py:824} INFO - There are 1 files in /opt/airflow/dags
[2026-03-14T16:19:35.915+0000] {manager.py:821} INFO - Searching for files in /opt/airflow/dags
[2026-03-14T16:19:35.952+0000] {manager.py:824} INFO - There are 1 files in /opt/airflow/dags
[2026-03-14T16:19:41.030+0000] {manager.py:821} INFO - Searching for files in /opt/airflow/dags
[2026-03-14T16:19:41.164+0000] {manager.py:824} INFO - There are 1 files in /opt/airflow/dags
[2026-03-14T16:19:46.229+0000] {manager.py:821} INFO - Searching for files in /opt/airflow/dags
[2026-03-14T16:19:46.274+0000] {manager.py:824} INFO - There are 1 files in /opt/airflow/dags
[2026-03-14T16:19:47.313+0000] {manager.py:997} INFO - 
================================================================================
DAG File Processing Stats

File Path                      PID    Runtime      # DAGs    # Errors  Last Runtime    Last Run               Last # of DB Queries
-----------------------------  -----  ---------  --------  ----------  --------------  -------------------  ----------------------
/opt/airflow/dags/practice.py                           1           0  0.25s           2026-03-14T16:19:35                      12
================================================================================
[2026-03-14T16:19:51.350+0000] {manager.py:821} INFO - Searching for files in /opt/airflow/dags
[2026-03-14T16:19:51.402+0000] {manager.py:824} INFO - There are 1 files in /opt/airflow/dags
[2026-03-14T16:19:56.478+0000] {manager.py:821} INFO - Searching for files in /opt/airflow/dags
[2026-03-14T16:19:56.511+0000] {manager.py:824} INFO - There are 1 files in /opt/airflow/dags
[2026-03-14T16:20:01.590+0000] {manager.py:821} INFO - Searching for files in /opt/airflow/dags
[2026-03-14T16:20:01.623+0000] {manager.py:824} INFO - There are 1 files in /opt/airflow/dags
[2026-03-14T16:20:06.739+0000] {manager.py:821} INFO - Searching for files in /opt/airflow/dags
[2026-03-14T16:20:06.769+0000] {manager.py:824} INFO - There are 1 files in /opt/airflow/dags
[2026-03-14T16:20:11.863+0000] {manager.py:821} INFO - Searching for files in /opt/airflow/dags
[2026-03-14T16:20:11.909+0000] {manager.py:824} INFO - There are 1 files in /opt/airflow/dags
[2026-03-14T16:20:16.981+0000] {manager.py:821} INFO - Searching for files in /opt/airflow/dags
[2026-03-14T16:20:17.014+0000] {manager.py:824} INFO - There are 1 files in /opt/airflow/dags
[2026-03-14T16:20:18.046+0000] {manager.py:997} INFO - 
================================================================================
DAG File Processing Stats

File Path                      PID    Runtime      # DAGs    # Errors  Last Runtime    Last Run               Last # of DB Queries
-----------------------------  -----  ---------  --------  ----------  --------------  -------------------  ----------------------
/opt/airflow/dags/practice.py                           1           0  0.30s           2026-03-14T16:20:06                      12
================================================================================
[2026-03-14T16:20:22.086+0000] {manager.py:821} INFO - Searching for files in /opt/airflow/dags
[2026-03-14T16:20:22.133+0000] {manager.py:824} INFO - There are 1 files in /opt/airflow/dags
[2026-03-14T16:20:27.203+0000] {manager.py:821} INFO - Searching for files in /opt/airflow/dags
[2026-03-14T16:20:27.242+0000] {manager.py:824} INFO - There are 1 files in /opt/airflow/dags
[2026-03-14T16:20:32.332+0000] {manager.py:821} INFO - Searching for files in /opt/airflow/dags
[2026-03-14T16:20:32.367+0000] {manager.py:824} INFO - There are 1 files in /opt/airflow/dags
[2026-03-14T16:20:37.473+0000] {manager.py:821} INFO - Searching for files in /opt/airflow/dags
[2026-03-14T16:20:37.520+0000] {manager.py:824} INFO - There are 1 files in /opt/airflow/dags
[2026-03-14T16:20:42.588+0000] {manager.py:821} INFO - Searching for files in /opt/airflow/dags
[2026-03-14T16:20:42.625+0000] {manager.py:824} INFO - There are 1 files in /opt/airflow/dags
[2026-03-14T16:20:47.873+0000] {manager.py:821} INFO - Searching for files in /opt/airflow/dags
[2026-03-14T16:20:47.927+0000] {manager.py:824} INFO - There are 1 files in /opt/airflow/dags
[2026-03-14T16:20:48.965+0000] {manager.py:997} INFO - 
================================================================================
DAG File Processing Stats

File Path                      PID    Runtime      # DAGs    # Errors  Last Runtime    Last Run               Last # of DB Queries
-----------------------------  -----  ---------  --------  ----------  --------------  -------------------  ----------------------
/opt/airflow/dags/practice.py                           1           0  0.26s           2026-03-14T16:20:36                      12
================================================================================
[2026-03-14T16:20:53.007+0000] {manager.py:821} INFO - Searching for files in /opt/airflow/dags
[2026-03-14T16:20:53.046+0000] {manager.py:824} INFO - There are 1 files in /opt/airflow/dags
[2026-03-14T16:20:58.109+0000] {manager.py:821} INFO - Searching for files in /opt/airflow/dags
[2026-03-14T16:20:58.144+0000] {manager.py:824} INFO - There are 1 files in /opt/airflow/dags
[2026-03-14T16:21:03.296+0000] {manager.py:821} INFO - Searching for files in /opt/airflow/dags
[2026-03-14T16:21:03.335+0000] {manager.py:824} INFO - There are 1 files in /opt/airflow/dags
[2026-03-14T16:21:08.402+0000] {manager.py:821} INFO - Searching for files in /opt/airflow/dags
[2026-03-14T16:21:08.429+0000] {manager.py:824} INFO - There are 1 files in /opt/airflow/dags
[2026-03-14T16:21:13.499+0000] {manager.py:821} INFO - Searching for files in /opt/airflow/dags
[2026-03-14T16:21:13.553+0000] {manager.py:824} INFO - There are 1 files in /opt/airflow/dags
[2026-03-14T16:21:18.880+0000] {manager.py:821} INFO - Searching for files in /opt/airflow/dags
[2026-03-14T16:21:18.911+0000] {manager.py:824} INFO - There are 1 files in /opt/airflow/dags
[2026-03-14T16:21:19.257+0000] {manager.py:997} INFO - 
================================================================================
DAG File Processing Stats

File Path                      PID    Runtime      # DAGs    # Errors  Last Runtime    Last Run               Last # of DB Queries
-----------------------------  -----  ---------  --------  ----------  --------------  -------------------  ----------------------
/opt/airflow/dags/practice.py                           1           0  0.37s           2026-03-14T16:21:17                      12
================================================================================
[2026-03-14T16:21:24.009+0000] {manager.py:821} INFO - Searching for files in /opt/airflow/dags
[2026-03-14T16:21:24.046+0000] {manager.py:824} INFO - There are 1 files in /opt/airflow/dags
[2026-03-14T16:21:29.126+0000] {manager.py:821} INFO - Searching for files in /opt/airflow/dags
[2026-03-14T16:21:29.165+0000] {manager.py:824} INFO - There are 1 files in /opt/airflow/dags
[2026-03-14T16:21:34.236+0000] {manager.py:821} INFO - Searching for files in /opt/airflow/dags
[2026-03-14T16:21:34.268+0000] {manager.py:824} INFO - There are 1 files in /opt/airflow/dags
[2026-03-14T16:21:39.337+0000] {manager.py:821} INFO - Searching for files in /opt/airflow/dags
[2026-03-14T16:21:39.373+0000] {manager.py:824} INFO - There are 1 files in /opt/airflow/dags
[2026-03-14T16:21:44.439+0000] {manager.py:821} INFO - Searching for files in /opt/airflow/dags
[2026-03-14T16:21:44.467+0000] {manager.py:824} INFO - There are 1 files in /opt/airflow/dags
[2026-03-14T16:21:49.612+0000] {manager.py:821} INFO - Searching for files in /opt/airflow/dags
[2026-03-14T16:21:49.659+0000] {manager.py:824} INFO - There are 1 files in /opt/airflow/dags
[2026-03-14T16:21:49.684+0000] {manager.py:997} INFO - 
================================================================================
DAG File Processing Stats

File Path                      PID    Runtime      # DAGs    # Errors  Last Runtime    Last Run               Last # of DB Queries
-----------------------------  -----  ---------  --------  ----------  --------------  -------------------  ----------------------
/opt/airflow/dags/practice.py                           1           0  0.41s           2026-03-14T16:21:47                      12
================================================================================
[2026-03-14T16:21:54.739+0000] {manager.py:821} INFO - Searching for files in /opt/airflow/dags
[2026-03-14T16:21:54.802+0000] {manager.py:824} INFO - There are 1 files in /opt/airflow/dags
[2026-03-14T16:21:59.999+0000] {manager.py:821} INFO - Searching for files in /opt/airflow/dags
[2026-03-14T16:22:00.065+0000] {manager.py:824} INFO - There are 1 files in /opt/airflow/dags
[2026-03-14T16:22:05.142+0000] {manager.py:821} INFO - Searching for files in /opt/airflow/dags
[2026-03-14T16:22:05.184+0000] {manager.py:824} INFO - There are 1 files in /opt/airflow/dags
[2026-03-14T16:22:10.245+0000] {manager.py:821} INFO - Searching for files in /opt/airflow/dags
[2026-03-14T16:22:10.271+0000] {manager.py:824} INFO - There are 1 files in /opt/airflow/dags
[2026-03-14T16:22:15.332+0000] {manager.py:821} INFO - Searching for files in /opt/airflow/dags
[2026-03-14T16:22:15.360+0000] {manager.py:824} INFO - There are 1 files in /opt/airflow/dags
[2026-03-14T16:22:19.726+0000] {manager.py:997} INFO - 
================================================================================
DAG File Processing Stats

File Path                      PID    Runtime      # DAGs    # Errors  Last Runtime    Last Run               Last # of DB Queries
-----------------------------  -----  ---------  --------  ----------  --------------  -------------------  ----------------------
/opt/airflow/dags/practice.py                           1           0  0.29s           2026-03-14T16:22:18                      12
================================================================================
[2026-03-14T16:22:20.464+0000] {manager.py:821} INFO - Searching for files in /opt/airflow/dags
[2026-03-14T16:22:20.493+0000] {manager.py:824} INFO - There are 1 files in /opt/airflow/dags
[2026-03-14T16:22:25.559+0000] {manager.py:821} INFO - Searching for files in /opt/airflow/dags
[2026-03-14T16:22:25.592+0000] {manager.py:824} INFO - There are 1 files in /opt/airflow/dags
[2026-03-14T16:22:30.664+0000] {manager.py:821} INFO - Searching for files in /opt/airflow/dags
[2026-03-14T16:22:30.705+0000] {manager.py:824} INFO - There are 1 files in /opt/airflow/dags
[2026-03-14T16:22:35.779+0000] {manager.py:821} INFO - Searching for files in /opt/airflow/dags
[2026-03-14T16:22:35.806+0000] {manager.py:824} INFO - There are 1 files in /opt/airflow/dags
[2026-03-14T16:22:40.869+0000] {manager.py:821} INFO - Searching for files in /opt/airflow/dags
[2026-03-14T16:22:40.901+0000] {manager.py:824} INFO - There are 1 files in /opt/airflow/dags
[2026-03-14T16:22:45.969+0000] {manager.py:821} INFO - Searching for files in /opt/airflow/dags
[2026-03-14T16:22:46.011+0000] {manager.py:824} INFO - There are 1 files in /opt/airflow/dags
[2026-03-14T16:22:50.119+0000] {manager.py:997} INFO - 
================================================================================
DAG File Processing Stats

File Path                      PID    Runtime      # DAGs    # Errors  Last Runtime    Last Run               Last # of DB Queries
-----------------------------  -----  ---------  --------  ----------  --------------  -------------------  ----------------------
/opt/airflow/dags/practice.py                           1           0  0.26s           2026-03-14T16:22:49                      12
================================================================================
[2026-03-14T16:22:51.125+0000] {manager.py:821} INFO - Searching for files in /opt/airflow/dags
[2026-03-14T16:22:51.164+0000] {manager.py:824} INFO - There are 1 files in /opt/airflow/dags
[2026-03-14T16:22:56.242+0000] {manager.py:821} INFO - Searching for files in /opt/airflow/dags
[2026-03-14T16:22:56.286+0000] {manager.py:824} INFO - There are 1 files in /opt/airflow/dags
[2026-03-14T16:23:01.399+0000] {manager.py:821} INFO - Searching for files in /opt/airflow/dags
[2026-03-14T16:23:01.611+0000] {manager.py:824} INFO - There are 1 files in /opt/airflow/dags
[2026-03-14T16:23:06.821+0000] {manager.py:821} INFO - Searching for files in /opt/airflow/dags
[2026-03-14T16:23:06.864+0000] {manager.py:824} INFO - There are 1 files in /opt/airflow/dags
[2026-03-14T16:23:11.940+0000] {manager.py:821} INFO - Searching for files in /opt/airflow/dags
[2026-03-14T16:23:11.996+0000] {manager.py:824} INFO - There are 1 files in /opt/airflow/dags
[2026-03-14T16:23:17.101+0000] {manager.py:821} INFO - Searching for files in /opt/airflow/dags
[2026-03-14T16:23:17.135+0000] {manager.py:824} INFO - There are 1 files in /opt/airflow/dags
[2026-03-14T16:23:20.237+0000] {manager.py:997} INFO - 
================================================================================
DAG File Processing Stats

File Path                        PID  Runtime      # DAGs    # Errors  Last Runtime    Last Run               Last # of DB Queries
-----------------------------  -----  ---------  --------  ----------  --------------  -------------------  ----------------------
/opt/airflow/dags/practice.py   1381  0.02s             1           0  0.26s           2026-03-14T16:22:49                      12
================================================================================
[2026-03-14T16:23:22.357+0000] {manager.py:821} INFO - Searching for files in /opt/airflow/dags
[2026-03-14T16:23:22.433+0000] {manager.py:824} INFO - There are 1 files in /opt/airflow/dags
[2026-03-14T16:23:27.529+0000] {manager.py:821} INFO - Searching for files in /opt/airflow/dags
[2026-03-14T16:23:27.591+0000] {manager.py:824} INFO - There are 1 files in /opt/airflow/dags
[2026-03-14T16:23:32.677+0000] {manager.py:821} INFO - Searching for files in /opt/airflow/dags
[2026-03-14T16:23:32.712+0000] {manager.py:824} INFO - There are 1 files in /opt/airflow/dags
[2026-03-14T16:23:37.785+0000] {manager.py:821} INFO - Searching for files in /opt/airflow/dags
[2026-03-14T16:23:37.821+0000] {manager.py:824} INFO - There are 1 files in /opt/airflow/dags
[2026-03-14T16:23:42.891+0000] {manager.py:821} INFO - Searching for files in /opt/airflow/dags
[2026-03-14T16:23:42.925+0000] {manager.py:824} INFO - There are 1 files in /opt/airflow/dags
[2026-03-14T16:23:48.006+0000] {manager.py:821} INFO - Searching for files in /opt/airflow/dags
[2026-03-14T16:23:48.094+0000] {manager.py:824} INFO - There are 1 files in /opt/airflow/dags
[2026-03-14T16:23:50.283+0000] {manager.py:997} INFO - 
================================================================================
DAG File Processing Stats

File Path                      PID    Runtime      # DAGs    # Errors  Last Runtime    Last Run               Last # of DB Queries
-----------------------------  -----  ---------  --------  ----------  --------------  -------------------  ----------------------
/opt/airflow/dags/practice.py                           1           0  0.73s           2026-03-14T16:23:20                      12
================================================================================
[2026-03-14T16:23:53.313+0000] {manager.py:821} INFO - Searching for files in /opt/airflow/dags
[2026-03-14T16:23:53.368+0000] {manager.py:824} INFO - There are 1 files in /opt/airflow/dags
[2026-03-14T16:23:58.374+0000] {manager.py:821} INFO - Searching for files in /opt/airflow/dags
[2026-03-14T16:23:58.403+0000] {manager.py:824} INFO - There are 1 files in /opt/airflow/dags
[2026-03-14T16:24:03.477+0000] {manager.py:821} INFO - Searching for files in /opt/airflow/dags
[2026-03-14T16:24:03.528+0000] {manager.py:824} INFO - There are 1 files in /opt/airflow/dags
[2026-03-14T16:24:08.608+0000] {manager.py:821} INFO - Searching for files in /opt/airflow/dags
[2026-03-14T16:24:08.638+0000] {manager.py:824} INFO - There are 1 files in /opt/airflow/dags
[2026-03-14T16:24:13.707+0000] {manager.py:821} INFO - Searching for files in /opt/airflow/dags
[2026-03-14T16:24:13.741+0000] {manager.py:824} INFO - There are 1 files in /opt/airflow/dags
[2026-03-14T16:24:18.808+0000] {manager.py:821} INFO - Searching for files in /opt/airflow/dags
[2026-03-14T16:24:18.843+0000] {manager.py:824} INFO - There are 1 files in /opt/airflow/dags
[2026-03-14T16:24:20.888+0000] {manager.py:997} INFO - 
================================================================================
DAG File Processing Stats

File Path                      PID    Runtime      # DAGs    # Errors  Last Runtime    Last Run               Last # of DB Queries
-----------------------------  -----  ---------  --------  ----------  --------------  -------------------  ----------------------
/opt/airflow/dags/practice.py                           1           0  0.91s           2026-03-14T16:23:54                      34
================================================================================
[2026-03-14T16:24:23.914+0000] {manager.py:821} INFO - Searching for files in /opt/airflow/dags
[2026-03-14T16:24:23.954+0000] {manager.py:824} INFO - There are 1 files in /opt/airflow/dags
[2026-03-14T16:24:29.071+0000] {manager.py:821} INFO - Searching for files in /opt/airflow/dags
[2026-03-14T16:24:29.107+0000] {manager.py:824} INFO - There are 1 files in /opt/airflow/dags
[2026-03-14T16:24:34.180+0000] {manager.py:821} INFO - Searching for files in /opt/airflow/dags
[2026-03-14T16:24:34.219+0000] {manager.py:824} INFO - There are 1 files in /opt/airflow/dags
[2026-03-14T16:24:39.300+0000] {manager.py:821} INFO - Searching for files in /opt/airflow/dags
[2026-03-14T16:24:39.355+0000] {manager.py:824} INFO - There are 1 files in /opt/airflow/dags
[2026-03-14T16:24:44.444+0000] {manager.py:821} INFO - Searching for files in /opt/airflow/dags
[2026-03-14T16:24:44.484+0000] {manager.py:824} INFO - There are 1 files in /opt/airflow/dags
[2026-03-14T16:24:49.556+0000] {manager.py:821} INFO - Searching for files in /opt/airflow/dags
[2026-03-14T16:24:49.614+0000] {manager.py:824} INFO - There are 1 files in /opt/airflow/dags
[2026-03-14T16:24:51.667+0000] {manager.py:997} INFO - 
================================================================================
DAG File Processing Stats

File Path                      PID    Runtime      # DAGs    # Errors  Last Runtime    Last Run               Last # of DB Queries
-----------------------------  -----  ---------  --------  ----------  --------------  -------------------  ----------------------
/opt/airflow/dags/practice.py                           1           0  0.27s           2026-03-14T16:24:25                      12
================================================================================
[2026-03-14T16:24:54.787+0000] {manager.py:821} INFO - Searching for files in /opt/airflow/dags
[2026-03-14T16:24:54.821+0000] {manager.py:824} INFO - There are 1 files in /opt/airflow/dags
[2026-03-14T16:24:59.934+0000] {manager.py:821} INFO - Searching for files in /opt/airflow/dags
[2026-03-14T16:24:59.979+0000] {manager.py:824} INFO - There are 1 files in /opt/airflow/dags
[2026-03-14T16:25:05.068+0000] {manager.py:821} INFO - Searching for files in /opt/airflow/dags
[2026-03-14T16:25:05.102+0000] {manager.py:824} INFO - There are 1 files in /opt/airflow/dags
[2026-03-14T16:25:10.171+0000] {manager.py:821} INFO - Searching for files in /opt/airflow/dags
[2026-03-14T16:25:10.213+0000] {manager.py:824} INFO - There are 1 files in /opt/airflow/dags
[2026-03-14T16:25:15.284+0000] {manager.py:821} INFO - Searching for files in /opt/airflow/dags
[2026-03-14T16:25:15.320+0000] {manager.py:824} INFO - There are 1 files in /opt/airflow/dags
[2026-03-14T16:25:20.386+0000] {manager.py:821} INFO - Searching for files in /opt/airflow/dags
[2026-03-14T16:25:20.424+0000] {manager.py:824} INFO - There are 1 files in /opt/airflow/dags
[2026-03-14T16:25:22.471+0000] {manager.py:997} INFO - 
================================================================================
DAG File Processing Stats

File Path                      PID    Runtime      # DAGs    # Errors  Last Runtime    Last Run               Last # of DB Queries
-----------------------------  -----  ---------  --------  ----------  --------------  -------------------  ----------------------
/opt/airflow/dags/practice.py                           1           0  0.28s           2026-03-14T16:24:56                      12
================================================================================
[2026-03-14T16:25:25.494+0000] {manager.py:821} INFO - Searching for files in /opt/airflow/dags
[2026-03-14T16:25:25.526+0000] {manager.py:824} INFO - There are 1 files in /opt/airflow/dags
[2026-03-14T16:25:30.623+0000] {manager.py:821} INFO - Searching for files in /opt/airflow/dags
[2026-03-14T16:25:30.674+0000] {manager.py:824} INFO - There are 1 files in /opt/airflow/dags
[2026-03-14T16:25:35.738+0000] {manager.py:821} INFO - Searching for files in /opt/airflow/dags
[2026-03-14T16:25:35.771+0000] {manager.py:824} INFO - There are 1 files in /opt/airflow/dags
[2026-03-14T16:25:40.838+0000] {manager.py:821} INFO - Searching for files in /opt/airflow/dags
[2026-03-14T16:25:40.873+0000] {manager.py:824} INFO - There are 1 files in /opt/airflow/dags
[2026-03-14T16:25:45.948+0000] {manager.py:821} INFO - Searching for files in /opt/airflow/dags
[2026-03-14T16:25:46.224+0000] {manager.py:824} INFO - There are 1 files in /opt/airflow/dags
[2026-03-14T16:25:51.339+0000] {manager.py:821} INFO - Searching for files in /opt/airflow/dags
[2026-03-14T16:25:51.397+0000] {manager.py:824} INFO - There are 1 files in /opt/airflow/dags
[2026-03-14T16:25:53.446+0000] {manager.py:997} INFO - 
================================================================================
DAG File Processing Stats

File Path                      PID    Runtime      # DAGs    # Errors  Last Runtime    Last Run               Last # of DB Queries
-----------------------------  -----  ---------  --------  ----------  --------------  -------------------  ----------------------
/opt/airflow/dags/practice.py                           1           0  0.26s           2026-03-14T16:25:26                      12
================================================================================
[2026-03-14T16:25:56.467+0000] {manager.py:821} INFO - Searching for files in /opt/airflow/dags
[2026-03-14T16:25:56.499+0000] {manager.py:824} INFO - There are 1 files in /opt/airflow/dags
[2026-03-14T16:26:01.603+0000] {manager.py:821} INFO - Searching for files in /opt/airflow/dags
[2026-03-14T16:26:01.639+0000] {manager.py:824} INFO - There are 1 files in /opt/airflow/dags
[2026-03-14T16:26:06.714+0000] {manager.py:821} INFO - Searching for files in /opt/airflow/dags
[2026-03-14T16:26:06.749+0000] {manager.py:824} INFO - There are 1 files in /opt/airflow/dags
[2026-03-14T16:26:11.818+0000] {manager.py:821} INFO - Searching for files in /opt/airflow/dags
[2026-03-14T16:26:11.861+0000] {manager.py:824} INFO - There are 1 files in /opt/airflow/dags
[2026-03-14T16:26:16.934+0000] {manager.py:821} INFO - Searching for files in /opt/airflow/dags
[2026-03-14T16:26:16.965+0000] {manager.py:824} INFO - There are 1 files in /opt/airflow/dags
[2026-03-14T16:26:22.027+0000] {manager.py:821} INFO - Searching for files in /opt/airflow/dags
[2026-03-14T16:26:22.065+0000] {manager.py:824} INFO - There are 1 files in /opt/airflow/dags
[2026-03-14T16:26:24.110+0000] {manager.py:997} INFO - 
================================================================================
DAG File Processing Stats

File Path                      PID    Runtime      # DAGs    # Errors  Last Runtime    Last Run               Last # of DB Queries
-----------------------------  -----  ---------  --------  ----------  --------------  -------------------  ----------------------
/opt/airflow/dags/practice.py                           1           0  0.26s           2026-03-14T16:25:57                      12
================================================================================
[2026-03-14T16:26:27.134+0000] {manager.py:821} INFO - Searching for files in /opt/airflow/dags
[2026-03-14T16:26:27.162+0000] {manager.py:824} INFO - There are 1 files in /opt/airflow/dags
[2026-03-14T16:26:32.264+0000] {manager.py:821} INFO - Searching for files in /opt/airflow/dags
[2026-03-14T16:26:32.296+0000] {manager.py:824} INFO - There are 1 files in /opt/airflow/dags
[2026-03-14T16:26:37.361+0000] {manager.py:821} INFO - Searching for files in /opt/airflow/dags
[2026-03-14T16:26:37.393+0000] {manager.py:824} INFO - There are 1 files in /opt/airflow/dags
[2026-03-14T16:26:42.455+0000] {manager.py:821} INFO - Searching for files in /opt/airflow/dags
[2026-03-14T16:26:42.484+0000] {manager.py:824} INFO - There are 1 files in /opt/airflow/dags
[2026-03-14T16:26:47.557+0000] {manager.py:821} INFO - Searching for files in /opt/airflow/dags
[2026-03-14T16:26:47.596+0000] {manager.py:824} INFO - There are 1 files in /opt/airflow/dags
[2026-03-14T16:26:52.667+0000] {manager.py:821} INFO - Searching for files in /opt/airflow/dags
[2026-03-14T16:26:52.710+0000] {manager.py:824} INFO - There are 1 files in /opt/airflow/dags
[2026-03-14T16:26:54.760+0000] {manager.py:997} INFO - 
================================================================================
DAG File Processing Stats

File Path                      PID    Runtime      # DAGs    # Errors  Last Runtime    Last Run               Last # of DB Queries
-----------------------------  -----  ---------  --------  ----------  --------------  -------------------  ----------------------
/opt/airflow/dags/practice.py                           1           0  0.25s           2026-03-14T16:26:28                      12
================================================================================
[2026-03-14T16:26:57.783+0000] {manager.py:821} INFO - Searching for files in /opt/airflow/dags
[2026-03-14T16:26:57.815+0000] {manager.py:824} INFO - There are 1 files in /opt/airflow/dags
[2026-03-14T16:27:02.929+0000] {manager.py:821} INFO - Searching for files in /opt/airflow/dags
[2026-03-14T16:27:02.980+0000] {manager.py:824} INFO - There are 1 files in /opt/airflow/dags
[2026-03-14T16:27:08.080+0000] {manager.py:821} INFO - Searching for files in /opt/airflow/dags
[2026-03-14T16:27:08.112+0000] {manager.py:824} INFO - There are 1 files in /opt/airflow/dags
[2026-03-14T16:27:13.458+0000] {manager.py:821} INFO - Searching for files in /opt/airflow/dags
[2026-03-14T16:27:13.492+0000] {manager.py:824} INFO - There are 1 files in /opt/airflow/dags
[2026-03-14T16:27:18.562+0000] {manager.py:821} INFO - Searching for files in /opt/airflow/dags
[2026-03-14T16:27:18.597+0000] {manager.py:824} INFO - There are 1 files in /opt/airflow/dags
[2026-03-14T16:27:23.665+0000] {manager.py:821} INFO - Searching for files in /opt/airflow/dags
[2026-03-14T16:27:23.698+0000] {manager.py:824} INFO - There are 1 files in /opt/airflow/dags
[2026-03-14T16:27:25.740+0000] {manager.py:997} INFO - 
================================================================================
DAG File Processing Stats

File Path                      PID    Runtime      # DAGs    # Errors  Last Runtime    Last Run               Last # of DB Queries
-----------------------------  -----  ---------  --------  ----------  --------------  -------------------  ----------------------
/opt/airflow/dags/practice.py                           1           0  0.25s           2026-03-14T16:26:59                      12
================================================================================
[2026-03-14T16:27:28.807+0000] {manager.py:821} INFO - Searching for files in /opt/airflow/dags
[2026-03-14T16:27:28.847+0000] {manager.py:824} INFO - There are 1 files in /opt/airflow/dags
[2026-03-14T16:27:34.094+0000] {manager.py:821} INFO - Searching for files in /opt/airflow/dags
[2026-03-14T16:27:34.146+0000] {manager.py:824} INFO - There are 1 files in /opt/airflow/dags
[2026-03-14T16:27:39.243+0000] {manager.py:821} INFO - Searching for files in /opt/airflow/dags
[2026-03-14T16:27:39.283+0000] {manager.py:824} INFO - There are 1 files in /opt/airflow/dags
[2026-03-14T16:27:44.371+0000] {manager.py:821} INFO - Searching for files in /opt/airflow/dags
[2026-03-14T16:27:44.423+0000] {manager.py:824} INFO - There are 1 files in /opt/airflow/dags
[2026-03-14T16:27:49.494+0000] {manager.py:821} INFO - Searching for files in /opt/airflow/dags
[2026-03-14T16:27:49.536+0000] {manager.py:824} INFO - There are 1 files in /opt/airflow/dags
[2026-03-14T16:27:54.632+0000] {manager.py:821} INFO - Searching for files in /opt/airflow/dags
[2026-03-14T16:27:54.692+0000] {manager.py:824} INFO - There are 1 files in /opt/airflow/dags
[2026-03-14T16:27:55.757+0000] {manager.py:997} INFO - 
================================================================================
DAG File Processing Stats

File Path                      PID    Runtime      # DAGs    # Errors  Last Runtime    Last Run               Last # of DB Queries
-----------------------------  -----  ---------  --------  ----------  --------------  -------------------  ----------------------
/opt/airflow/dags/practice.py                           1           0  0.74s           2026-03-14T16:27:30                      12
================================================================================
[2026-03-14T16:27:59.920+0000] {manager.py:821} INFO - Searching for files in /opt/airflow/dags
[2026-03-14T16:27:59.976+0000] {manager.py:824} INFO - There are 1 files in /opt/airflow/dags
[2026-03-14T16:28:04.995+0000] {manager.py:821} INFO - Searching for files in /opt/airflow/dags
[2026-03-14T16:28:05.101+0000] {manager.py:824} INFO - There are 1 files in /opt/airflow/dags
[2026-03-14T16:28:10.196+0000] {manager.py:821} INFO - Searching for files in /opt/airflow/dags
[2026-03-14T16:28:10.241+0000] {manager.py:824} INFO - There are 1 files in /opt/airflow/dags
[2026-03-14T16:28:15.315+0000] {manager.py:821} INFO - Searching for files in /opt/airflow/dags
[2026-03-14T16:28:15.345+0000] {manager.py:824} INFO - There are 1 files in /opt/airflow/dags
[2026-03-14T16:28:20.407+0000] {manager.py:821} INFO - Searching for files in /opt/airflow/dags
[2026-03-14T16:28:20.440+0000] {manager.py:824} INFO - There are 1 files in /opt/airflow/dags
[2026-03-14T16:28:25.502+0000] {manager.py:821} INFO - Searching for files in /opt/airflow/dags
[2026-03-14T16:28:25.545+0000] {manager.py:824} INFO - There are 1 files in /opt/airflow/dags
[2026-03-14T16:28:26.574+0000] {manager.py:997} INFO - 
================================================================================
DAG File Processing Stats

File Path                      PID    Runtime      # DAGs    # Errors  Last Runtime    Last Run               Last # of DB Queries
-----------------------------  -----  ---------  --------  ----------  --------------  -------------------  ----------------------
/opt/airflow/dags/practice.py                           1           0  0.86s           2026-03-14T16:28:01                      12
================================================================================
[2026-03-14T16:28:30.610+0000] {manager.py:821} INFO - Searching for files in /opt/airflow/dags
[2026-03-14T16:28:30.662+0000] {manager.py:824} INFO - There are 1 files in /opt/airflow/dags
[2026-03-14T16:28:35.796+0000] {manager.py:821} INFO - Searching for files in /opt/airflow/dags
[2026-03-14T16:28:35.831+0000] {manager.py:824} INFO - There are 1 files in /opt/airflow/dags
[2026-03-14T16:28:40.902+0000] {manager.py:821} INFO - Searching for files in /opt/airflow/dags
[2026-03-14T16:28:40.937+0000] {manager.py:824} INFO - There are 1 files in /opt/airflow/dags
[2026-03-14T16:28:46.004+0000] {manager.py:821} INFO - Searching for files in /opt/airflow/dags
[2026-03-14T16:28:46.045+0000] {manager.py:824} INFO - There are 1 files in /opt/airflow/dags
[2026-03-14T16:28:51.117+0000] {manager.py:821} INFO - Searching for files in /opt/airflow/dags
[2026-03-14T16:28:51.154+0000] {manager.py:824} INFO - There are 1 files in /opt/airflow/dags
[2026-03-14T16:28:56.221+0000] {manager.py:821} INFO - Searching for files in /opt/airflow/dags
[2026-03-14T16:28:56.268+0000] {manager.py:824} INFO - There are 1 files in /opt/airflow/dags
[2026-03-14T16:28:57.306+0000] {manager.py:997} INFO - 
================================================================================
DAG File Processing Stats

File Path                      PID    Runtime      # DAGs    # Errors  Last Runtime    Last Run               Last # of DB Queries
-----------------------------  -----  ---------  --------  ----------  --------------  -------------------  ----------------------
/opt/airflow/dags/practice.py                           1           0  0.27s           2026-03-14T16:28:33                      12
================================================================================
[2026-03-14T16:29:01.343+0000] {manager.py:821} INFO - Searching for files in /opt/airflow/dags
[2026-03-14T16:29:01.382+0000] {manager.py:824} INFO - There are 1 files in /opt/airflow/dags
[2026-03-14T16:29:06.543+0000] {manager.py:821} INFO - Searching for files in /opt/airflow/dags
[2026-03-14T16:29:06.589+0000] {manager.py:824} INFO - There are 1 files in /opt/airflow/dags
[2026-03-14T16:29:11.672+0000] {manager.py:821} INFO - Searching for files in /opt/airflow/dags
[2026-03-14T16:29:11.790+0000] {manager.py:824} INFO - There are 1 files in /opt/airflow/dags
[2026-03-14T16:29:16.933+0000] {manager.py:821} INFO - Searching for files in /opt/airflow/dags
[2026-03-14T16:29:16.976+0000] {manager.py:824} INFO - There are 1 files in /opt/airflow/dags
[2026-03-14T16:29:22.068+0000] {manager.py:821} INFO - Searching for files in /opt/airflow/dags
[2026-03-14T16:29:22.115+0000] {manager.py:824} INFO - There are 1 files in /opt/airflow/dags
[2026-03-14T16:29:27.190+0000] {manager.py:821} INFO - Searching for files in /opt/airflow/dags
[2026-03-14T16:29:27.225+0000] {manager.py:824} INFO - There are 1 files in /opt/airflow/dags
[2026-03-14T16:29:28.258+0000] {manager.py:997} INFO - 
================================================================================
DAG File Processing Stats

File Path                      PID    Runtime      # DAGs    # Errors  Last Runtime    Last Run               Last # of DB Queries
-----------------------------  -----  ---------  --------  ----------  --------------  -------------------  ----------------------
/opt/airflow/dags/practice.py                           1           0  0.32s           2026-03-14T16:29:03                      12
================================================================================
[2026-03-14T16:29:32.297+0000] {manager.py:821} INFO - Searching for files in /opt/airflow/dags
[2026-03-14T16:29:32.338+0000] {manager.py:824} INFO - There are 1 files in /opt/airflow/dags
[2026-03-14T16:29:37.449+0000] {manager.py:821} INFO - Searching for files in /opt/airflow/dags
[2026-03-14T16:29:37.488+0000] {manager.py:824} INFO - There are 1 files in /opt/airflow/dags
[2026-03-14T16:29:42.557+0000] {manager.py:821} INFO - Searching for files in /opt/airflow/dags
[2026-03-14T16:29:42.596+0000] {manager.py:824} INFO - There are 1 files in /opt/airflow/dags
[2026-03-14T16:29:47.665+0000] {manager.py:821} INFO - Searching for files in /opt/airflow/dags
[2026-03-14T16:29:47.700+0000] {manager.py:824} INFO - There are 1 files in /opt/airflow/dags
[2026-03-14T16:29:52.765+0000] {manager.py:821} INFO - Searching for files in /opt/airflow/dags
[2026-03-14T16:29:52.797+0000] {manager.py:824} INFO - There are 1 files in /opt/airflow/dags
[2026-03-14T16:29:57.873+0000] {manager.py:821} INFO - Searching for files in /opt/airflow/dags
[2026-03-14T16:29:57.899+0000] {manager.py:824} INFO - There are 1 files in /opt/airflow/dags
[2026-03-14T16:29:58.928+0000] {manager.py:997} INFO - 
================================================================================
DAG File Processing Stats

File Path                      PID    Runtime      # DAGs    # Errors  Last Runtime    Last Run               Last # of DB Queries
-----------------------------  -----  ---------  --------  ----------  --------------  -------------------  ----------------------
/opt/airflow/dags/practice.py                           1           0  0.26s           2026-03-14T16:29:34                      12
================================================================================
[2026-03-14T16:30:02.963+0000] {manager.py:821} INFO - Searching for files in /opt/airflow/dags
[2026-03-14T16:30:02.989+0000] {manager.py:824} INFO - There are 1 files in /opt/airflow/dags
[2026-03-14T16:30:08.116+0000] {manager.py:821} INFO - Searching for files in /opt/airflow/dags
[2026-03-14T16:30:08.157+0000] {manager.py:824} INFO - There are 1 files in /opt/airflow/dags
[2026-03-14T16:30:13.260+0000] {manager.py:821} INFO - Searching for files in /opt/airflow/dags
[2026-03-14T16:30:13.299+0000] {manager.py:824} INFO - There are 1 files in /opt/airflow/dags
[2026-03-14T16:30:18.370+0000] {manager.py:821} INFO - Searching for files in /opt/airflow/dags
[2026-03-14T16:30:18.416+0000] {manager.py:824} INFO - There are 1 files in /opt/airflow/dags
[2026-03-14T16:30:23.485+0000] {manager.py:821} INFO - Searching for files in /opt/airflow/dags
[2026-03-14T16:30:23.528+0000] {manager.py:824} INFO - There are 1 files in /opt/airflow/dags
[2026-03-14T16:30:28.596+0000] {manager.py:821} INFO - Searching for files in /opt/airflow/dags
[2026-03-14T16:30:28.626+0000] {manager.py:824} INFO - There are 1 files in /opt/airflow/dags
[2026-03-14T16:30:29.657+0000] {manager.py:997} INFO - 
================================================================================
DAG File Processing Stats

File Path                      PID    Runtime      # DAGs    # Errors  Last Runtime    Last Run               Last # of DB Queries
-----------------------------  -----  ---------  --------  ----------  --------------  -------------------  ----------------------
/opt/airflow/dags/practice.py                           1           0  0.31s           2026-03-14T16:30:05                      12
================================================================================
[2026-03-14T16:30:33.754+0000] {manager.py:821} INFO - Searching for files in /opt/airflow/dags
[2026-03-14T16:30:33.799+0000] {manager.py:824} INFO - There are 1 files in /opt/airflow/dags
[2026-03-14T16:30:38.903+0000] {manager.py:821} INFO - Searching for files in /opt/airflow/dags
[2026-03-14T16:30:38.933+0000] {manager.py:824} INFO - There are 1 files in /opt/airflow/dags
[2026-03-14T16:30:44.005+0000] {manager.py:821} INFO - Searching for files in /opt/airflow/dags
[2026-03-14T16:30:44.041+0000] {manager.py:824} INFO - There are 1 files in /opt/airflow/dags
[2026-03-14T16:30:49.108+0000] {manager.py:821} INFO - Searching for files in /opt/airflow/dags
[2026-03-14T16:30:49.141+0000] {manager.py:824} INFO - There are 1 files in /opt/airflow/dags
[2026-03-14T16:30:54.204+0000] {manager.py:821} INFO - Searching for files in /opt/airflow/dags
[2026-03-14T16:30:54.239+0000] {manager.py:824} INFO - There are 1 files in /opt/airflow/dags
[2026-03-14T16:30:59.302+0000] {manager.py:821} INFO - Searching for files in /opt/airflow/dags
[2026-03-14T16:30:59.333+0000] {manager.py:824} INFO - There are 1 files in /opt/airflow/dags
[2026-03-14T16:31:00.367+0000] {manager.py:997} INFO - 
================================================================================
DAG File Processing Stats

File Path                      PID    Runtime      # DAGs    # Errors  Last Runtime    Last Run               Last # of DB Queries
-----------------------------  -----  ---------  --------  ----------  --------------  -------------------  ----------------------
/opt/airflow/dags/practice.py                           1           0  0.26s           2026-03-14T16:30:36                      12
================================================================================
[2026-03-14T16:31:04.408+0000] {manager.py:821} INFO - Searching for files in /opt/airflow/dags
[2026-03-14T16:31:04.438+0000] {manager.py:824} INFO - There are 1 files in /opt/airflow/dags
[2026-03-14T16:31:09.532+0000] {manager.py:821} INFO - Searching for files in /opt/airflow/dags
[2026-03-14T16:31:09.566+0000] {manager.py:824} INFO - There are 1 files in /opt/airflow/dags
[2026-03-14T16:31:14.632+0000] {manager.py:821} INFO - Searching for files in /opt/airflow/dags
[2026-03-14T16:31:14.673+0000] {manager.py:824} INFO - There are 1 files in /opt/airflow/dags
[2026-03-14T16:31:19.743+0000] {manager.py:821} INFO - Searching for files in /opt/airflow/dags
[2026-03-14T16:31:19.773+0000] {manager.py:824} INFO - There are 1 files in /opt/airflow/dags
[2026-03-14T16:31:24.835+0000] {manager.py:821} INFO - Searching for files in /opt/airflow/dags
[2026-03-14T16:31:24.865+0000] {manager.py:824} INFO - There are 1 files in /opt/airflow/dags
[2026-03-14T16:31:29.930+0000] {manager.py:821} INFO - Searching for files in /opt/airflow/dags
[2026-03-14T16:31:29.965+0000] {manager.py:824} INFO - There are 1 files in /opt/airflow/dags
[2026-03-14T16:31:31.011+0000] {manager.py:997} INFO - 
================================================================================
DAG File Processing Stats

File Path                      PID    Runtime      # DAGs    # Errors  Last Runtime    Last Run               Last # of DB Queries
-----------------------------  -----  ---------  --------  ----------  --------------  -------------------  ----------------------
/opt/airflow/dags/practice.py                           1           0  0.24s           2026-03-14T16:31:06                      12
================================================================================
[2026-03-14T16:31:35.048+0000] {manager.py:821} INFO - Searching for files in /opt/airflow/dags
[2026-03-14T16:31:35.077+0000] {manager.py:824} INFO - There are 1 files in /opt/airflow/dags
[2026-03-14T16:31:40.180+0000] {manager.py:821} INFO - Searching for files in /opt/airflow/dags
[2026-03-14T16:31:40.221+0000] {manager.py:824} INFO - There are 1 files in /opt/airflow/dags
[2026-03-14T16:31:45.292+0000] {manager.py:821} INFO - Searching for files in /opt/airflow/dags
[2026-03-14T16:31:45.335+0000] {manager.py:824} INFO - There are 1 files in /opt/airflow/dags
[2026-03-14T16:31:50.400+0000] {manager.py:821} INFO - Searching for files in /opt/airflow/dags
[2026-03-14T16:31:50.429+0000] {manager.py:824} INFO - There are 1 files in /opt/airflow/dags
[2026-03-14T16:31:55.491+0000] {manager.py:821} INFO - Searching for files in /opt/airflow/dags
[2026-03-14T16:31:55.523+0000] {manager.py:824} INFO - There are 1 files in /opt/airflow/dags
[2026-03-14T16:32:00.583+0000] {manager.py:821} INFO - Searching for files in /opt/airflow/dags
[2026-03-14T16:32:00.615+0000] {manager.py:824} INFO - There are 1 files in /opt/airflow/dags
[2026-03-14T16:32:01.647+0000] {manager.py:997} INFO - 
================================================================================
DAG File Processing Stats

File Path                      PID    Runtime      # DAGs    # Errors  Last Runtime    Last Run               Last # of DB Queries
-----------------------------  -----  ---------  --------  ----------  --------------  -------------------  ----------------------
/opt/airflow/dags/practice.py                           1           0  0.30s           2026-03-14T16:31:37                      12
================================================================================
[2026-03-14T16:32:05.685+0000] {manager.py:821} INFO - Searching for files in /opt/airflow/dags
[2026-03-14T16:32:05.717+0000] {manager.py:824} INFO - There are 1 files in /opt/airflow/dags
[2026-03-14T16:32:10.815+0000] {manager.py:821} INFO - Searching for files in /opt/airflow/dags
[2026-03-14T16:32:10.848+0000] {manager.py:824} INFO - There are 1 files in /opt/airflow/dags
[2026-03-14T16:32:15.985+0000] {manager.py:821} INFO - Searching for files in /opt/airflow/dags
[2026-03-14T16:32:16.050+0000] {manager.py:824} INFO - There are 1 files in /opt/airflow/dags
[2026-03-14T16:32:21.136+0000] {manager.py:821} INFO - Searching for files in /opt/airflow/dags
[2026-03-14T16:32:21.181+0000] {manager.py:824} INFO - There are 1 files in /opt/airflow/dags
[2026-03-14T16:32:26.246+0000] {manager.py:821} INFO - Searching for files in /opt/airflow/dags
[2026-03-14T16:32:26.294+0000] {manager.py:824} INFO - There are 1 files in /opt/airflow/dags
[2026-03-14T16:32:31.365+0000] {manager.py:821} INFO - Searching for files in /opt/airflow/dags
[2026-03-14T16:32:31.396+0000] {manager.py:824} INFO - There are 1 files in /opt/airflow/dags
[2026-03-14T16:32:32.433+0000] {manager.py:997} INFO - 
================================================================================
DAG File Processing Stats

File Path                      PID    Runtime      # DAGs    # Errors  Last Runtime    Last Run               Last # of DB Queries
-----------------------------  -----  ---------  --------  ----------  --------------  -------------------  ----------------------
/opt/airflow/dags/practice.py                           1           0  0.28s           2026-03-14T16:32:08                      12
================================================================================
[2026-03-14T16:32:36.470+0000] {manager.py:821} INFO - Searching for files in /opt/airflow/dags
[2026-03-14T16:32:36.615+0000] {manager.py:824} INFO - There are 1 files in /opt/airflow/dags
[2026-03-14T16:32:41.868+0000] {manager.py:821} INFO - Searching for files in /opt/airflow/dags
[2026-03-14T16:32:41.907+0000] {manager.py:824} INFO - There are 1 files in /opt/airflow/dags
[2026-03-14T16:32:47.033+0000] {manager.py:821} INFO - Searching for files in /opt/airflow/dags
[2026-03-14T16:32:47.105+0000] {manager.py:824} INFO - There are 1 files in /opt/airflow/dags
[2026-03-14T16:32:52.280+0000] {manager.py:821} INFO - Searching for files in /opt/airflow/dags
[2026-03-14T16:32:52.312+0000] {manager.py:824} INFO - There are 1 files in /opt/airflow/dags
[2026-03-14T16:32:57.407+0000] {manager.py:821} INFO - Searching for files in /opt/airflow/dags
[2026-03-14T16:32:57.450+0000] {manager.py:824} INFO - There are 1 files in /opt/airflow/dags
[2026-03-14T16:33:02.606+0000] {manager.py:821} INFO - Searching for files in /opt/airflow/dags
[2026-03-14T16:33:02.656+0000] {manager.py:824} INFO - There are 1 files in /opt/airflow/dags
[2026-03-14T16:33:02.682+0000] {manager.py:997} INFO - 
================================================================================
DAG File Processing Stats

File Path                      PID    Runtime      # DAGs    # Errors  Last Runtime    Last Run               Last # of DB Queries
-----------------------------  -----  ---------  --------  ----------  --------------  -------------------  ----------------------
/opt/airflow/dags/practice.py                           1           0  0.38s           2026-03-14T16:32:39                      12
================================================================================
[2026-03-14T16:33:07.757+0000] {manager.py:821} INFO - Searching for files in /opt/airflow/dags
[2026-03-14T16:33:07.860+0000] {manager.py:824} INFO - There are 1 files in /opt/airflow/dags
[2026-03-14T16:33:13.148+0000] {manager.py:821} INFO - Searching for files in /opt/airflow/dags
[2026-03-14T16:33:13.192+0000] {manager.py:824} INFO - There are 1 files in /opt/airflow/dags
[2026-03-14T16:33:18.430+0000] {manager.py:821} INFO - Searching for files in /opt/airflow/dags
[2026-03-14T16:33:18.491+0000] {manager.py:824} INFO - There are 1 files in /opt/airflow/dags
[2026-03-14T16:33:23.645+0000] {manager.py:821} INFO - Searching for files in /opt/airflow/dags
[2026-03-14T16:33:23.736+0000] {manager.py:824} INFO - There are 1 files in /opt/airflow/dags
[2026-03-14T16:33:28.874+0000] {manager.py:821} INFO - Searching for files in /opt/airflow/dags
[2026-03-14T16:33:28.906+0000] {manager.py:824} INFO - There are 1 files in /opt/airflow/dags
[2026-03-14T16:33:33.008+0000] {manager.py:997} INFO - 
================================================================================
DAG File Processing Stats

File Path                      PID    Runtime      # DAGs    # Errors  Last Runtime    Last Run               Last # of DB Queries
-----------------------------  -----  ---------  --------  ----------  --------------  -------------------  ----------------------
/opt/airflow/dags/practice.py                           1           0  0.63s           2026-03-14T16:33:10                      12
================================================================================
[2026-03-14T16:33:34.014+0000] {manager.py:821} INFO - Searching for files in /opt/airflow/dags
[2026-03-14T16:33:34.050+0000] {manager.py:824} INFO - There are 1 files in /opt/airflow/dags
[2026-03-14T16:33:39.158+0000] {manager.py:821} INFO - Searching for files in /opt/airflow/dags
[2026-03-14T16:33:39.197+0000] {manager.py:824} INFO - There are 1 files in /opt/airflow/dags
[2026-03-14T16:33:44.315+0000] {manager.py:821} INFO - Searching for files in /opt/airflow/dags
[2026-03-14T16:33:44.349+0000] {manager.py:824} INFO - There are 1 files in /opt/airflow/dags
[2026-03-14T16:33:49.430+0000] {manager.py:821} INFO - Searching for files in /opt/airflow/dags
[2026-03-14T16:33:49.483+0000] {manager.py:824} INFO - There are 1 files in /opt/airflow/dags
[2026-03-14T16:33:54.477+0000] {manager.py:821} INFO - Searching for files in /opt/airflow/dags
[2026-03-14T16:33:54.525+0000] {manager.py:824} INFO - There are 1 files in /opt/airflow/dags
[2026-03-14T16:33:59.626+0000] {manager.py:821} INFO - Searching for files in /opt/airflow/dags
[2026-03-14T16:33:59.682+0000] {manager.py:824} INFO - There are 1 files in /opt/airflow/dags
[2026-03-14T16:34:03.768+0000] {manager.py:997} INFO - 
================================================================================
DAG File Processing Stats

File Path                      PID    Runtime      # DAGs    # Errors  Last Runtime    Last Run               Last # of DB Queries
-----------------------------  -----  ---------  --------  ----------  --------------  -------------------  ----------------------
/opt/airflow/dags/practice.py                           1           0  0.87s           2026-03-14T16:33:52                      34
================================================================================
[2026-03-14T16:34:04.786+0000] {manager.py:821} INFO - Searching for files in /opt/airflow/dags
[2026-03-14T16:34:04.868+0000] {manager.py:824} INFO - There are 1 files in /opt/airflow/dags
[2026-03-14T16:34:09.968+0000] {manager.py:821} INFO - Searching for files in /opt/airflow/dags
[2026-03-14T16:34:10.007+0000] {manager.py:824} INFO - There are 1 files in /opt/airflow/dags
[2026-03-14T16:34:15.084+0000] {manager.py:821} INFO - Searching for files in /opt/airflow/dags
[2026-03-14T16:34:15.118+0000] {manager.py:824} INFO - There are 1 files in /opt/airflow/dags
[2026-03-14T16:34:20.188+0000] {manager.py:821} INFO - Searching for files in /opt/airflow/dags
[2026-03-14T16:34:20.231+0000] {manager.py:824} INFO - There are 1 files in /opt/airflow/dags
[2026-03-14T16:34:25.351+0000] {manager.py:821} INFO - Searching for files in /opt/airflow/dags
[2026-03-14T16:34:25.394+0000] {manager.py:824} INFO - There are 1 files in /opt/airflow/dags
[2026-03-14T16:34:30.469+0000] {manager.py:821} INFO - Searching for files in /opt/airflow/dags
[2026-03-14T16:34:30.500+0000] {manager.py:824} INFO - There are 1 files in /opt/airflow/dags
[2026-03-14T16:34:33.875+0000] {manager.py:997} INFO - 
================================================================================
DAG File Processing Stats

File Path                      PID    Runtime      # DAGs    # Errors  Last Runtime    Last Run               Last # of DB Queries
-----------------------------  -----  ---------  --------  ----------  --------------  -------------------  ----------------------
/opt/airflow/dags/practice.py                           1           0  0.40s           2026-03-14T16:34:23                      12
================================================================================
[2026-03-14T16:34:35.640+0000] {manager.py:821} INFO - Searching for files in /opt/airflow/dags
[2026-03-14T16:34:35.670+0000] {manager.py:824} INFO - There are 1 files in /opt/airflow/dags
[2026-03-14T16:34:40.745+0000] {manager.py:821} INFO - Searching for files in /opt/airflow/dags
[2026-03-14T16:34:40.787+0000] {manager.py:824} INFO - There are 1 files in /opt/airflow/dags
[2026-03-14T16:34:45.855+0000] {manager.py:821} INFO - Searching for files in /opt/airflow/dags
[2026-03-14T16:34:45.889+0000] {manager.py:824} INFO - There are 1 files in /opt/airflow/dags
[2026-03-14T16:34:50.956+0000] {manager.py:821} INFO - Searching for files in /opt/airflow/dags
[2026-03-14T16:34:50.985+0000] {manager.py:824} INFO - There are 1 files in /opt/airflow/dags
[2026-03-14T16:34:56.101+0000] {manager.py:821} INFO - Searching for files in /opt/airflow/dags
[2026-03-14T16:34:56.137+0000] {manager.py:824} INFO - There are 1 files in /opt/airflow/dags
[2026-03-14T16:35:01.213+0000] {manager.py:821} INFO - Searching for files in /opt/airflow/dags
[2026-03-14T16:35:01.281+0000] {manager.py:824} INFO - There are 1 files in /opt/airflow/dags
[2026-03-14T16:35:04.355+0000] {manager.py:997} INFO - 
================================================================================
DAG File Processing Stats

File Path                      PID    Runtime      # DAGs    # Errors  Last Runtime    Last Run               Last # of DB Queries
-----------------------------  -----  ---------  --------  ----------  --------------  -------------------  ----------------------
/opt/airflow/dags/practice.py                           1           0  0.32s           2026-03-14T16:34:54                      12
================================================================================
[2026-03-14T16:35:06.377+0000] {manager.py:821} INFO - Searching for files in /opt/airflow/dags
[2026-03-14T16:35:06.413+0000] {manager.py:824} INFO - There are 1 files in /opt/airflow/dags
[2026-03-14T16:35:11.486+0000] {manager.py:821} INFO - Searching for files in /opt/airflow/dags
[2026-03-14T16:35:11.529+0000] {manager.py:824} INFO - There are 1 files in /opt/airflow/dags
[2026-03-14T16:35:16.603+0000] {manager.py:821} INFO - Searching for files in /opt/airflow/dags
[2026-03-14T16:35:16.636+0000] {manager.py:824} INFO - There are 1 files in /opt/airflow/dags
[2026-03-14T16:35:21.707+0000] {manager.py:821} INFO - Searching for files in /opt/airflow/dags
[2026-03-14T16:35:21.741+0000] {manager.py:824} INFO - There are 1 files in /opt/airflow/dags
[2026-03-14T16:35:26.859+0000] {manager.py:821} INFO - Searching for files in /opt/airflow/dags
[2026-03-14T16:35:26.900+0000] {manager.py:824} INFO - There are 1 files in /opt/airflow/dags
[2026-03-14T16:35:31.970+0000] {manager.py:821} INFO - Searching for files in /opt/airflow/dags
[2026-03-14T16:35:32.010+0000] {manager.py:824} INFO - There are 1 files in /opt/airflow/dags
[2026-03-14T16:35:35.073+0000] {manager.py:997} INFO - 
================================================================================
DAG File Processing Stats

File Path                      PID    Runtime      # DAGs    # Errors  Last Runtime    Last Run               Last # of DB Queries
-----------------------------  -----  ---------  --------  ----------  --------------  -------------------  ----------------------
/opt/airflow/dags/practice.py                           1           0  0.36s           2026-03-14T16:35:25                      12
================================================================================
[2026-03-14T16:35:37.091+0000] {manager.py:821} INFO - Searching for files in /opt/airflow/dags
[2026-03-14T16:35:37.127+0000] {manager.py:824} INFO - There are 1 files in /opt/airflow/dags
[2026-03-14T16:35:42.196+0000] {manager.py:821} INFO - Searching for files in /opt/airflow/dags
[2026-03-14T16:35:42.230+0000] {manager.py:824} INFO - There are 1 files in /opt/airflow/dags
[2026-03-14T16:35:47.298+0000] {manager.py:821} INFO - Searching for files in /opt/airflow/dags
[2026-03-14T16:35:47.343+0000] {manager.py:824} INFO - There are 1 files in /opt/airflow/dags
[2026-03-14T16:35:52.484+0000] {manager.py:821} INFO - Searching for files in /opt/airflow/dags
[2026-03-14T16:35:52.527+0000] {manager.py:824} INFO - There are 1 files in /opt/airflow/dags
[2026-03-14T16:35:57.629+0000] {manager.py:821} INFO - Searching for files in /opt/airflow/dags
[2026-03-14T16:35:57.686+0000] {manager.py:824} INFO - There are 1 files in /opt/airflow/dags
[2026-03-14T16:36:02.775+0000] {manager.py:821} INFO - Searching for files in /opt/airflow/dags
[2026-03-14T16:36:02.805+0000] {manager.py:824} INFO - There are 1 files in /opt/airflow/dags
[2026-03-14T16:36:05.860+0000] {manager.py:997} INFO - 
================================================================================
DAG File Processing Stats

File Path                      PID    Runtime      # DAGs    # Errors  Last Runtime    Last Run               Last # of DB Queries
-----------------------------  -----  ---------  --------  ----------  --------------  -------------------  ----------------------
/opt/airflow/dags/practice.py                           1           0  1.25s           2026-03-14T16:35:50                      34
================================================================================
[2026-03-14T16:36:07.876+0000] {manager.py:821} INFO - Searching for files in /opt/airflow/dags
[2026-03-14T16:36:07.907+0000] {manager.py:824} INFO - There are 1 files in /opt/airflow/dags
[2026-03-14T16:36:13.051+0000] {manager.py:821} INFO - Searching for files in /opt/airflow/dags
[2026-03-14T16:36:13.089+0000] {manager.py:824} INFO - There are 1 files in /opt/airflow/dags
[2026-03-14T16:36:18.165+0000] {manager.py:821} INFO - Searching for files in /opt/airflow/dags
[2026-03-14T16:36:18.196+0000] {manager.py:824} INFO - There are 1 files in /opt/airflow/dags
[2026-03-14T16:36:23.425+0000] {manager.py:821} INFO - Searching for files in /opt/airflow/dags
[2026-03-14T16:36:23.455+0000] {manager.py:824} INFO - There are 1 files in /opt/airflow/dags
[2026-03-14T16:36:28.524+0000] {manager.py:821} INFO - Searching for files in /opt/airflow/dags
[2026-03-14T16:36:28.556+0000] {manager.py:824} INFO - There are 1 files in /opt/airflow/dags
[2026-03-14T16:36:33.635+0000] {manager.py:821} INFO - Searching for files in /opt/airflow/dags
[2026-03-14T16:36:33.668+0000] {manager.py:824} INFO - There are 1 files in /opt/airflow/dags
[2026-03-14T16:36:35.918+0000] {manager.py:997} INFO - 
================================================================================
DAG File Processing Stats

File Path                      PID    Runtime      # DAGs    # Errors  Last Runtime    Last Run               Last # of DB Queries
-----------------------------  -----  ---------  --------  ----------  --------------  -------------------  ----------------------
/opt/airflow/dags/practice.py                           1           0  0.38s           2026-03-14T16:36:21                      12
================================================================================
[2026-03-14T16:36:38.745+0000] {manager.py:821} INFO - Searching for files in /opt/airflow/dags
[2026-03-14T16:36:38.782+0000] {manager.py:824} INFO - There are 1 files in /opt/airflow/dags
[2026-03-14T16:36:43.867+0000] {manager.py:821} INFO - Searching for files in /opt/airflow/dags
[2026-03-14T16:36:43.921+0000] {manager.py:824} INFO - There are 1 files in /opt/airflow/dags
[2026-03-14T16:36:48.997+0000] {manager.py:821} INFO - Searching for files in /opt/airflow/dags
[2026-03-14T16:36:49.030+0000] {manager.py:824} INFO - There are 1 files in /opt/airflow/dags
[2026-03-14T16:36:54.189+0000] {manager.py:821} INFO - Searching for files in /opt/airflow/dags
[2026-03-14T16:36:54.230+0000] {manager.py:824} INFO - There are 1 files in /opt/airflow/dags
[2026-03-14T16:36:59.299+0000] {manager.py:821} INFO - Searching for files in /opt/airflow/dags
[2026-03-14T16:36:59.332+0000] {manager.py:824} INFO - There are 1 files in /opt/airflow/dags
[2026-03-14T16:37:04.401+0000] {manager.py:821} INFO - Searching for files in /opt/airflow/dags
[2026-03-14T16:37:04.429+0000] {manager.py:824} INFO - There are 1 files in /opt/airflow/dags
[2026-03-14T16:37:06.478+0000] {manager.py:997} INFO - 
================================================================================
DAG File Processing Stats

File Path                      PID    Runtime      # DAGs    # Errors  Last Runtime    Last Run               Last # of DB Queries
-----------------------------  -----  ---------  --------  ----------  --------------  -------------------  ----------------------
/opt/airflow/dags/practice.py                           1           0  0.42s           2026-03-14T16:36:52                      12
================================================================================
[2026-03-14T16:37:09.508+0000] {manager.py:821} INFO - Searching for files in /opt/airflow/dags
[2026-03-14T16:37:09.556+0000] {manager.py:824} INFO - There are 1 files in /opt/airflow/dags
[2026-03-14T16:37:14.722+0000] {manager.py:821} INFO - Searching for files in /opt/airflow/dags
[2026-03-14T16:37:14.765+0000] {manager.py:824} INFO - There are 1 files in /opt/airflow/dags
[2026-03-14T16:37:19.835+0000] {manager.py:821} INFO - Searching for files in /opt/airflow/dags
[2026-03-14T16:37:19.892+0000] {manager.py:824} INFO - There are 1 files in /opt/airflow/dags
[2026-03-14T16:37:25.055+0000] {manager.py:821} INFO - Searching for files in /opt/airflow/dags
[2026-03-14T16:37:25.171+0000] {manager.py:824} INFO - There are 1 files in /opt/airflow/dags
[2026-03-14T16:37:30.491+0000] {manager.py:821} INFO - Searching for files in /opt/airflow/dags
[2026-03-14T16:37:31.316+0000] {manager.py:824} INFO - There are 1 files in /opt/airflow/dags
[2026-03-14T16:37:36.422+0000] {manager.py:821} INFO - Searching for files in /opt/airflow/dags
[2026-03-14T16:37:36.451+0000] {manager.py:824} INFO - There are 1 files in /opt/airflow/dags
[2026-03-14T16:37:36.478+0000] {manager.py:997} INFO - 
================================================================================
DAG File Processing Stats

File Path                      PID    Runtime      # DAGs    # Errors  Last Runtime    Last Run               Last # of DB Queries
-----------------------------  -----  ---------  --------  ----------  --------------  -------------------  ----------------------
/opt/airflow/dags/practice.py                           1           0  0.44s           2026-03-14T16:37:29                      12
================================================================================
[2026-03-14T16:37:41.553+0000] {manager.py:821} INFO - Searching for files in /opt/airflow/dags
[2026-03-14T16:37:41.591+0000] {manager.py:824} INFO - There are 1 files in /opt/airflow/dags
[2026-03-14T16:37:46.672+0000] {manager.py:821} INFO - Searching for files in /opt/airflow/dags
[2026-03-14T16:37:46.727+0000] {manager.py:824} INFO - There are 1 files in /opt/airflow/dags
[2026-03-14T16:37:51.797+0000] {manager.py:821} INFO - Searching for files in /opt/airflow/dags
[2026-03-14T16:37:51.840+0000] {manager.py:824} INFO - There are 1 files in /opt/airflow/dags
[2026-03-14T16:37:56.921+0000] {manager.py:821} INFO - Searching for files in /opt/airflow/dags
[2026-03-14T16:37:56.990+0000] {manager.py:824} INFO - There are 1 files in /opt/airflow/dags
[2026-03-14T16:38:02.153+0000] {manager.py:821} INFO - Searching for files in /opt/airflow/dags
[2026-03-14T16:38:02.207+0000] {manager.py:824} INFO - There are 1 files in /opt/airflow/dags
[2026-03-14T16:38:06.620+0000] {manager.py:997} INFO - 
================================================================================
DAG File Processing Stats

File Path                      PID    Runtime      # DAGs    # Errors  Last Runtime    Last Run               Last # of DB Queries
-----------------------------  -----  ---------  --------  ----------  --------------  -------------------  ----------------------
/opt/airflow/dags/practice.py                           1           0  0.42s           2026-03-14T16:38:00                      12
================================================================================
[2026-03-14T16:38:07.314+0000] {manager.py:821} INFO - Searching for files in /opt/airflow/dags
[2026-03-14T16:38:07.360+0000] {manager.py:824} INFO - There are 1 files in /opt/airflow/dags
[2026-03-14T16:38:12.439+0000] {manager.py:821} INFO - Searching for files in /opt/airflow/dags
[2026-03-14T16:38:12.470+0000] {manager.py:824} INFO - There are 1 files in /opt/airflow/dags
[2026-03-14T16:38:17.538+0000] {manager.py:821} INFO - Searching for files in /opt/airflow/dags
[2026-03-14T16:38:17.581+0000] {manager.py:824} INFO - There are 1 files in /opt/airflow/dags
[2026-03-14T16:38:22.944+0000] {manager.py:821} INFO - Searching for files in /opt/airflow/dags
[2026-03-14T16:38:22.985+0000] {manager.py:824} INFO - There are 1 files in /opt/airflow/dags
[2026-03-14T16:38:28.055+0000] {manager.py:821} INFO - Searching for files in /opt/airflow/dags
[2026-03-14T16:38:28.088+0000] {manager.py:824} INFO - There are 1 files in /opt/airflow/dags
[2026-03-14T16:38:33.155+0000] {manager.py:821} INFO - Searching for files in /opt/airflow/dags
[2026-03-14T16:38:33.199+0000] {manager.py:824} INFO - There are 1 files in /opt/airflow/dags
[2026-03-14T16:38:37.275+0000] {manager.py:997} INFO - 
================================================================================
DAG File Processing Stats

File Path                      PID    Runtime      # DAGs    # Errors  Last Runtime    Last Run               Last # of DB Queries
-----------------------------  -----  ---------  --------  ----------  --------------  -------------------  ----------------------
/opt/airflow/dags/practice.py                           0           1  0.27s           2026-03-14T16:38:21                       3
================================================================================
[2026-03-14T16:38:38.282+0000] {manager.py:821} INFO - Searching for files in /opt/airflow/dags
[2026-03-14T16:38:38.316+0000] {manager.py:824} INFO - There are 1 files in /opt/airflow/dags
[2026-03-14T16:38:43.382+0000] {manager.py:821} INFO - Searching for files in /opt/airflow/dags
[2026-03-14T16:38:43.408+0000] {manager.py:824} INFO - There are 1 files in /opt/airflow/dags
[2026-03-14T16:38:48.538+0000] {manager.py:821} INFO - Searching for files in /opt/airflow/dags
[2026-03-14T16:38:48.586+0000] {manager.py:824} INFO - There are 1 files in /opt/airflow/dags
[2026-03-14T16:38:53.668+0000] {manager.py:821} INFO - Searching for files in /opt/airflow/dags
[2026-03-14T16:38:53.700+0000] {manager.py:824} INFO - There are 1 files in /opt/airflow/dags
[2026-03-14T16:38:58.791+0000] {manager.py:821} INFO - Searching for files in /opt/airflow/dags
[2026-03-14T16:38:58.833+0000] {manager.py:824} INFO - There are 1 files in /opt/airflow/dags
[2026-03-14T16:39:03.898+0000] {manager.py:821} INFO - Searching for files in /opt/airflow/dags
[2026-03-14T16:39:03.930+0000] {manager.py:824} INFO - There are 1 files in /opt/airflow/dags
[2026-03-14T16:39:07.524+0000] {manager.py:997} INFO - 
================================================================================
DAG File Processing Stats

File Path                      PID    Runtime      # DAGs    # Errors  Last Runtime    Last Run               Last # of DB Queries
-----------------------------  -----  ---------  --------  ----------  --------------  -------------------  ----------------------
/opt/airflow/dags/practice.py                           1           0  0.76s           2026-03-14T16:38:48                      34
================================================================================
[2026-03-14T16:39:09.007+0000] {manager.py:821} INFO - Searching for files in /opt/airflow/dags
[2026-03-14T16:39:09.037+0000] {manager.py:824} INFO - There are 1 files in /opt/airflow/dags
[2026-03-14T16:39:14.098+0000] {manager.py:821} INFO - Searching for files in /opt/airflow/dags
[2026-03-14T16:39:14.140+0000] {manager.py:824} INFO - There are 1 files in /opt/airflow/dags
[2026-03-14T16:39:19.753+0000] {manager.py:821} INFO - Searching for files in /opt/airflow/dags
[2026-03-14T16:39:19.783+0000] {manager.py:824} INFO - There are 1 files in /opt/airflow/dags
[2026-03-14T16:39:24.849+0000] {manager.py:821} INFO - Searching for files in /opt/airflow/dags
[2026-03-14T16:39:24.885+0000] {manager.py:824} INFO - There are 1 files in /opt/airflow/dags
[2026-03-14T16:39:29.956+0000] {manager.py:821} INFO - Searching for files in /opt/airflow/dags
[2026-03-14T16:39:30.014+0000] {manager.py:824} INFO - There are 1 files in /opt/airflow/dags
[2026-03-14T16:39:35.109+0000] {manager.py:821} INFO - Searching for files in /opt/airflow/dags
[2026-03-14T16:39:35.190+0000] {manager.py:824} INFO - There are 1 files in /opt/airflow/dags
[2026-03-14T16:39:38.287+0000] {manager.py:997} INFO - 
================================================================================
DAG File Processing Stats

File Path                      PID    Runtime      # DAGs    # Errors  Last Runtime    Last Run               Last # of DB Queries
-----------------------------  -----  ---------  --------  ----------  --------------  -------------------  ----------------------
/opt/airflow/dags/practice.py                           1           0  0.27s           2026-03-14T16:39:19                      12
================================================================================
[2026-03-14T16:39:40.305+0000] {manager.py:821} INFO - Searching for files in /opt/airflow/dags
[2026-03-14T16:39:40.335+0000] {manager.py:824} INFO - There are 1 files in /opt/airflow/dags
[2026-03-14T16:39:45.402+0000] {manager.py:821} INFO - Searching for files in /opt/airflow/dags
[2026-03-14T16:39:45.435+0000] {manager.py:824} INFO - There are 1 files in /opt/airflow/dags
[2026-03-14T16:39:50.728+0000] {manager.py:821} INFO - Searching for files in /opt/airflow/dags
[2026-03-14T16:39:50.767+0000] {manager.py:824} INFO - There are 1 files in /opt/airflow/dags
[2026-03-14T16:39:55.833+0000] {manager.py:821} INFO - Searching for files in /opt/airflow/dags
[2026-03-14T16:39:55.872+0000] {manager.py:824} INFO - There are 1 files in /opt/airflow/dags
[2026-03-14T16:40:00.952+0000] {manager.py:821} INFO - Searching for files in /opt/airflow/dags
[2026-03-14T16:40:00.999+0000] {manager.py:824} INFO - There are 1 files in /opt/airflow/dags
[2026-03-14T16:40:06.089+0000] {manager.py:821} INFO - Searching for files in /opt/airflow/dags
[2026-03-14T16:40:06.130+0000] {manager.py:824} INFO - There are 1 files in /opt/airflow/dags
[2026-03-14T16:40:09.191+0000] {manager.py:997} INFO - 
================================================================================
DAG File Processing Stats

File Path                      PID    Runtime      # DAGs    # Errors  Last Runtime    Last Run               Last # of DB Queries
-----------------------------  -----  ---------  --------  ----------  --------------  -------------------  ----------------------
/opt/airflow/dags/practice.py                           1           0  0.30s           2026-03-14T16:39:49                      12
================================================================================
[2026-03-14T16:40:11.207+0000] {manager.py:821} INFO - Searching for files in /opt/airflow/dags
[2026-03-14T16:40:11.235+0000] {manager.py:824} INFO - There are 1 files in /opt/airflow/dags
[2026-03-14T16:40:16.359+0000] {manager.py:821} INFO - Searching for files in /opt/airflow/dags
[2026-03-14T16:40:16.399+0000] {manager.py:824} INFO - There are 1 files in /opt/airflow/dags
[2026-03-14T16:40:21.468+0000] {manager.py:821} INFO - Searching for files in /opt/airflow/dags
[2026-03-14T16:40:21.523+0000] {manager.py:824} INFO - There are 1 files in /opt/airflow/dags
[2026-03-14T16:40:26.605+0000] {manager.py:821} INFO - Searching for files in /opt/airflow/dags
[2026-03-14T16:40:26.639+0000] {manager.py:824} INFO - There are 1 files in /opt/airflow/dags
[2026-03-14T16:40:31.708+0000] {manager.py:821} INFO - Searching for files in /opt/airflow/dags
[2026-03-14T16:40:31.739+0000] {manager.py:824} INFO - There are 1 files in /opt/airflow/dags
[2026-03-14T16:40:36.808+0000] {manager.py:821} INFO - Searching for files in /opt/airflow/dags
[2026-03-14T16:40:36.847+0000] {manager.py:824} INFO - There are 1 files in /opt/airflow/dags
[2026-03-14T16:40:39.905+0000] {manager.py:997} INFO - 
================================================================================
DAG File Processing Stats

File Path                      PID    Runtime      # DAGs    # Errors  Last Runtime    Last Run               Last # of DB Queries
-----------------------------  -----  ---------  --------  ----------  --------------  -------------------  ----------------------
/opt/airflow/dags/practice.py                           1           0  0.33s           2026-03-14T16:40:13                      12
================================================================================
[2026-03-14T16:40:41.923+0000] {manager.py:821} INFO - Searching for files in /opt/airflow/dags
[2026-03-14T16:40:41.970+0000] {manager.py:824} INFO - There are 1 files in /opt/airflow/dags
[2026-03-14T16:40:47.198+0000] {manager.py:821} INFO - Searching for files in /opt/airflow/dags
[2026-03-14T16:40:47.244+0000] {manager.py:824} INFO - There are 1 files in /opt/airflow/dags
[2026-03-14T16:40:52.325+0000] {manager.py:821} INFO - Searching for files in /opt/airflow/dags
[2026-03-14T16:40:52.368+0000] {manager.py:824} INFO - There are 1 files in /opt/airflow/dags
[2026-03-14T16:40:57.449+0000] {manager.py:821} INFO - Searching for files in /opt/airflow/dags
[2026-03-14T16:40:57.481+0000] {manager.py:824} INFO - There are 1 files in /opt/airflow/dags
[2026-03-14T16:41:02.551+0000] {manager.py:821} INFO - Searching for files in /opt/airflow/dags
[2026-03-14T16:41:02.593+0000] {manager.py:824} INFO - There are 1 files in /opt/airflow/dags
[2026-03-14T16:41:07.672+0000] {manager.py:821} INFO - Searching for files in /opt/airflow/dags
[2026-03-14T16:41:07.715+0000] {manager.py:824} INFO - There are 1 files in /opt/airflow/dags
[2026-03-14T16:41:10.776+0000] {manager.py:997} INFO - 
================================================================================
DAG File Processing Stats

File Path                      PID    Runtime      # DAGs    # Errors  Last Runtime    Last Run               Last # of DB Queries
-----------------------------  -----  ---------  --------  ----------  --------------  -------------------  ----------------------
/opt/airflow/dags/practice.py                           1           0  0.31s           2026-03-14T16:40:44                      12
================================================================================
[2026-03-14T16:41:12.793+0000] {manager.py:821} INFO - Searching for files in /opt/airflow/dags
[2026-03-14T16:41:12.823+0000] {manager.py:824} INFO - There are 1 files in /opt/airflow/dags
[2026-03-14T16:41:17.939+0000] {manager.py:821} INFO - Searching for files in /opt/airflow/dags
[2026-03-14T16:41:17.988+0000] {manager.py:824} INFO - There are 1 files in /opt/airflow/dags
[2026-03-14T16:41:23.079+0000] {manager.py:821} INFO - Searching for files in /opt/airflow/dags
[2026-03-14T16:41:23.122+0000] {manager.py:824} INFO - There are 1 files in /opt/airflow/dags
[2026-03-14T16:41:28.193+0000] {manager.py:821} INFO - Searching for files in /opt/airflow/dags
[2026-03-14T16:41:28.233+0000] {manager.py:824} INFO - There are 1 files in /opt/airflow/dags
[2026-03-14T16:41:33.302+0000] {manager.py:821} INFO - Searching for files in /opt/airflow/dags
[2026-03-14T16:41:33.335+0000] {manager.py:824} INFO - There are 1 files in /opt/airflow/dags
[2026-03-14T16:41:38.408+0000] {manager.py:821} INFO - Searching for files in /opt/airflow/dags
[2026-03-14T16:41:38.446+0000] {manager.py:824} INFO - There are 1 files in /opt/airflow/dags
[2026-03-14T16:41:41.504+0000] {manager.py:997} INFO - 
================================================================================
DAG File Processing Stats

File Path                      PID    Runtime      # DAGs    # Errors  Last Runtime    Last Run               Last # of DB Queries
-----------------------------  -----  ---------  --------  ----------  --------------  -------------------  ----------------------
/opt/airflow/dags/practice.py                           1           0  0.51s           2026-03-14T16:41:15                      12
================================================================================
[2026-03-14T16:41:43.521+0000] {manager.py:821} INFO - Searching for files in /opt/airflow/dags
[2026-03-14T16:41:43.556+0000] {manager.py:824} INFO - There are 1 files in /opt/airflow/dags
[2026-03-14T16:41:48.835+0000] {manager.py:821} INFO - Searching for files in /opt/airflow/dags
[2026-03-14T16:41:48.868+0000] {manager.py:824} INFO - There are 1 files in /opt/airflow/dags
[2026-03-14T16:41:54.015+0000] {manager.py:821} INFO - Searching for files in /opt/airflow/dags
[2026-03-14T16:41:54.055+0000] {manager.py:824} INFO - There are 1 files in /opt/airflow/dags
[2026-03-14T16:41:59.170+0000] {manager.py:821} INFO - Searching for files in /opt/airflow/dags
[2026-03-14T16:41:59.206+0000] {manager.py:824} INFO - There are 1 files in /opt/airflow/dags
[2026-03-14T16:42:04.278+0000] {manager.py:821} INFO - Searching for files in /opt/airflow/dags
[2026-03-14T16:42:04.328+0000] {manager.py:824} INFO - There are 1 files in /opt/airflow/dags
[2026-03-14T16:42:09.417+0000] {manager.py:821} INFO - Searching for files in /opt/airflow/dags
[2026-03-14T16:42:09.451+0000] {manager.py:824} INFO - There are 1 files in /opt/airflow/dags
[2026-03-14T16:42:11.960+0000] {manager.py:997} INFO - 
================================================================================
DAG File Processing Stats

File Path                      PID    Runtime      # DAGs    # Errors  Last Runtime    Last Run               Last # of DB Queries
-----------------------------  -----  ---------  --------  ----------  --------------  -------------------  ----------------------
/opt/airflow/dags/practice.py                           1           0  0.68s           2026-03-14T16:41:54                      34
================================================================================
[2026-03-14T16:42:14.520+0000] {manager.py:821} INFO - Searching for files in /opt/airflow/dags
[2026-03-14T16:42:14.571+0000] {manager.py:824} INFO - There are 1 files in /opt/airflow/dags
[2026-03-14T16:42:19.669+0000] {manager.py:821} INFO - Searching for files in /opt/airflow/dags
[2026-03-14T16:42:19.696+0000] {manager.py:824} INFO - There are 1 files in /opt/airflow/dags
[2026-03-14T16:42:24.765+0000] {manager.py:821} INFO - Searching for files in /opt/airflow/dags
[2026-03-14T16:42:24.802+0000] {manager.py:824} INFO - There are 1 files in /opt/airflow/dags
[2026-03-14T16:42:30.157+0000] {manager.py:821} INFO - Searching for files in /opt/airflow/dags
[2026-03-14T16:42:30.232+0000] {manager.py:824} INFO - There are 1 files in /opt/airflow/dags
[2026-03-14T16:42:35.326+0000] {manager.py:821} INFO - Searching for files in /opt/airflow/dags
[2026-03-14T16:42:35.366+0000] {manager.py:824} INFO - There are 1 files in /opt/airflow/dags
[2026-03-14T16:42:40.435+0000] {manager.py:821} INFO - Searching for files in /opt/airflow/dags
[2026-03-14T16:42:40.466+0000] {manager.py:824} INFO - There are 1 files in /opt/airflow/dags
[2026-03-14T16:42:42.506+0000] {manager.py:997} INFO - 
================================================================================
DAG File Processing Stats

File Path                      PID    Runtime      # DAGs    # Errors  Last Runtime    Last Run               Last # of DB Queries
-----------------------------  -----  ---------  --------  ----------  --------------  -------------------  ----------------------
/opt/airflow/dags/practice.py                           1           0  0.31s           2026-03-14T16:42:25                      12
================================================================================
[2026-03-14T16:42:45.536+0000] {manager.py:821} INFO - Searching for files in /opt/airflow/dags
[2026-03-14T16:42:45.653+0000] {manager.py:824} INFO - There are 1 files in /opt/airflow/dags
[2026-03-14T16:42:50.745+0000] {manager.py:821} INFO - Searching for files in /opt/airflow/dags
[2026-03-14T16:42:50.785+0000] {manager.py:824} INFO - There are 1 files in /opt/airflow/dags
[2026-03-14T16:42:55.863+0000] {manager.py:821} INFO - Searching for files in /opt/airflow/dags
[2026-03-14T16:42:55.921+0000] {manager.py:824} INFO - There are 1 files in /opt/airflow/dags
[2026-03-14T16:43:01.060+0000] {manager.py:821} INFO - Searching for files in /opt/airflow/dags
[2026-03-14T16:43:01.165+0000] {manager.py:824} INFO - There are 1 files in /opt/airflow/dags
[2026-03-14T16:43:06.253+0000] {manager.py:821} INFO - Searching for files in /opt/airflow/dags
[2026-03-14T16:43:06.287+0000] {manager.py:824} INFO - There are 1 files in /opt/airflow/dags
[2026-03-14T16:43:11.359+0000] {manager.py:821} INFO - Searching for files in /opt/airflow/dags
[2026-03-14T16:43:11.400+0000] {manager.py:824} INFO - There are 1 files in /opt/airflow/dags
[2026-03-14T16:43:12.821+0000] {manager.py:997} INFO - 
================================================================================
DAG File Processing Stats

File Path                      PID    Runtime      # DAGs    # Errors  Last Runtime    Last Run               Last # of DB Queries
-----------------------------  -----  ---------  --------  ----------  --------------  -------------------  ----------------------
/opt/airflow/dags/practice.py                           1           0  0.98s           2026-03-14T16:43:04                      34
================================================================================
[2026-03-14T16:43:16.501+0000] {manager.py:821} INFO - Searching for files in /opt/airflow/dags
[2026-03-14T16:43:16.537+0000] {manager.py:824} INFO - There are 1 files in /opt/airflow/dags
[2026-03-14T16:43:21.605+0000] {manager.py:821} INFO - Searching for files in /opt/airflow/dags
[2026-03-14T16:43:21.633+0000] {manager.py:824} INFO - There are 1 files in /opt/airflow/dags
[2026-03-14T16:43:26.734+0000] {manager.py:821} INFO - Searching for files in /opt/airflow/dags
[2026-03-14T16:43:26.798+0000] {manager.py:824} INFO - There are 1 files in /opt/airflow/dags
[2026-03-14T16:43:31.872+0000] {manager.py:821} INFO - Searching for files in /opt/airflow/dags
[2026-03-14T16:43:31.904+0000] {manager.py:824} INFO - There are 1 files in /opt/airflow/dags
[2026-03-14T16:43:37.058+0000] {manager.py:821} INFO - Searching for files in /opt/airflow/dags
[2026-03-14T16:43:37.130+0000] {manager.py:824} INFO - There are 1 files in /opt/airflow/dags
[2026-03-14T16:43:42.232+0000] {manager.py:821} INFO - Searching for files in /opt/airflow/dags
[2026-03-14T16:43:42.282+0000] {manager.py:824} INFO - There are 1 files in /opt/airflow/dags
[2026-03-14T16:43:43.327+0000] {manager.py:997} INFO - 
================================================================================
DAG File Processing Stats

File Path                      PID    Runtime      # DAGs    # Errors  Last Runtime    Last Run               Last # of DB Queries
-----------------------------  -----  ---------  --------  ----------  --------------  -------------------  ----------------------
/opt/airflow/dags/practice.py                           1           0  0.28s           2026-03-14T16:43:35                      12
================================================================================
[2026-03-14T16:43:47.369+0000] {manager.py:821} INFO - Searching for files in /opt/airflow/dags
[2026-03-14T16:43:47.410+0000] {manager.py:824} INFO - There are 1 files in /opt/airflow/dags
[2026-03-14T16:43:52.479+0000] {manager.py:821} INFO - Searching for files in /opt/airflow/dags
[2026-03-14T16:43:52.518+0000] {manager.py:824} INFO - There are 1 files in /opt/airflow/dags
[2026-03-14T16:43:57.589+0000] {manager.py:821} INFO - Searching for files in /opt/airflow/dags
[2026-03-14T16:43:57.620+0000] {manager.py:824} INFO - There are 1 files in /opt/airflow/dags
[2026-03-14T16:44:02.686+0000] {manager.py:821} INFO - Searching for files in /opt/airflow/dags
[2026-03-14T16:44:02.716+0000] {manager.py:824} INFO - There are 1 files in /opt/airflow/dags
[2026-03-14T16:44:07.820+0000] {manager.py:821} INFO - Searching for files in /opt/airflow/dags
[2026-03-14T16:44:07.850+0000] {manager.py:824} INFO - There are 1 files in /opt/airflow/dags
[2026-03-14T16:44:12.920+0000] {manager.py:821} INFO - Searching for files in /opt/airflow/dags
[2026-03-14T16:44:12.952+0000] {manager.py:824} INFO - There are 1 files in /opt/airflow/dags
[2026-03-14T16:44:14.004+0000] {manager.py:997} INFO - 
================================================================================
DAG File Processing Stats

File Path                      PID    Runtime      # DAGs    # Errors  Last Runtime    Last Run               Last # of DB Queries
-----------------------------  -----  ---------  --------  ----------  --------------  -------------------  ----------------------
/opt/airflow/dags/practice.py                           1           0  0.25s           2026-03-14T16:44:06                      12
================================================================================
[2026-03-14T16:44:18.047+0000] {manager.py:821} INFO - Searching for files in /opt/airflow/dags
[2026-03-14T16:44:18.082+0000] {manager.py:824} INFO - There are 1 files in /opt/airflow/dags
[2026-03-14T16:44:23.153+0000] {manager.py:821} INFO - Searching for files in /opt/airflow/dags
[2026-03-14T16:44:23.187+0000] {manager.py:824} INFO - There are 1 files in /opt/airflow/dags
[2026-03-14T16:44:28.253+0000] {manager.py:821} INFO - Searching for files in /opt/airflow/dags
[2026-03-14T16:44:28.288+0000] {manager.py:824} INFO - There are 1 files in /opt/airflow/dags
[2026-03-14T16:44:33.354+0000] {manager.py:821} INFO - Searching for files in /opt/airflow/dags
[2026-03-14T16:44:33.395+0000] {manager.py:824} INFO - There are 1 files in /opt/airflow/dags
[2026-03-14T16:44:38.505+0000] {manager.py:821} INFO - Searching for files in /opt/airflow/dags
[2026-03-14T16:44:38.542+0000] {manager.py:824} INFO - There are 1 files in /opt/airflow/dags
[2026-03-14T16:44:43.609+0000] {manager.py:821} INFO - Searching for files in /opt/airflow/dags
[2026-03-14T16:44:43.641+0000] {manager.py:824} INFO - There are 1 files in /opt/airflow/dags
[2026-03-14T16:44:44.170+0000] {manager.py:997} INFO - 
================================================================================
DAG File Processing Stats

File Path                      PID    Runtime      # DAGs    # Errors  Last Runtime    Last Run               Last # of DB Queries
-----------------------------  -----  ---------  --------  ----------  --------------  -------------------  ----------------------
/opt/airflow/dags/practice.py                           1           0  0.27s           2026-03-14T16:44:36                      12
================================================================================
[2026-03-14T16:44:48.901+0000] {manager.py:821} INFO - Searching for files in /opt/airflow/dags
[2026-03-14T16:44:48.938+0000] {manager.py:824} INFO - There are 1 files in /opt/airflow/dags
[2026-03-14T16:44:54.009+0000] {manager.py:821} INFO - Searching for files in /opt/airflow/dags
[2026-03-14T16:44:54.041+0000] {manager.py:824} INFO - There are 1 files in /opt/airflow/dags
[2026-03-14T16:44:59.104+0000] {manager.py:821} INFO - Searching for files in /opt/airflow/dags
[2026-03-14T16:44:59.135+0000] {manager.py:824} INFO - There are 1 files in /opt/airflow/dags
[2026-03-14T16:45:04.157+0000] {manager.py:821} INFO - Searching for files in /opt/airflow/dags
[2026-03-14T16:45:04.227+0000] {manager.py:824} INFO - There are 1 files in /opt/airflow/dags
[2026-03-14T16:45:09.338+0000] {manager.py:821} INFO - Searching for files in /opt/airflow/dags
[2026-03-14T16:45:09.391+0000] {manager.py:824} INFO - There are 1 files in /opt/airflow/dags
[2026-03-14T16:45:14.478+0000] {manager.py:821} INFO - Searching for files in /opt/airflow/dags
[2026-03-14T16:45:14.518+0000] {manager.py:824} INFO - There are 1 files in /opt/airflow/dags
[2026-03-14T16:45:14.554+0000] {manager.py:997} INFO - 
================================================================================
DAG File Processing Stats

File Path                      PID    Runtime      # DAGs    # Errors  Last Runtime    Last Run               Last # of DB Queries
-----------------------------  -----  ---------  --------  ----------  --------------  -------------------  ----------------------
/opt/airflow/dags/practice.py                           1           0  0.81s           2026-03-14T16:45:04                      34
================================================================================
[2026-03-14T16:45:19.610+0000] {manager.py:821} INFO - Searching for files in /opt/airflow/dags
[2026-03-14T16:45:19.660+0000] {manager.py:824} INFO - There are 1 files in /opt/airflow/dags
[2026-03-14T16:45:24.729+0000] {manager.py:821} INFO - Searching for files in /opt/airflow/dags
[2026-03-14T16:45:24.773+0000] {manager.py:824} INFO - There are 1 files in /opt/airflow/dags
[2026-03-14T16:45:29.849+0000] {manager.py:821} INFO - Searching for files in /opt/airflow/dags
[2026-03-14T16:45:29.883+0000] {manager.py:824} INFO - There are 1 files in /opt/airflow/dags
[2026-03-14T16:45:34.955+0000] {manager.py:821} INFO - Searching for files in /opt/airflow/dags
[2026-03-14T16:45:34.991+0000] {manager.py:824} INFO - There are 1 files in /opt/airflow/dags
[2026-03-14T16:45:40.104+0000] {manager.py:821} INFO - Searching for files in /opt/airflow/dags
[2026-03-14T16:45:40.141+0000] {manager.py:824} INFO - There are 1 files in /opt/airflow/dags
[2026-03-14T16:45:45.211+0000] {manager.py:821} INFO - Searching for files in /opt/airflow/dags
[2026-03-14T16:45:45.256+0000] {manager.py:824} INFO - There are 1 files in /opt/airflow/dags
[2026-03-14T16:45:45.281+0000] {manager.py:997} INFO - 
================================================================================
DAG File Processing Stats

File Path                      PID    Runtime      # DAGs    # Errors  Last Runtime    Last Run               Last # of DB Queries
-----------------------------  -----  ---------  --------  ----------  --------------  -------------------  ----------------------
/opt/airflow/dags/practice.py                           1           0  0.28s           2026-03-14T16:45:35                      12
================================================================================
[2026-03-14T16:45:50.354+0000] {manager.py:821} INFO - Searching for files in /opt/airflow/dags
[2026-03-14T16:45:50.395+0000] {manager.py:824} INFO - There are 1 files in /opt/airflow/dags
[2026-03-14T16:45:55.481+0000] {manager.py:821} INFO - Searching for files in /opt/airflow/dags
[2026-03-14T16:45:55.541+0000] {manager.py:824} INFO - There are 1 files in /opt/airflow/dags
[2026-03-14T16:46:00.632+0000] {manager.py:821} INFO - Searching for files in /opt/airflow/dags
[2026-03-14T16:46:00.666+0000] {manager.py:824} INFO - There are 1 files in /opt/airflow/dags
[2026-03-14T16:46:05.733+0000] {manager.py:821} INFO - Searching for files in /opt/airflow/dags
[2026-03-14T16:46:05.769+0000] {manager.py:824} INFO - There are 1 files in /opt/airflow/dags
[2026-03-14T16:46:10.889+0000] {manager.py:821} INFO - Searching for files in /opt/airflow/dags
[2026-03-14T16:46:10.921+0000] {manager.py:824} INFO - There are 1 files in /opt/airflow/dags
[2026-03-14T16:46:15.995+0000] {manager.py:821} INFO - Searching for files in /opt/airflow/dags
[2026-03-14T16:46:16.032+0000] {manager.py:824} INFO - There are 1 files in /opt/airflow/dags
[2026-03-14T16:46:16.053+0000] {manager.py:997} INFO - 
================================================================================
DAG File Processing Stats

File Path                      PID    Runtime      # DAGs    # Errors  Last Runtime    Last Run               Last # of DB Queries
-----------------------------  -----  ---------  --------  ----------  --------------  -------------------  ----------------------
/opt/airflow/dags/practice.py                           1           0  0.27s           2026-03-14T16:46:06                      12
================================================================================
[2026-03-14T16:46:21.098+0000] {manager.py:821} INFO - Searching for files in /opt/airflow/dags
[2026-03-14T16:46:21.146+0000] {manager.py:824} INFO - There are 1 files in /opt/airflow/dags
[2026-03-14T16:46:26.228+0000] {manager.py:821} INFO - Searching for files in /opt/airflow/dags
[2026-03-14T16:46:26.262+0000] {manager.py:824} INFO - There are 1 files in /opt/airflow/dags
[2026-03-14T16:46:31.338+0000] {manager.py:821} INFO - Searching for files in /opt/airflow/dags
[2026-03-14T16:46:31.378+0000] {manager.py:824} INFO - There are 1 files in /opt/airflow/dags
[2026-03-14T16:46:36.457+0000] {manager.py:821} INFO - Searching for files in /opt/airflow/dags
[2026-03-14T16:46:36.498+0000] {manager.py:824} INFO - There are 1 files in /opt/airflow/dags
[2026-03-14T16:46:41.610+0000] {manager.py:821} INFO - Searching for files in /opt/airflow/dags
[2026-03-14T16:46:41.646+0000] {manager.py:824} INFO - There are 1 files in /opt/airflow/dags
[2026-03-14T16:46:46.256+0000] {manager.py:997} INFO - 
================================================================================
DAG File Processing Stats

File Path                      PID    Runtime      # DAGs    # Errors  Last Runtime    Last Run               Last # of DB Queries
-----------------------------  -----  ---------  --------  ----------  --------------  -------------------  ----------------------
/opt/airflow/dags/practice.py                           1           0  0.61s           2026-03-14T16:46:37                      12
================================================================================
[2026-03-14T16:46:46.718+0000] {manager.py:821} INFO - Searching for files in /opt/airflow/dags
[2026-03-14T16:46:46.774+0000] {manager.py:824} INFO - There are 1 files in /opt/airflow/dags
[2026-03-14T16:46:51.856+0000] {manager.py:821} INFO - Searching for files in /opt/airflow/dags
[2026-03-14T16:46:51.896+0000] {manager.py:824} INFO - There are 1 files in /opt/airflow/dags
[2026-03-14T16:46:56.982+0000] {manager.py:821} INFO - Searching for files in /opt/airflow/dags
[2026-03-14T16:46:57.021+0000] {manager.py:824} INFO - There are 1 files in /opt/airflow/dags
[2026-03-14T16:47:02.087+0000] {manager.py:821} INFO - Searching for files in /opt/airflow/dags
[2026-03-14T16:47:02.123+0000] {manager.py:824} INFO - There are 1 files in /opt/airflow/dags
[2026-03-14T16:47:07.203+0000] {manager.py:821} INFO - Searching for files in /opt/airflow/dags
[2026-03-14T16:47:07.243+0000] {manager.py:824} INFO - There are 1 files in /opt/airflow/dags
[2026-03-14T16:47:12.531+0000] {manager.py:821} INFO - Searching for files in /opt/airflow/dags
[2026-03-14T16:47:12.582+0000] {manager.py:824} INFO - There are 1 files in /opt/airflow/dags
[2026-03-14T16:47:16.653+0000] {manager.py:997} INFO - 
================================================================================
DAG File Processing Stats

File Path                      PID    Runtime      # DAGs    # Errors  Last Runtime    Last Run               Last # of DB Queries
-----------------------------  -----  ---------  --------  ----------  --------------  -------------------  ----------------------
/opt/airflow/dags/practice.py                           1           0  0.28s           2026-03-14T16:47:07                      12
================================================================================
[2026-03-14T16:47:17.664+0000] {manager.py:821} INFO - Searching for files in /opt/airflow/dags
[2026-03-14T16:47:17.704+0000] {manager.py:824} INFO - There are 1 files in /opt/airflow/dags
[2026-03-14T16:47:22.772+0000] {manager.py:821} INFO - Searching for files in /opt/airflow/dags
[2026-03-14T16:47:22.806+0000] {manager.py:824} INFO - There are 1 files in /opt/airflow/dags
[2026-03-14T16:47:27.869+0000] {manager.py:821} INFO - Searching for files in /opt/airflow/dags
[2026-03-14T16:47:27.899+0000] {manager.py:824} INFO - There are 1 files in /opt/airflow/dags
[2026-03-14T16:47:32.982+0000] {manager.py:821} INFO - Searching for files in /opt/airflow/dags
[2026-03-14T16:47:33.023+0000] {manager.py:824} INFO - There are 1 files in /opt/airflow/dags
[2026-03-14T16:47:38.098+0000] {manager.py:821} INFO - Searching for files in /opt/airflow/dags
[2026-03-14T16:47:38.155+0000] {manager.py:824} INFO - There are 1 files in /opt/airflow/dags
[2026-03-14T16:47:43.306+0000] {manager.py:821} INFO - Searching for files in /opt/airflow/dags
[2026-03-14T16:47:43.352+0000] {manager.py:824} INFO - There are 1 files in /opt/airflow/dags
[2026-03-14T16:47:46.885+0000] {manager.py:997} INFO - 
================================================================================
DAG File Processing Stats

File Path                      PID    Runtime      # DAGs    # Errors  Last Runtime    Last Run               Last # of DB Queries
-----------------------------  -----  ---------  --------  ----------  --------------  -------------------  ----------------------
/opt/airflow/dags/practice.py                           1           0  0.57s           2026-03-14T16:47:38                      12
================================================================================
[2026-03-14T16:47:48.430+0000] {manager.py:821} INFO - Searching for files in /opt/airflow/dags
[2026-03-14T16:47:48.473+0000] {manager.py:824} INFO - There are 1 files in /opt/airflow/dags
[2026-03-14T16:47:53.546+0000] {manager.py:821} INFO - Searching for files in /opt/airflow/dags
[2026-03-14T16:47:53.611+0000] {manager.py:824} INFO - There are 1 files in /opt/airflow/dags
[2026-03-14T16:47:58.738+0000] {manager.py:821} INFO - Searching for files in /opt/airflow/dags
[2026-03-14T16:47:58.855+0000] {manager.py:824} INFO - There are 1 files in /opt/airflow/dags
[2026-03-14T16:48:03.969+0000] {manager.py:821} INFO - Searching for files in /opt/airflow/dags
[2026-03-14T16:48:04.210+0000] {manager.py:824} INFO - There are 1 files in /opt/airflow/dags
[2026-03-14T16:48:09.604+0000] {manager.py:821} INFO - Searching for files in /opt/airflow/dags
[2026-03-14T16:48:09.677+0000] {manager.py:824} INFO - There are 1 files in /opt/airflow/dags
[2026-03-14T16:48:14.845+0000] {manager.py:821} INFO - Searching for files in /opt/airflow/dags
[2026-03-14T16:48:14.897+0000] {manager.py:824} INFO - There are 1 files in /opt/airflow/dags
[2026-03-14T16:48:16.960+0000] {manager.py:997} INFO - 
================================================================================
DAG File Processing Stats

File Path                      PID    Runtime      # DAGs    # Errors  Last Runtime    Last Run               Last # of DB Queries
-----------------------------  -----  ---------  --------  ----------  --------------  -------------------  ----------------------
/opt/airflow/dags/practice.py                           1           0  0.60s           2026-03-14T16:48:10                      12
================================================================================
[2026-03-14T16:48:20.060+0000] {manager.py:821} INFO - Searching for files in /opt/airflow/dags
[2026-03-14T16:48:20.954+0000] {manager.py:824} INFO - There are 1 files in /opt/airflow/dags
[2026-03-14T16:48:25.267+0000] {manager.py:821} INFO - Searching for files in /opt/airflow/dags
[2026-03-14T16:48:25.316+0000] {manager.py:824} INFO - There are 1 files in /opt/airflow/dags
[2026-03-14T16:48:30.397+0000] {manager.py:821} INFO - Searching for files in /opt/airflow/dags
[2026-03-14T16:48:30.431+0000] {manager.py:824} INFO - There are 1 files in /opt/airflow/dags
[2026-03-14T16:48:35.494+0000] {manager.py:821} INFO - Searching for files in /opt/airflow/dags
[2026-03-14T16:48:35.526+0000] {manager.py:824} INFO - There are 1 files in /opt/airflow/dags
[2026-03-14T16:48:40.593+0000] {manager.py:821} INFO - Searching for files in /opt/airflow/dags
[2026-03-14T16:48:40.625+0000] {manager.py:824} INFO - There are 1 files in /opt/airflow/dags
[2026-03-14T16:48:45.725+0000] {manager.py:821} INFO - Searching for files in /opt/airflow/dags
[2026-03-14T16:48:45.755+0000] {manager.py:824} INFO - There are 1 files in /opt/airflow/dags
[2026-03-14T16:48:47.204+0000] {manager.py:997} INFO - 
================================================================================
DAG File Processing Stats

File Path                      PID    Runtime      # DAGs    # Errors  Last Runtime    Last Run               Last # of DB Queries
-----------------------------  -----  ---------  --------  ----------  --------------  -------------------  ----------------------
/opt/airflow/dags/practice.py                           1           0  0.48s           2026-03-14T16:48:41                      12
================================================================================
[2026-03-14T16:48:50.819+0000] {manager.py:821} INFO - Searching for files in /opt/airflow/dags
[2026-03-14T16:48:50.864+0000] {manager.py:824} INFO - There are 1 files in /opt/airflow/dags
[2026-03-14T16:48:55.931+0000] {manager.py:821} INFO - Searching for files in /opt/airflow/dags
[2026-03-14T16:48:55.964+0000] {manager.py:824} INFO - There are 1 files in /opt/airflow/dags
[2026-03-14T16:49:01.031+0000] {manager.py:821} INFO - Searching for files in /opt/airflow/dags
[2026-03-14T16:49:01.063+0000] {manager.py:824} INFO - There are 1 files in /opt/airflow/dags
[2026-03-14T16:49:06.137+0000] {manager.py:821} INFO - Searching for files in /opt/airflow/dags
[2026-03-14T16:49:06.162+0000] {manager.py:824} INFO - There are 1 files in /opt/airflow/dags
[2026-03-14T16:49:11.236+0000] {manager.py:821} INFO - Searching for files in /opt/airflow/dags
[2026-03-14T16:49:11.267+0000] {manager.py:824} INFO - There are 1 files in /opt/airflow/dags
[2026-03-14T16:49:16.472+0000] {manager.py:821} INFO - Searching for files in /opt/airflow/dags
[2026-03-14T16:49:16.504+0000] {manager.py:824} INFO - There are 1 files in /opt/airflow/dags
[2026-03-14T16:49:17.537+0000] {manager.py:997} INFO - 
================================================================================
DAG File Processing Stats

File Path                      PID    Runtime      # DAGs    # Errors  Last Runtime    Last Run               Last # of DB Queries
-----------------------------  -----  ---------  --------  ----------  --------------  -------------------  ----------------------
/opt/airflow/dags/practice.py                           1           0  0.28s           2026-03-14T16:49:11                      12
================================================================================
[2026-03-14T16:49:21.573+0000] {manager.py:821} INFO - Searching for files in /opt/airflow/dags
[2026-03-14T16:49:21.619+0000] {manager.py:824} INFO - There are 1 files in /opt/airflow/dags
[2026-03-14T16:49:26.686+0000] {manager.py:821} INFO - Searching for files in /opt/airflow/dags
[2026-03-14T16:49:26.729+0000] {manager.py:824} INFO - There are 1 files in /opt/airflow/dags
[2026-03-14T16:49:31.798+0000] {manager.py:821} INFO - Searching for files in /opt/airflow/dags
[2026-03-14T16:49:31.831+0000] {manager.py:824} INFO - There are 1 files in /opt/airflow/dags
[2026-03-14T16:49:36.898+0000] {manager.py:821} INFO - Searching for files in /opt/airflow/dags
[2026-03-14T16:49:36.933+0000] {manager.py:824} INFO - There are 1 files in /opt/airflow/dags
[2026-03-14T16:49:42.000+0000] {manager.py:821} INFO - Searching for files in /opt/airflow/dags
[2026-03-14T16:49:42.069+0000] {manager.py:824} INFO - There are 1 files in /opt/airflow/dags
[2026-03-14T16:49:47.230+0000] {manager.py:821} INFO - Searching for files in /opt/airflow/dags
[2026-03-14T16:49:47.271+0000] {manager.py:824} INFO - There are 1 files in /opt/airflow/dags
[2026-03-14T16:49:47.788+0000] {manager.py:997} INFO - 
================================================================================
DAG File Processing Stats

File Path                      PID    Runtime      # DAGs    # Errors  Last Runtime    Last Run               Last # of DB Queries
-----------------------------  -----  ---------  --------  ----------  --------------  -------------------  ----------------------
/opt/airflow/dags/practice.py                           1           0  0.56s           2026-03-14T16:49:42                      12
================================================================================
[2026-03-14T16:49:52.338+0000] {manager.py:821} INFO - Searching for files in /opt/airflow/dags
[2026-03-14T16:49:52.383+0000] {manager.py:824} INFO - There are 1 files in /opt/airflow/dags
[2026-03-14T16:49:57.453+0000] {manager.py:821} INFO - Searching for files in /opt/airflow/dags
[2026-03-14T16:49:57.501+0000] {manager.py:824} INFO - There are 1 files in /opt/airflow/dags
[2026-03-14T16:50:02.578+0000] {manager.py:821} INFO - Searching for files in /opt/airflow/dags
[2026-03-14T16:50:02.620+0000] {manager.py:824} INFO - There are 1 files in /opt/airflow/dags
[2026-03-14T16:50:07.699+0000] {manager.py:821} INFO - Searching for files in /opt/airflow/dags
[2026-03-14T16:50:07.748+0000] {manager.py:824} INFO - There are 1 files in /opt/airflow/dags
[2026-03-14T16:50:12.819+0000] {manager.py:821} INFO - Searching for files in /opt/airflow/dags
[2026-03-14T16:50:12.860+0000] {manager.py:824} INFO - There are 1 files in /opt/airflow/dags
[2026-03-14T16:50:18.117+0000] {manager.py:821} INFO - Searching for files in /opt/airflow/dags
[2026-03-14T16:50:18.158+0000] {manager.py:824} INFO - There are 1 files in /opt/airflow/dags
[2026-03-14T16:50:18.182+0000] {manager.py:997} INFO - 
================================================================================
DAG File Processing Stats

File Path                      PID    Runtime      # DAGs    # Errors  Last Runtime    Last Run               Last # of DB Queries
-----------------------------  -----  ---------  --------  ----------  --------------  -------------------  ----------------------
/opt/airflow/dags/practice.py                           1           0  0.57s           2026-03-14T16:50:13                      12
================================================================================
[2026-03-14T16:50:23.227+0000] {manager.py:821} INFO - Searching for files in /opt/airflow/dags
[2026-03-14T16:50:23.268+0000] {manager.py:824} INFO - There are 1 files in /opt/airflow/dags
[2026-03-14T16:50:28.331+0000] {manager.py:821} INFO - Searching for files in /opt/airflow/dags
[2026-03-14T16:50:28.375+0000] {manager.py:824} INFO - There are 1 files in /opt/airflow/dags
[2026-03-14T16:50:33.445+0000] {manager.py:821} INFO - Searching for files in /opt/airflow/dags
[2026-03-14T16:50:33.480+0000] {manager.py:824} INFO - There are 1 files in /opt/airflow/dags
[2026-03-14T16:50:38.547+0000] {manager.py:821} INFO - Searching for files in /opt/airflow/dags
[2026-03-14T16:50:38.586+0000] {manager.py:824} INFO - There are 1 files in /opt/airflow/dags
[2026-03-14T16:50:43.657+0000] {manager.py:821} INFO - Searching for files in /opt/airflow/dags
[2026-03-14T16:50:43.698+0000] {manager.py:824} INFO - There are 1 files in /opt/airflow/dags
[2026-03-14T16:50:48.292+0000] {manager.py:997} INFO - 
================================================================================
DAG File Processing Stats

File Path                      PID    Runtime      # DAGs    # Errors  Last Runtime    Last Run               Last # of DB Queries
-----------------------------  -----  ---------  --------  ----------  --------------  -------------------  ----------------------
/opt/airflow/dags/practice.py                           1           0  0.51s           2026-03-14T16:50:44                      12
================================================================================
[2026-03-14T16:50:48.830+0000] {manager.py:821} INFO - Searching for files in /opt/airflow/dags
[2026-03-14T16:50:49.062+0000] {manager.py:824} INFO - There are 1 files in /opt/airflow/dags
[2026-03-14T16:50:54.130+0000] {manager.py:821} INFO - Searching for files in /opt/airflow/dags
[2026-03-14T16:50:54.170+0000] {manager.py:824} INFO - There are 1 files in /opt/airflow/dags
[2026-03-14T16:50:59.235+0000] {manager.py:821} INFO - Searching for files in /opt/airflow/dags
[2026-03-14T16:50:59.262+0000] {manager.py:824} INFO - There are 1 files in /opt/airflow/dags
[2026-03-14T16:51:04.342+0000] {manager.py:821} INFO - Searching for files in /opt/airflow/dags
[2026-03-14T16:51:04.430+0000] {manager.py:824} INFO - There are 1 files in /opt/airflow/dags
[2026-03-14T16:51:09.551+0000] {manager.py:821} INFO - Searching for files in /opt/airflow/dags
[2026-03-14T16:51:09.590+0000] {manager.py:824} INFO - There are 1 files in /opt/airflow/dags
[2026-03-14T16:51:14.660+0000] {manager.py:821} INFO - Searching for files in /opt/airflow/dags
[2026-03-14T16:51:14.697+0000] {manager.py:824} INFO - There are 1 files in /opt/airflow/dags
[2026-03-14T16:51:18.798+0000] {manager.py:997} INFO - 
================================================================================
DAG File Processing Stats

File Path                      PID    Runtime      # DAGs    # Errors  Last Runtime    Last Run               Last # of DB Queries
-----------------------------  -----  ---------  --------  ----------  --------------  -------------------  ----------------------
/opt/airflow/dags/practice.py                           1           0  0.30s           2026-03-14T16:51:15                      12
================================================================================
[2026-03-14T16:51:19.804+0000] {manager.py:821} INFO - Searching for files in /opt/airflow/dags
[2026-03-14T16:51:19.838+0000] {manager.py:824} INFO - There are 1 files in /opt/airflow/dags
[2026-03-14T16:51:24.904+0000] {manager.py:821} INFO - Searching for files in /opt/airflow/dags
[2026-03-14T16:51:24.936+0000] {manager.py:824} INFO - There are 1 files in /opt/airflow/dags
[2026-03-14T16:51:30.001+0000] {manager.py:821} INFO - Searching for files in /opt/airflow/dags
[2026-03-14T16:51:30.054+0000] {manager.py:824} INFO - There are 1 files in /opt/airflow/dags
[2026-03-14T16:51:35.131+0000] {manager.py:821} INFO - Searching for files in /opt/airflow/dags
[2026-03-14T16:51:35.173+0000] {manager.py:824} INFO - There are 1 files in /opt/airflow/dags
[2026-03-14T16:51:40.247+0000] {manager.py:821} INFO - Searching for files in /opt/airflow/dags
[2026-03-14T16:51:40.281+0000] {manager.py:824} INFO - There are 1 files in /opt/airflow/dags
[2026-03-14T16:51:45.348+0000] {manager.py:821} INFO - Searching for files in /opt/airflow/dags
[2026-03-14T16:51:45.378+0000] {manager.py:824} INFO - There are 1 files in /opt/airflow/dags
[2026-03-14T16:51:49.476+0000] {manager.py:997} INFO - 
================================================================================
DAG File Processing Stats

File Path                      PID    Runtime      # DAGs    # Errors  Last Runtime    Last Run               Last # of DB Queries
-----------------------------  -----  ---------  --------  ----------  --------------  -------------------  ----------------------
/opt/airflow/dags/practice.py                           1           0  0.26s           2026-03-14T16:51:45                      12
================================================================================
[2026-03-14T16:51:50.483+0000] {manager.py:821} INFO - Searching for files in /opt/airflow/dags
[2026-03-14T16:51:50.518+0000] {manager.py:824} INFO - There are 1 files in /opt/airflow/dags
[2026-03-14T16:51:55.587+0000] {manager.py:821} INFO - Searching for files in /opt/airflow/dags
[2026-03-14T16:51:55.893+0000] {manager.py:824} INFO - There are 1 files in /opt/airflow/dags
[2026-03-14T16:51:56.936+0000] {manager.py:465} INFO - Exiting gracefully upon receiving signal 15
[2026-03-14T16:53:30.432+0000] {manager.py:483} INFO - Processing files using up to 2 processes at a time 
[2026-03-14T16:53:30.434+0000] {manager.py:484} INFO - Process each file at most once every 30 seconds
[2026-03-14T16:53:30.436+0000] {manager.py:485} INFO - Checking for new files in /opt/airflow/dags every 5 seconds
[2026-03-14T16:53:30.440+0000] {manager.py:821} INFO - Searching for files in /opt/airflow/dags
[2026-03-14T16:53:30.499+0000] {manager.py:824} INFO - There are 1 files in /opt/airflow/dags
[2026-03-14T16:53:30.951+0000] {manager.py:997} INFO - 
================================================================================
DAG File Processing Stats

File Path                        PID  Runtime      # DAGs    # Errors  Last Runtime    Last Run      Last # of DB Queries
-----------------------------  -----  ---------  --------  ----------  --------------  ----------  ----------------------
/opt/airflow/dags/practice.py    200  0.06s             0           0                                                   0
================================================================================
[2026-03-14T16:53:36.005+0000] {manager.py:821} INFO - Searching for files in /opt/airflow/dags
[2026-03-14T16:53:36.039+0000] {manager.py:824} INFO - There are 1 files in /opt/airflow/dags
[2026-03-14T16:53:41.113+0000] {manager.py:821} INFO - Searching for files in /opt/airflow/dags
[2026-03-14T16:53:41.151+0000] {manager.py:824} INFO - There are 1 files in /opt/airflow/dags
[2026-03-14T16:53:46.232+0000] {manager.py:821} INFO - Searching for files in /opt/airflow/dags
[2026-03-14T16:53:46.280+0000] {manager.py:824} INFO - There are 1 files in /opt/airflow/dags
[2026-03-14T16:53:51.425+0000] {manager.py:821} INFO - Searching for files in /opt/airflow/dags
[2026-03-14T16:53:51.467+0000] {manager.py:824} INFO - There are 1 files in /opt/airflow/dags
[2026-03-14T16:53:56.540+0000] {manager.py:821} INFO - Searching for files in /opt/airflow/dags
[2026-03-14T16:53:56.586+0000] {manager.py:824} INFO - There are 1 files in /opt/airflow/dags
[2026-03-14T16:54:01.070+0000] {manager.py:997} INFO - 
================================================================================
DAG File Processing Stats

File Path                      PID    Runtime      # DAGs    # Errors  Last Runtime    Last Run               Last # of DB Queries
-----------------------------  -----  ---------  --------  ----------  --------------  -------------------  ----------------------
/opt/airflow/dags/practice.py                           1           0  0.34s           2026-03-14T16:53:31                      12
================================================================================
[2026-03-14T16:54:02.113+0000] {manager.py:821} INFO - Searching for files in /opt/airflow/dags
[2026-03-14T16:54:02.466+0000] {manager.py:824} INFO - There are 1 files in /opt/airflow/dags
[2026-03-14T16:54:07.150+0000] {manager.py:821} INFO - Searching for files in /opt/airflow/dags
[2026-03-14T16:54:07.575+0000] {manager.py:824} INFO - There are 1 files in /opt/airflow/dags
[2026-03-14T16:54:12.196+0000] {manager.py:821} INFO - Searching for files in /opt/airflow/dags
[2026-03-14T16:54:12.236+0000] {manager.py:824} INFO - There are 1 files in /opt/airflow/dags
[2026-03-14T16:54:17.309+0000] {manager.py:821} INFO - Searching for files in /opt/airflow/dags
[2026-03-14T16:54:17.338+0000] {manager.py:824} INFO - There are 1 files in /opt/airflow/dags
[2026-03-14T16:54:22.400+0000] {manager.py:821} INFO - Searching for files in /opt/airflow/dags
[2026-03-14T16:54:22.433+0000] {manager.py:824} INFO - There are 1 files in /opt/airflow/dags
[2026-03-14T16:54:27.562+0000] {manager.py:821} INFO - Searching for files in /opt/airflow/dags
[2026-03-14T16:54:27.608+0000] {manager.py:824} INFO - There are 1 files in /opt/airflow/dags
[2026-03-14T16:54:31.779+0000] {manager.py:997} INFO - 
================================================================================
DAG File Processing Stats

File Path                      PID    Runtime      # DAGs    # Errors  Last Runtime    Last Run               Last # of DB Queries
-----------------------------  -----  ---------  --------  ----------  --------------  -------------------  ----------------------
/opt/airflow/dags/practice.py                           1           0  1.93s           2026-03-14T16:54:04                      12
================================================================================
[2026-03-14T16:54:32.786+0000] {manager.py:821} INFO - Searching for files in /opt/airflow/dags
[2026-03-14T16:54:32.820+0000] {manager.py:824} INFO - There are 1 files in /opt/airflow/dags
[2026-03-14T16:54:38.022+0000] {manager.py:821} INFO - Searching for files in /opt/airflow/dags
[2026-03-14T16:54:38.073+0000] {manager.py:824} INFO - There are 1 files in /opt/airflow/dags
[2026-03-14T16:54:43.163+0000] {manager.py:821} INFO - Searching for files in /opt/airflow/dags
[2026-03-14T16:54:43.197+0000] {manager.py:824} INFO - There are 1 files in /opt/airflow/dags
[2026-03-14T16:54:48.265+0000] {manager.py:821} INFO - Searching for files in /opt/airflow/dags
[2026-03-14T16:54:48.301+0000] {manager.py:824} INFO - There are 1 files in /opt/airflow/dags
[2026-03-14T16:54:53.376+0000] {manager.py:821} INFO - Searching for files in /opt/airflow/dags
[2026-03-14T16:54:53.414+0000] {manager.py:824} INFO - There are 1 files in /opt/airflow/dags
[2026-03-14T16:54:58.477+0000] {manager.py:821} INFO - Searching for files in /opt/airflow/dags
[2026-03-14T16:54:58.516+0000] {manager.py:824} INFO - There are 1 files in /opt/airflow/dags
[2026-03-14T16:55:01.785+0000] {manager.py:997} INFO - 
================================================================================
DAG File Processing Stats

File Path                      PID    Runtime      # DAGs    # Errors  Last Runtime    Last Run               Last # of DB Queries
-----------------------------  -----  ---------  --------  ----------  --------------  -------------------  ----------------------
/opt/airflow/dags/practice.py                           1           0  0.57s           2026-03-14T16:54:35                      12
================================================================================
[2026-03-14T16:55:03.815+0000] {manager.py:821} INFO - Searching for files in /opt/airflow/dags
[2026-03-14T16:55:03.872+0000] {manager.py:824} INFO - There are 1 files in /opt/airflow/dags
[2026-03-14T16:55:08.950+0000] {manager.py:821} INFO - Searching for files in /opt/airflow/dags
[2026-03-14T16:55:09.010+0000] {manager.py:824} INFO - There are 1 files in /opt/airflow/dags
[2026-03-14T16:55:14.085+0000] {manager.py:821} INFO - Searching for files in /opt/airflow/dags
[2026-03-14T16:55:14.126+0000] {manager.py:824} INFO - There are 1 files in /opt/airflow/dags
[2026-03-14T16:55:19.247+0000] {manager.py:821} INFO - Searching for files in /opt/airflow/dags
[2026-03-14T16:55:19.288+0000] {manager.py:824} INFO - There are 1 files in /opt/airflow/dags
[2026-03-14T16:55:24.368+0000] {manager.py:821} INFO - Searching for files in /opt/airflow/dags
[2026-03-14T16:55:24.401+0000] {manager.py:824} INFO - There are 1 files in /opt/airflow/dags
[2026-03-14T16:55:29.464+0000] {manager.py:821} INFO - Searching for files in /opt/airflow/dags
[2026-03-14T16:55:29.498+0000] {manager.py:824} INFO - There are 1 files in /opt/airflow/dags
[2026-03-14T16:55:32.555+0000] {manager.py:997} INFO - 
================================================================================
DAG File Processing Stats

File Path                      PID    Runtime      # DAGs    # Errors  Last Runtime    Last Run               Last # of DB Queries
-----------------------------  -----  ---------  --------  ----------  --------------  -------------------  ----------------------
/opt/airflow/dags/practice.py                           1           0  0.34s           2026-03-14T16:55:02                      12
================================================================================
[2026-03-14T16:55:34.618+0000] {manager.py:821} INFO - Searching for files in /opt/airflow/dags
[2026-03-14T16:55:34.658+0000] {manager.py:824} INFO - There are 1 files in /opt/airflow/dags
[2026-03-14T16:55:39.742+0000] {manager.py:821} INFO - Searching for files in /opt/airflow/dags
[2026-03-14T16:55:39.775+0000] {manager.py:824} INFO - There are 1 files in /opt/airflow/dags
[2026-03-14T16:55:44.855+0000] {manager.py:821} INFO - Searching for files in /opt/airflow/dags
[2026-03-14T16:55:44.887+0000] {manager.py:824} INFO - There are 1 files in /opt/airflow/dags
[2026-03-14T16:55:49.952+0000] {manager.py:821} INFO - Searching for files in /opt/airflow/dags
[2026-03-14T16:55:49.981+0000] {manager.py:824} INFO - There are 1 files in /opt/airflow/dags
[2026-03-14T16:55:55.043+0000] {manager.py:821} INFO - Searching for files in /opt/airflow/dags
[2026-03-14T16:55:55.073+0000] {manager.py:824} INFO - There are 1 files in /opt/airflow/dags
[2026-03-14T16:56:00.129+0000] {manager.py:821} INFO - Searching for files in /opt/airflow/dags
[2026-03-14T16:56:00.174+0000] {manager.py:824} INFO - There are 1 files in /opt/airflow/dags
[2026-03-14T16:56:03.235+0000] {manager.py:997} INFO - 
================================================================================
DAG File Processing Stats

File Path                      PID    Runtime      # DAGs    # Errors  Last Runtime    Last Run               Last # of DB Queries
-----------------------------  -----  ---------  --------  ----------  --------------  -------------------  ----------------------
/opt/airflow/dags/practice.py                           1           0  0.29s           2026-03-14T16:55:33                      12
================================================================================
[2026-03-14T16:56:05.328+0000] {manager.py:821} INFO - Searching for files in /opt/airflow/dags
[2026-03-14T16:56:05.367+0000] {manager.py:824} INFO - There are 1 files in /opt/airflow/dags
[2026-03-14T16:56:10.463+0000] {manager.py:821} INFO - Searching for files in /opt/airflow/dags
[2026-03-14T16:56:10.508+0000] {manager.py:824} INFO - There are 1 files in /opt/airflow/dags
[2026-03-14T16:56:15.577+0000] {manager.py:821} INFO - Searching for files in /opt/airflow/dags
[2026-03-14T16:56:15.623+0000] {manager.py:824} INFO - There are 1 files in /opt/airflow/dags
[2026-03-14T16:56:20.697+0000] {manager.py:821} INFO - Searching for files in /opt/airflow/dags
[2026-03-14T16:56:20.741+0000] {manager.py:824} INFO - There are 1 files in /opt/airflow/dags
[2026-03-14T16:56:25.821+0000] {manager.py:821} INFO - Searching for files in /opt/airflow/dags
[2026-03-14T16:56:25.856+0000] {manager.py:824} INFO - There are 1 files in /opt/airflow/dags
[2026-03-14T16:56:30.931+0000] {manager.py:821} INFO - Searching for files in /opt/airflow/dags
[2026-03-14T16:56:30.960+0000] {manager.py:824} INFO - There are 1 files in /opt/airflow/dags
[2026-03-14T16:56:34.017+0000] {manager.py:997} INFO - 
================================================================================
DAG File Processing Stats

File Path                      PID    Runtime      # DAGs    # Errors  Last Runtime    Last Run               Last # of DB Queries
-----------------------------  -----  ---------  --------  ----------  --------------  -------------------  ----------------------
/opt/airflow/dags/practice.py                           1           0  0.51s           2026-03-14T16:56:04                      12
================================================================================
[2026-03-14T16:56:36.203+0000] {manager.py:821} INFO - Searching for files in /opt/airflow/dags
[2026-03-14T16:56:36.245+0000] {manager.py:824} INFO - There are 1 files in /opt/airflow/dags
[2026-03-14T16:56:41.312+0000] {manager.py:821} INFO - Searching for files in /opt/airflow/dags
[2026-03-14T16:56:41.349+0000] {manager.py:824} INFO - There are 1 files in /opt/airflow/dags
[2026-03-14T16:56:46.419+0000] {manager.py:821} INFO - Searching for files in /opt/airflow/dags
[2026-03-14T16:56:46.483+0000] {manager.py:824} INFO - There are 1 files in /opt/airflow/dags
[2026-03-14T16:56:51.567+0000] {manager.py:821} INFO - Searching for files in /opt/airflow/dags
[2026-03-14T16:56:51.619+0000] {manager.py:824} INFO - There are 1 files in /opt/airflow/dags
[2026-03-14T16:56:56.923+0000] {manager.py:821} INFO - Searching for files in /opt/airflow/dags
[2026-03-14T16:56:56.964+0000] {manager.py:824} INFO - There are 1 files in /opt/airflow/dags
[2026-03-14T16:57:02.209+0000] {manager.py:821} INFO - Searching for files in /opt/airflow/dags
[2026-03-14T16:57:02.347+0000] {manager.py:824} INFO - There are 1 files in /opt/airflow/dags
[2026-03-14T16:57:04.414+0000] {manager.py:997} INFO - 
================================================================================
DAG File Processing Stats

File Path                      PID    Runtime      # DAGs    # Errors  Last Runtime    Last Run               Last # of DB Queries
-----------------------------  -----  ---------  --------  ----------  --------------  -------------------  ----------------------
/opt/airflow/dags/practice.py                           1           0  0.35s           2026-03-14T16:56:35                      12
================================================================================
[2026-03-14T16:57:07.482+0000] {manager.py:821} INFO - Searching for files in /opt/airflow/dags
[2026-03-14T16:57:07.512+0000] {manager.py:824} INFO - There are 1 files in /opt/airflow/dags
[2026-03-14T16:57:12.576+0000] {manager.py:821} INFO - Searching for files in /opt/airflow/dags
[2026-03-14T16:57:12.604+0000] {manager.py:824} INFO - There are 1 files in /opt/airflow/dags
[2026-03-14T16:57:17.668+0000] {manager.py:821} INFO - Searching for files in /opt/airflow/dags
[2026-03-14T16:57:17.707+0000] {manager.py:824} INFO - There are 1 files in /opt/airflow/dags
[2026-03-14T16:57:22.774+0000] {manager.py:821} INFO - Searching for files in /opt/airflow/dags
[2026-03-14T16:57:22.798+0000] {manager.py:824} INFO - There are 1 files in /opt/airflow/dags
[2026-03-14T16:57:27.857+0000] {manager.py:821} INFO - Searching for files in /opt/airflow/dags
[2026-03-14T16:57:27.911+0000] {manager.py:824} INFO - There are 1 files in /opt/airflow/dags
[2026-03-14T16:57:33.048+0000] {manager.py:821} INFO - Searching for files in /opt/airflow/dags
[2026-03-14T16:57:33.075+0000] {manager.py:824} INFO - There are 1 files in /opt/airflow/dags
[2026-03-14T16:57:35.114+0000] {manager.py:997} INFO - 
================================================================================
DAG File Processing Stats

File Path                      PID    Runtime      # DAGs    # Errors  Last Runtime    Last Run               Last # of DB Queries
-----------------------------  -----  ---------  --------  ----------  --------------  -------------------  ----------------------
/opt/airflow/dags/practice.py                           1           0  0.26s           2026-03-14T16:57:06                      12
================================================================================
[2026-03-14T16:57:38.174+0000] {manager.py:821} INFO - Searching for files in /opt/airflow/dags
[2026-03-14T16:57:38.209+0000] {manager.py:824} INFO - There are 1 files in /opt/airflow/dags
[2026-03-14T16:57:43.277+0000] {manager.py:821} INFO - Searching for files in /opt/airflow/dags
[2026-03-14T16:57:43.306+0000] {manager.py:824} INFO - There are 1 files in /opt/airflow/dags
[2026-03-14T16:57:48.370+0000] {manager.py:821} INFO - Searching for files in /opt/airflow/dags
[2026-03-14T16:57:48.400+0000] {manager.py:824} INFO - There are 1 files in /opt/airflow/dags
[2026-03-14T16:57:53.464+0000] {manager.py:821} INFO - Searching for files in /opt/airflow/dags
[2026-03-14T16:57:53.505+0000] {manager.py:824} INFO - There are 1 files in /opt/airflow/dags
[2026-03-14T16:57:58.575+0000] {manager.py:821} INFO - Searching for files in /opt/airflow/dags
[2026-03-14T16:57:58.620+0000] {manager.py:824} INFO - There are 1 files in /opt/airflow/dags
[2026-03-14T16:58:03.728+0000] {manager.py:821} INFO - Searching for files in /opt/airflow/dags
[2026-03-14T16:58:03.785+0000] {manager.py:824} INFO - There are 1 files in /opt/airflow/dags
[2026-03-14T16:58:05.860+0000] {manager.py:997} INFO - 
================================================================================
DAG File Processing Stats

File Path                      PID    Runtime      # DAGs    # Errors  Last Runtime    Last Run               Last # of DB Queries
-----------------------------  -----  ---------  --------  ----------  --------------  -------------------  ----------------------
/opt/airflow/dags/practice.py                           1           0  0.25s           2026-03-14T16:57:37                      12
================================================================================
[2026-03-14T16:58:08.956+0000] {manager.py:821} INFO - Searching for files in /opt/airflow/dags
[2026-03-14T16:58:08.988+0000] {manager.py:824} INFO - There are 1 files in /opt/airflow/dags
[2026-03-14T16:58:14.062+0000] {manager.py:821} INFO - Searching for files in /opt/airflow/dags
[2026-03-14T16:58:14.093+0000] {manager.py:824} INFO - There are 1 files in /opt/airflow/dags
[2026-03-14T16:58:19.173+0000] {manager.py:821} INFO - Searching for files in /opt/airflow/dags
[2026-03-14T16:58:19.335+0000] {manager.py:824} INFO - There are 1 files in /opt/airflow/dags
[2026-03-14T16:58:24.442+0000] {manager.py:821} INFO - Searching for files in /opt/airflow/dags
[2026-03-14T16:58:24.495+0000] {manager.py:824} INFO - There are 1 files in /opt/airflow/dags
[2026-03-14T16:58:29.571+0000] {manager.py:821} INFO - Searching for files in /opt/airflow/dags
[2026-03-14T16:58:29.614+0000] {manager.py:824} INFO - There are 1 files in /opt/airflow/dags
[2026-03-14T16:58:34.689+0000] {manager.py:821} INFO - Searching for files in /opt/airflow/dags
[2026-03-14T16:58:34.728+0000] {manager.py:824} INFO - There are 1 files in /opt/airflow/dags
[2026-03-14T16:58:36.775+0000] {manager.py:997} INFO - 
================================================================================
DAG File Processing Stats

File Path                      PID    Runtime      # DAGs    # Errors  Last Runtime    Last Run               Last # of DB Queries
-----------------------------  -----  ---------  --------  ----------  --------------  -------------------  ----------------------
/opt/airflow/dags/practice.py                           1           0  0.40s           2026-03-14T16:58:08                      12
================================================================================
[2026-03-14T16:58:39.842+0000] {manager.py:821} INFO - Searching for files in /opt/airflow/dags
[2026-03-14T16:58:39.875+0000] {manager.py:824} INFO - There are 1 files in /opt/airflow/dags
[2026-03-14T16:58:44.937+0000] {manager.py:821} INFO - Searching for files in /opt/airflow/dags
[2026-03-14T16:58:44.963+0000] {manager.py:824} INFO - There are 1 files in /opt/airflow/dags
[2026-03-14T16:58:50.025+0000] {manager.py:821} INFO - Searching for files in /opt/airflow/dags
[2026-03-14T16:58:50.049+0000] {manager.py:824} INFO - There are 1 files in /opt/airflow/dags
[2026-03-14T16:58:55.110+0000] {manager.py:821} INFO - Searching for files in /opt/airflow/dags
[2026-03-14T16:58:55.139+0000] {manager.py:824} INFO - There are 1 files in /opt/airflow/dags
[2026-03-14T16:59:00.198+0000] {manager.py:821} INFO - Searching for files in /opt/airflow/dags
[2026-03-14T16:59:00.229+0000] {manager.py:824} INFO - There are 1 files in /opt/airflow/dags
[2026-03-14T16:59:05.293+0000] {manager.py:821} INFO - Searching for files in /opt/airflow/dags
[2026-03-14T16:59:05.324+0000] {manager.py:824} INFO - There are 1 files in /opt/airflow/dags
[2026-03-14T16:59:07.365+0000] {manager.py:997} INFO - 
================================================================================
DAG File Processing Stats

File Path                      PID    Runtime      # DAGs    # Errors  Last Runtime    Last Run               Last # of DB Queries
-----------------------------  -----  ---------  --------  ----------  --------------  -------------------  ----------------------
/opt/airflow/dags/practice.py                           1           0  0.26s           2026-03-14T16:58:39                      12
================================================================================
[2026-03-14T16:59:10.428+0000] {manager.py:821} INFO - Searching for files in /opt/airflow/dags
[2026-03-14T16:59:10.456+0000] {manager.py:824} INFO - There are 1 files in /opt/airflow/dags
[2026-03-14T16:59:15.520+0000] {manager.py:821} INFO - Searching for files in /opt/airflow/dags
[2026-03-14T16:59:15.551+0000] {manager.py:824} INFO - There are 1 files in /opt/airflow/dags
[2026-03-14T16:59:20.615+0000] {manager.py:821} INFO - Searching for files in /opt/airflow/dags
[2026-03-14T16:59:20.646+0000] {manager.py:824} INFO - There are 1 files in /opt/airflow/dags
[2026-03-14T16:59:25.716+0000] {manager.py:821} INFO - Searching for files in /opt/airflow/dags
[2026-03-14T16:59:25.750+0000] {manager.py:824} INFO - There are 1 files in /opt/airflow/dags
[2026-03-14T16:59:30.815+0000] {manager.py:821} INFO - Searching for files in /opt/airflow/dags
[2026-03-14T16:59:30.841+0000] {manager.py:824} INFO - There are 1 files in /opt/airflow/dags
[2026-03-14T16:59:35.906+0000] {manager.py:821} INFO - Searching for files in /opt/airflow/dags
[2026-03-14T16:59:35.938+0000] {manager.py:824} INFO - There are 1 files in /opt/airflow/dags
[2026-03-14T16:59:37.979+0000] {manager.py:997} INFO - 
================================================================================
DAG File Processing Stats

File Path                      PID    Runtime      # DAGs    # Errors  Last Runtime    Last Run               Last # of DB Queries
-----------------------------  -----  ---------  --------  ----------  --------------  -------------------  ----------------------
/opt/airflow/dags/practice.py                           1           0  0.23s           2026-03-14T16:59:09                      12
================================================================================
[2026-03-14T16:59:41.042+0000] {manager.py:821} INFO - Searching for files in /opt/airflow/dags
[2026-03-14T16:59:41.076+0000] {manager.py:824} INFO - There are 1 files in /opt/airflow/dags
[2026-03-14T16:59:46.143+0000] {manager.py:821} INFO - Searching for files in /opt/airflow/dags
[2026-03-14T16:59:46.172+0000] {manager.py:824} INFO - There are 1 files in /opt/airflow/dags
[2026-03-14T16:59:51.233+0000] {manager.py:821} INFO - Searching for files in /opt/airflow/dags
[2026-03-14T16:59:51.263+0000] {manager.py:824} INFO - There are 1 files in /opt/airflow/dags
[2026-03-14T16:59:56.324+0000] {manager.py:821} INFO - Searching for files in /opt/airflow/dags
[2026-03-14T16:59:56.353+0000] {manager.py:824} INFO - There are 1 files in /opt/airflow/dags
[2026-03-14T17:00:01.414+0000] {manager.py:821} INFO - Searching for files in /opt/airflow/dags
[2026-03-14T17:00:01.444+0000] {manager.py:824} INFO - There are 1 files in /opt/airflow/dags
[2026-03-14T17:00:06.510+0000] {manager.py:821} INFO - Searching for files in /opt/airflow/dags
[2026-03-14T17:00:06.542+0000] {manager.py:824} INFO - There are 1 files in /opt/airflow/dags
[2026-03-14T17:00:08.581+0000] {manager.py:997} INFO - 
================================================================================
DAG File Processing Stats

File Path                      PID    Runtime      # DAGs    # Errors  Last Runtime    Last Run               Last # of DB Queries
-----------------------------  -----  ---------  --------  ----------  --------------  -------------------  ----------------------
/opt/airflow/dags/practice.py                           1           0  0.25s           2026-03-14T16:59:40                      12
================================================================================
[2026-03-14T17:00:11.646+0000] {manager.py:821} INFO - Searching for files in /opt/airflow/dags
[2026-03-14T17:00:11.680+0000] {manager.py:824} INFO - There are 1 files in /opt/airflow/dags
[2026-03-14T17:00:16.747+0000] {manager.py:821} INFO - Searching for files in /opt/airflow/dags
[2026-03-14T17:00:16.779+0000] {manager.py:824} INFO - There are 1 files in /opt/airflow/dags
[2026-03-14T17:00:21.841+0000] {manager.py:821} INFO - Searching for files in /opt/airflow/dags
[2026-03-14T17:00:21.879+0000] {manager.py:824} INFO - There are 1 files in /opt/airflow/dags
[2026-03-14T17:00:26.947+0000] {manager.py:821} INFO - Searching for files in /opt/airflow/dags
[2026-03-14T17:00:26.977+0000] {manager.py:824} INFO - There are 1 files in /opt/airflow/dags
[2026-03-14T17:00:32.050+0000] {manager.py:821} INFO - Searching for files in /opt/airflow/dags
[2026-03-14T17:00:32.091+0000] {manager.py:824} INFO - There are 1 files in /opt/airflow/dags
[2026-03-14T17:00:37.164+0000] {manager.py:821} INFO - Searching for files in /opt/airflow/dags
[2026-03-14T17:00:37.197+0000] {manager.py:824} INFO - There are 1 files in /opt/airflow/dags
[2026-03-14T17:00:39.241+0000] {manager.py:997} INFO - 
================================================================================
DAG File Processing Stats

File Path                      PID    Runtime      # DAGs    # Errors  Last Runtime    Last Run               Last # of DB Queries
-----------------------------  -----  ---------  --------  ----------  --------------  -------------------  ----------------------
/opt/airflow/dags/practice.py                           1           0  0.26s           2026-03-14T17:00:10                      12
================================================================================
[2026-03-14T17:00:42.327+0000] {manager.py:821} INFO - Searching for files in /opt/airflow/dags
[2026-03-14T17:00:42.381+0000] {manager.py:824} INFO - There are 1 files in /opt/airflow/dags
[2026-03-14T17:00:47.461+0000] {manager.py:821} INFO - Searching for files in /opt/airflow/dags
[2026-03-14T17:00:47.503+0000] {manager.py:824} INFO - There are 1 files in /opt/airflow/dags
[2026-03-14T17:00:52.575+0000] {manager.py:821} INFO - Searching for files in /opt/airflow/dags
[2026-03-14T17:00:52.723+0000] {manager.py:824} INFO - There are 1 files in /opt/airflow/dags
[2026-03-14T17:00:57.806+0000] {manager.py:821} INFO - Searching for files in /opt/airflow/dags
[2026-03-14T17:00:57.841+0000] {manager.py:824} INFO - There are 1 files in /opt/airflow/dags
[2026-03-14T17:01:02.910+0000] {manager.py:821} INFO - Searching for files in /opt/airflow/dags
[2026-03-14T17:01:03.033+0000] {manager.py:824} INFO - There are 1 files in /opt/airflow/dags
[2026-03-14T17:01:08.103+0000] {manager.py:821} INFO - Searching for files in /opt/airflow/dags
[2026-03-14T17:01:08.136+0000] {manager.py:824} INFO - There are 1 files in /opt/airflow/dags
[2026-03-14T17:01:10.181+0000] {manager.py:997} INFO - 
================================================================================
DAG File Processing Stats

File Path                      PID    Runtime      # DAGs    # Errors  Last Runtime    Last Run               Last # of DB Queries
-----------------------------  -----  ---------  --------  ----------  --------------  -------------------  ----------------------
/opt/airflow/dags/practice.py                           1           0  0.46s           2026-03-14T17:00:41                      12
================================================================================
[2026-03-14T17:01:13.246+0000] {manager.py:821} INFO - Searching for files in /opt/airflow/dags
[2026-03-14T17:01:13.278+0000] {manager.py:824} INFO - There are 1 files in /opt/airflow/dags
[2026-03-14T17:01:18.350+0000] {manager.py:821} INFO - Searching for files in /opt/airflow/dags
[2026-03-14T17:01:18.403+0000] {manager.py:824} INFO - There are 1 files in /opt/airflow/dags
[2026-03-14T17:01:23.483+0000] {manager.py:821} INFO - Searching for files in /opt/airflow/dags
[2026-03-14T17:01:23.528+0000] {manager.py:824} INFO - There are 1 files in /opt/airflow/dags
[2026-03-14T17:01:28.605+0000] {manager.py:821} INFO - Searching for files in /opt/airflow/dags
[2026-03-14T17:01:28.639+0000] {manager.py:824} INFO - There are 1 files in /opt/airflow/dags
[2026-03-14T17:01:33.714+0000] {manager.py:821} INFO - Searching for files in /opt/airflow/dags
[2026-03-14T17:01:33.754+0000] {manager.py:824} INFO - There are 1 files in /opt/airflow/dags
[2026-03-14T17:01:38.821+0000] {manager.py:821} INFO - Searching for files in /opt/airflow/dags
[2026-03-14T17:01:38.855+0000] {manager.py:824} INFO - There are 1 files in /opt/airflow/dags
[2026-03-14T17:01:40.902+0000] {manager.py:997} INFO - 
================================================================================
DAG File Processing Stats

File Path                      PID    Runtime      # DAGs    # Errors  Last Runtime    Last Run               Last # of DB Queries
-----------------------------  -----  ---------  --------  ----------  --------------  -------------------  ----------------------
/opt/airflow/dags/practice.py                           1           0  0.27s           2026-03-14T17:01:12                      12
================================================================================
[2026-03-14T17:01:43.965+0000] {manager.py:821} INFO - Searching for files in /opt/airflow/dags
[2026-03-14T17:01:43.995+0000] {manager.py:824} INFO - There are 1 files in /opt/airflow/dags
[2026-03-14T17:01:49.061+0000] {manager.py:821} INFO - Searching for files in /opt/airflow/dags
[2026-03-14T17:01:49.096+0000] {manager.py:824} INFO - There are 1 files in /opt/airflow/dags
[2026-03-14T17:01:54.172+0000] {manager.py:821} INFO - Searching for files in /opt/airflow/dags
[2026-03-14T17:01:54.206+0000] {manager.py:824} INFO - There are 1 files in /opt/airflow/dags
[2026-03-14T17:01:59.266+0000] {manager.py:821} INFO - Searching for files in /opt/airflow/dags
[2026-03-14T17:01:59.301+0000] {manager.py:824} INFO - There are 1 files in /opt/airflow/dags
[2026-03-14T17:02:04.381+0000] {manager.py:821} INFO - Searching for files in /opt/airflow/dags
[2026-03-14T17:02:04.429+0000] {manager.py:824} INFO - There are 1 files in /opt/airflow/dags
[2026-03-14T17:02:09.505+0000] {manager.py:821} INFO - Searching for files in /opt/airflow/dags
[2026-03-14T17:02:09.535+0000] {manager.py:824} INFO - There are 1 files in /opt/airflow/dags
[2026-03-14T17:02:11.574+0000] {manager.py:997} INFO - 
================================================================================
DAG File Processing Stats

File Path                      PID    Runtime      # DAGs    # Errors  Last Runtime    Last Run               Last # of DB Queries
-----------------------------  -----  ---------  --------  ----------  --------------  -------------------  ----------------------
/opt/airflow/dags/practice.py                           1           0  0.25s           2026-03-14T17:01:43                      12
================================================================================
[2026-03-14T17:02:14.636+0000] {manager.py:821} INFO - Searching for files in /opt/airflow/dags
[2026-03-14T17:02:14.671+0000] {manager.py:824} INFO - There are 1 files in /opt/airflow/dags
[2026-03-14T17:02:19.736+0000] {manager.py:821} INFO - Searching for files in /opt/airflow/dags
[2026-03-14T17:02:19.770+0000] {manager.py:824} INFO - There are 1 files in /opt/airflow/dags
[2026-03-14T17:02:24.835+0000] {manager.py:821} INFO - Searching for files in /opt/airflow/dags
[2026-03-14T17:02:24.866+0000] {manager.py:824} INFO - There are 1 files in /opt/airflow/dags
[2026-03-14T17:02:29.923+0000] {manager.py:821} INFO - Searching for files in /opt/airflow/dags
[2026-03-14T17:02:29.963+0000] {manager.py:824} INFO - There are 1 files in /opt/airflow/dags
[2026-03-14T17:02:35.086+0000] {manager.py:821} INFO - Searching for files in /opt/airflow/dags
[2026-03-14T17:02:35.140+0000] {manager.py:824} INFO - There are 1 files in /opt/airflow/dags
[2026-03-14T17:02:40.208+0000] {manager.py:821} INFO - Searching for files in /opt/airflow/dags
[2026-03-14T17:02:40.264+0000] {manager.py:824} INFO - There are 1 files in /opt/airflow/dags
[2026-03-14T17:02:41.669+0000] {manager.py:997} INFO - 
================================================================================
DAG File Processing Stats

File Path                      PID    Runtime      # DAGs    # Errors  Last Runtime    Last Run               Last # of DB Queries
-----------------------------  -----  ---------  --------  ----------  --------------  -------------------  ----------------------
/opt/airflow/dags/practice.py                           1           0  0.35s           2026-03-14T17:02:40                      12
================================================================================
[2026-03-14T17:02:45.382+0000] {manager.py:821} INFO - Searching for files in /opt/airflow/dags
[2026-03-14T17:02:45.410+0000] {manager.py:824} INFO - There are 1 files in /opt/airflow/dags
[2026-03-14T17:02:50.473+0000] {manager.py:821} INFO - Searching for files in /opt/airflow/dags
[2026-03-14T17:02:50.510+0000] {manager.py:824} INFO - There are 1 files in /opt/airflow/dags
[2026-03-14T17:02:55.573+0000] {manager.py:821} INFO - Searching for files in /opt/airflow/dags
[2026-03-14T17:02:55.601+0000] {manager.py:824} INFO - There are 1 files in /opt/airflow/dags
[2026-03-14T17:03:00.662+0000] {manager.py:821} INFO - Searching for files in /opt/airflow/dags
[2026-03-14T17:03:00.692+0000] {manager.py:824} INFO - There are 1 files in /opt/airflow/dags
[2026-03-14T17:03:05.752+0000] {manager.py:821} INFO - Searching for files in /opt/airflow/dags
[2026-03-14T17:03:05.782+0000] {manager.py:824} INFO - There are 1 files in /opt/airflow/dags
[2026-03-14T17:03:10.847+0000] {manager.py:821} INFO - Searching for files in /opt/airflow/dags
[2026-03-14T17:03:10.885+0000] {manager.py:824} INFO - There are 1 files in /opt/airflow/dags
[2026-03-14T17:03:11.952+0000] {manager.py:997} INFO - 
================================================================================
DAG File Processing Stats

File Path                      PID    Runtime      # DAGs    # Errors  Last Runtime    Last Run               Last # of DB Queries
-----------------------------  -----  ---------  --------  ----------  --------------  -------------------  ----------------------
/opt/airflow/dags/practice.py                           1           0  0.27s           2026-03-14T17:03:11                      12
================================================================================
[2026-03-14T17:03:15.985+0000] {manager.py:821} INFO - Searching for files in /opt/airflow/dags
[2026-03-14T17:03:16.014+0000] {manager.py:824} INFO - There are 1 files in /opt/airflow/dags
[2026-03-14T17:03:21.084+0000] {manager.py:821} INFO - Searching for files in /opt/airflow/dags
[2026-03-14T17:03:21.118+0000] {manager.py:824} INFO - There are 1 files in /opt/airflow/dags
[2026-03-14T17:03:26.178+0000] {manager.py:821} INFO - Searching for files in /opt/airflow/dags
[2026-03-14T17:03:26.210+0000] {manager.py:824} INFO - There are 1 files in /opt/airflow/dags
[2026-03-14T17:03:31.275+0000] {manager.py:821} INFO - Searching for files in /opt/airflow/dags
[2026-03-14T17:03:31.324+0000] {manager.py:824} INFO - There are 1 files in /opt/airflow/dags
[2026-03-14T17:03:36.416+0000] {manager.py:821} INFO - Searching for files in /opt/airflow/dags
[2026-03-14T17:03:36.456+0000] {manager.py:824} INFO - There are 1 files in /opt/airflow/dags
[2026-03-14T17:03:41.525+0000] {manager.py:821} INFO - Searching for files in /opt/airflow/dags
[2026-03-14T17:03:41.562+0000] {manager.py:824} INFO - There are 1 files in /opt/airflow/dags
[2026-03-14T17:03:42.638+0000] {manager.py:997} INFO - 
================================================================================
DAG File Processing Stats

File Path                      PID    Runtime      # DAGs    # Errors  Last Runtime    Last Run               Last # of DB Queries
-----------------------------  -----  ---------  --------  ----------  --------------  -------------------  ----------------------
/opt/airflow/dags/practice.py                           1           0  0.30s           2026-03-14T17:03:41                      12
================================================================================
[2026-03-14T17:03:46.690+0000] {manager.py:821} INFO - Searching for files in /opt/airflow/dags
[2026-03-14T17:03:46.815+0000] {manager.py:824} INFO - There are 1 files in /opt/airflow/dags
[2026-03-14T17:03:51.921+0000] {manager.py:821} INFO - Searching for files in /opt/airflow/dags
[2026-03-14T17:03:51.987+0000] {manager.py:824} INFO - There are 1 files in /opt/airflow/dags
[2026-03-14T17:03:57.066+0000] {manager.py:821} INFO - Searching for files in /opt/airflow/dags
[2026-03-14T17:03:57.096+0000] {manager.py:824} INFO - There are 1 files in /opt/airflow/dags
[2026-03-14T17:04:02.204+0000] {manager.py:821} INFO - Searching for files in /opt/airflow/dags
[2026-03-14T17:04:02.239+0000] {manager.py:824} INFO - There are 1 files in /opt/airflow/dags
[2026-03-14T17:04:07.387+0000] {manager.py:821} INFO - Searching for files in /opt/airflow/dags
[2026-03-14T17:04:07.428+0000] {manager.py:824} INFO - There are 1 files in /opt/airflow/dags
[2026-03-14T17:04:12.521+0000] {manager.py:821} INFO - Searching for files in /opt/airflow/dags
[2026-03-14T17:04:12.658+0000] {manager.py:824} INFO - There are 1 files in /opt/airflow/dags
[2026-03-14T17:04:12.816+0000] {manager.py:997} INFO - 
================================================================================
DAG File Processing Stats

File Path                        PID  Runtime      # DAGs    # Errors  Last Runtime    Last Run               Last # of DB Queries
-----------------------------  -----  ---------  --------  ----------  --------------  -------------------  ----------------------
/opt/airflow/dags/practice.py    446  0.01s             1           0  0.30s           2026-03-14T17:03:41                      12
================================================================================
[2026-03-14T17:04:17.924+0000] {manager.py:821} INFO - Searching for files in /opt/airflow/dags
[2026-03-14T17:04:17.968+0000] {manager.py:824} INFO - There are 1 files in /opt/airflow/dags
[2026-03-14T17:04:23.161+0000] {manager.py:821} INFO - Searching for files in /opt/airflow/dags
[2026-03-14T17:04:23.196+0000] {manager.py:824} INFO - There are 1 files in /opt/airflow/dags
[2026-03-14T17:04:28.272+0000] {manager.py:821} INFO - Searching for files in /opt/airflow/dags
[2026-03-14T17:04:28.317+0000] {manager.py:824} INFO - There are 1 files in /opt/airflow/dags
[2026-03-14T17:04:33.429+0000] {manager.py:821} INFO - Searching for files in /opt/airflow/dags
[2026-03-14T17:04:33.458+0000] {manager.py:824} INFO - There are 1 files in /opt/airflow/dags
[2026-03-14T17:04:38.526+0000] {manager.py:821} INFO - Searching for files in /opt/airflow/dags
[2026-03-14T17:04:38.555+0000] {manager.py:824} INFO - There are 1 files in /opt/airflow/dags
[2026-03-14T17:04:43.618+0000] {manager.py:821} INFO - Searching for files in /opt/airflow/dags
[2026-03-14T17:04:43.656+0000] {manager.py:824} INFO - There are 1 files in /opt/airflow/dags
[2026-03-14T17:04:43.699+0000] {manager.py:997} INFO - 
================================================================================
DAG File Processing Stats

File Path                        PID  Runtime      # DAGs    # Errors  Last Runtime    Last Run               Last # of DB Queries
-----------------------------  -----  ---------  --------  ----------  --------------  -------------------  ----------------------
/opt/airflow/dags/practice.py    457  0.01s             1           0  0.29s           2026-03-14T17:04:13                      12
================================================================================
[2026-03-14T17:04:48.767+0000] {manager.py:821} INFO - Searching for files in /opt/airflow/dags
[2026-03-14T17:04:48.802+0000] {manager.py:824} INFO - There are 1 files in /opt/airflow/dags
[2026-03-14T17:04:53.868+0000] {manager.py:821} INFO - Searching for files in /opt/airflow/dags
[2026-03-14T17:04:53.902+0000] {manager.py:824} INFO - There are 1 files in /opt/airflow/dags
[2026-03-14T17:04:58.967+0000] {manager.py:821} INFO - Searching for files in /opt/airflow/dags
[2026-03-14T17:04:59.028+0000] {manager.py:824} INFO - There are 1 files in /opt/airflow/dags
[2026-03-14T17:05:04.096+0000] {manager.py:821} INFO - Searching for files in /opt/airflow/dags
[2026-03-14T17:05:04.141+0000] {manager.py:824} INFO - There are 1 files in /opt/airflow/dags
[2026-03-14T17:05:09.328+0000] {manager.py:821} INFO - Searching for files in /opt/airflow/dags
[2026-03-14T17:05:09.382+0000] {manager.py:824} INFO - There are 1 files in /opt/airflow/dags
[2026-03-14T17:05:13.811+0000] {manager.py:997} INFO - 
================================================================================
DAG File Processing Stats

File Path                      PID    Runtime      # DAGs    # Errors  Last Runtime    Last Run               Last # of DB Queries
-----------------------------  -----  ---------  --------  ----------  --------------  -------------------  ----------------------
/opt/airflow/dags/practice.py                           1           0  0.46s           2026-03-14T17:05:08                      12
================================================================================
[2026-03-14T17:05:14.470+0000] {manager.py:821} INFO - Searching for files in /opt/airflow/dags
[2026-03-14T17:05:14.500+0000] {manager.py:824} INFO - There are 1 files in /opt/airflow/dags
[2026-03-14T17:05:19.563+0000] {manager.py:821} INFO - Searching for files in /opt/airflow/dags
[2026-03-14T17:05:19.599+0000] {manager.py:824} INFO - There are 1 files in /opt/airflow/dags
[2026-03-14T17:05:24.668+0000] {manager.py:821} INFO - Searching for files in /opt/airflow/dags
[2026-03-14T17:05:24.697+0000] {manager.py:824} INFO - There are 1 files in /opt/airflow/dags
[2026-03-14T17:05:29.759+0000] {manager.py:821} INFO - Searching for files in /opt/airflow/dags
[2026-03-14T17:05:29.797+0000] {manager.py:824} INFO - There are 1 files in /opt/airflow/dags
[2026-03-14T17:05:34.871+0000] {manager.py:821} INFO - Searching for files in /opt/airflow/dags
[2026-03-14T17:05:34.937+0000] {manager.py:824} INFO - There are 1 files in /opt/airflow/dags
[2026-03-14T17:05:40.086+0000] {manager.py:821} INFO - Searching for files in /opt/airflow/dags
[2026-03-14T17:05:40.135+0000] {manager.py:824} INFO - There are 1 files in /opt/airflow/dags
[2026-03-14T17:05:44.199+0000] {manager.py:997} INFO - 
================================================================================
DAG File Processing Stats

File Path                      PID    Runtime      # DAGs    # Errors  Last Runtime    Last Run               Last # of DB Queries
-----------------------------  -----  ---------  --------  ----------  --------------  -------------------  ----------------------
/opt/airflow/dags/practice.py                           1           0  0.38s           2026-03-14T17:05:36                      12
================================================================================
[2026-03-14T17:05:45.206+0000] {manager.py:821} INFO - Searching for files in /opt/airflow/dags
[2026-03-14T17:05:45.235+0000] {manager.py:824} INFO - There are 1 files in /opt/airflow/dags
[2026-03-14T17:05:50.299+0000] {manager.py:821} INFO - Searching for files in /opt/airflow/dags
[2026-03-14T17:05:50.333+0000] {manager.py:824} INFO - There are 1 files in /opt/airflow/dags
[2026-03-14T17:05:55.397+0000] {manager.py:821} INFO - Searching for files in /opt/airflow/dags
[2026-03-14T17:05:55.430+0000] {manager.py:824} INFO - There are 1 files in /opt/airflow/dags
[2026-03-14T17:06:00.495+0000] {manager.py:821} INFO - Searching for files in /opt/airflow/dags
[2026-03-14T17:06:00.532+0000] {manager.py:824} INFO - There are 1 files in /opt/airflow/dags
[2026-03-14T17:06:05.605+0000] {manager.py:821} INFO - Searching for files in /opt/airflow/dags
[2026-03-14T17:06:05.656+0000] {manager.py:824} INFO - There are 1 files in /opt/airflow/dags
[2026-03-14T17:06:10.771+0000] {manager.py:821} INFO - Searching for files in /opt/airflow/dags
[2026-03-14T17:06:10.818+0000] {manager.py:824} INFO - There are 1 files in /opt/airflow/dags
[2026-03-14T17:06:14.341+0000] {manager.py:997} INFO - 
================================================================================
DAG File Processing Stats

File Path                      PID    Runtime      # DAGs    # Errors  Last Runtime    Last Run               Last # of DB Queries
-----------------------------  -----  ---------  --------  ----------  --------------  -------------------  ----------------------
/opt/airflow/dags/practice.py                           1           0  0.34s           2026-03-14T17:06:07                      12
================================================================================
[2026-03-14T17:06:16.408+0000] {manager.py:821} INFO - Searching for files in /opt/airflow/dags
[2026-03-14T17:06:16.440+0000] {manager.py:824} INFO - There are 1 files in /opt/airflow/dags
[2026-03-14T17:06:22.082+0000] {manager.py:821} INFO - Searching for files in /opt/airflow/dags
[2026-03-14T17:06:22.136+0000] {manager.py:824} INFO - There are 1 files in /opt/airflow/dags
[2026-03-14T17:06:27.229+0000] {manager.py:821} INFO - Searching for files in /opt/airflow/dags
[2026-03-14T17:06:27.283+0000] {manager.py:824} INFO - There are 1 files in /opt/airflow/dags
[2026-03-14T17:06:32.386+0000] {manager.py:821} INFO - Searching for files in /opt/airflow/dags
[2026-03-14T17:06:32.454+0000] {manager.py:824} INFO - There are 1 files in /opt/airflow/dags
[2026-03-14T17:06:37.541+0000] {manager.py:821} INFO - Searching for files in /opt/airflow/dags
[2026-03-14T17:06:37.586+0000] {manager.py:824} INFO - There are 1 files in /opt/airflow/dags
[2026-03-14T17:06:42.696+0000] {manager.py:821} INFO - Searching for files in /opt/airflow/dags
[2026-03-14T17:06:42.741+0000] {manager.py:824} INFO - There are 1 files in /opt/airflow/dags
[2026-03-14T17:06:44.789+0000] {manager.py:997} INFO - 
================================================================================
DAG File Processing Stats

File Path                      PID    Runtime      # DAGs    # Errors  Last Runtime    Last Run               Last # of DB Queries
-----------------------------  -----  ---------  --------  ----------  --------------  -------------------  ----------------------
/opt/airflow/dags/practice.py                           1           0  1.66s           2026-03-14T17:06:19                      34
================================================================================
[2026-03-14T17:06:47.817+0000] {manager.py:821} INFO - Searching for files in /opt/airflow/dags
[2026-03-14T17:06:47.858+0000] {manager.py:824} INFO - There are 1 files in /opt/airflow/dags
[2026-03-14T17:06:52.975+0000] {manager.py:821} INFO - Searching for files in /opt/airflow/dags
[2026-03-14T17:06:53.012+0000] {manager.py:824} INFO - There are 1 files in /opt/airflow/dags
[2026-03-14T17:06:58.078+0000] {manager.py:821} INFO - Searching for files in /opt/airflow/dags
[2026-03-14T17:06:58.122+0000] {manager.py:824} INFO - There are 1 files in /opt/airflow/dags
[2026-03-14T17:07:03.200+0000] {manager.py:821} INFO - Searching for files in /opt/airflow/dags
[2026-03-14T17:07:03.241+0000] {manager.py:824} INFO - There are 1 files in /opt/airflow/dags
[2026-03-14T17:07:08.311+0000] {manager.py:821} INFO - Searching for files in /opt/airflow/dags
[2026-03-14T17:07:08.339+0000] {manager.py:824} INFO - There are 1 files in /opt/airflow/dags
[2026-03-14T17:07:13.408+0000] {manager.py:821} INFO - Searching for files in /opt/airflow/dags
[2026-03-14T17:07:13.448+0000] {manager.py:824} INFO - There are 1 files in /opt/airflow/dags
[2026-03-14T17:07:15.495+0000] {manager.py:997} INFO - 
================================================================================
DAG File Processing Stats

File Path                      PID    Runtime      # DAGs    # Errors  Last Runtime    Last Run               Last # of DB Queries
-----------------------------  -----  ---------  --------  ----------  --------------  -------------------  ----------------------
/opt/airflow/dags/practice.py                           1           0  0.27s           2026-03-14T17:06:50                      12
================================================================================
[2026-03-14T17:07:18.519+0000] {manager.py:821} INFO - Searching for files in /opt/airflow/dags
[2026-03-14T17:07:18.555+0000] {manager.py:824} INFO - There are 1 files in /opt/airflow/dags
[2026-03-14T17:07:23.657+0000] {manager.py:821} INFO - Searching for files in /opt/airflow/dags
[2026-03-14T17:07:23.689+0000] {manager.py:824} INFO - There are 1 files in /opt/airflow/dags
[2026-03-14T17:07:28.749+0000] {manager.py:821} INFO - Searching for files in /opt/airflow/dags
[2026-03-14T17:07:28.784+0000] {manager.py:824} INFO - There are 1 files in /opt/airflow/dags
[2026-03-14T17:07:33.887+0000] {manager.py:821} INFO - Searching for files in /opt/airflow/dags
[2026-03-14T17:07:33.928+0000] {manager.py:824} INFO - There are 1 files in /opt/airflow/dags
[2026-03-14T17:07:39.007+0000] {manager.py:821} INFO - Searching for files in /opt/airflow/dags
[2026-03-14T17:07:39.042+0000] {manager.py:824} INFO - There are 1 files in /opt/airflow/dags
[2026-03-14T17:07:44.110+0000] {manager.py:821} INFO - Searching for files in /opt/airflow/dags
[2026-03-14T17:07:44.145+0000] {manager.py:824} INFO - There are 1 files in /opt/airflow/dags
[2026-03-14T17:07:46.194+0000] {manager.py:997} INFO - 
================================================================================
DAG File Processing Stats

File Path                      PID    Runtime      # DAGs    # Errors  Last Runtime    Last Run               Last # of DB Queries
-----------------------------  -----  ---------  --------  ----------  --------------  -------------------  ----------------------
/opt/airflow/dags/practice.py                           1           0  0.25s           2026-03-14T17:07:20                      12
================================================================================
[2026-03-14T17:07:49.223+0000] {manager.py:821} INFO - Searching for files in /opt/airflow/dags
[2026-03-14T17:07:49.278+0000] {manager.py:824} INFO - There are 1 files in /opt/airflow/dags
[2026-03-14T17:07:54.385+0000] {manager.py:821} INFO - Searching for files in /opt/airflow/dags
[2026-03-14T17:07:54.429+0000] {manager.py:824} INFO - There are 1 files in /opt/airflow/dags
[2026-03-14T17:07:59.517+0000] {manager.py:821} INFO - Searching for files in /opt/airflow/dags
[2026-03-14T17:07:59.556+0000] {manager.py:824} INFO - There are 1 files in /opt/airflow/dags
[2026-03-14T17:08:04.681+0000] {manager.py:821} INFO - Searching for files in /opt/airflow/dags
[2026-03-14T17:08:04.890+0000] {manager.py:824} INFO - There are 1 files in /opt/airflow/dags
[2026-03-14T17:08:10.190+0000] {manager.py:821} INFO - Searching for files in /opt/airflow/dags
[2026-03-14T17:08:10.234+0000] {manager.py:824} INFO - There are 1 files in /opt/airflow/dags
[2026-03-14T17:08:15.326+0000] {manager.py:821} INFO - Searching for files in /opt/airflow/dags
[2026-03-14T17:08:15.373+0000] {manager.py:824} INFO - There are 1 files in /opt/airflow/dags
[2026-03-14T17:08:16.416+0000] {manager.py:997} INFO - 
================================================================================
DAG File Processing Stats

File Path                      PID    Runtime      # DAGs    # Errors  Last Runtime    Last Run               Last # of DB Queries
-----------------------------  -----  ---------  --------  ----------  --------------  -------------------  ----------------------
/opt/airflow/dags/practice.py                           1           0  0.26s           2026-03-14T17:07:51                      12
================================================================================
[2026-03-14T17:08:20.453+0000] {manager.py:821} INFO - Searching for files in /opt/airflow/dags
[2026-03-14T17:08:20.551+0000] {manager.py:824} INFO - There are 1 files in /opt/airflow/dags
[2026-03-14T17:08:25.740+0000] {manager.py:821} INFO - Searching for files in /opt/airflow/dags
[2026-03-14T17:08:25.910+0000] {manager.py:824} INFO - There are 1 files in /opt/airflow/dags
[2026-03-14T17:08:31.016+0000] {manager.py:821} INFO - Searching for files in /opt/airflow/dags
[2026-03-14T17:08:31.049+0000] {manager.py:824} INFO - There are 1 files in /opt/airflow/dags
[2026-03-14T17:08:36.158+0000] {manager.py:821} INFO - Searching for files in /opt/airflow/dags
[2026-03-14T17:08:36.244+0000] {manager.py:824} INFO - There are 1 files in /opt/airflow/dags
[2026-03-14T17:08:41.351+0000] {manager.py:821} INFO - Searching for files in /opt/airflow/dags
[2026-03-14T17:08:41.388+0000] {manager.py:824} INFO - There are 1 files in /opt/airflow/dags
[2026-03-14T17:08:46.465+0000] {manager.py:821} INFO - Searching for files in /opt/airflow/dags
[2026-03-14T17:08:46.506+0000] {manager.py:824} INFO - There are 1 files in /opt/airflow/dags
[2026-03-14T17:08:46.538+0000] {manager.py:997} INFO - 
================================================================================
DAG File Processing Stats

File Path                      PID    Runtime      # DAGs    # Errors  Last Runtime    Last Run               Last # of DB Queries
-----------------------------  -----  ---------  --------  ----------  --------------  -------------------  ----------------------
/opt/airflow/dags/practice.py                           1           0  1.14s           2026-03-14T17:08:23                      12
================================================================================
[2026-03-14T17:08:52.011+0000] {manager.py:821} INFO - Searching for files in /opt/airflow/dags
[2026-03-14T17:08:52.086+0000] {manager.py:824} INFO - There are 1 files in /opt/airflow/dags
[2026-03-14T17:08:57.308+0000] {manager.py:821} INFO - Searching for files in /opt/airflow/dags
[2026-03-14T17:08:57.358+0000] {manager.py:824} INFO - There are 1 files in /opt/airflow/dags
[2026-03-14T17:09:02.474+0000] {manager.py:821} INFO - Searching for files in /opt/airflow/dags
[2026-03-14T17:09:02.511+0000] {manager.py:824} INFO - There are 1 files in /opt/airflow/dags
[2026-03-14T17:09:07.577+0000] {manager.py:821} INFO - Searching for files in /opt/airflow/dags
[2026-03-14T17:09:07.618+0000] {manager.py:824} INFO - There are 1 files in /opt/airflow/dags
[2026-03-14T17:09:12.685+0000] {manager.py:821} INFO - Searching for files in /opt/airflow/dags
[2026-03-14T17:09:12.716+0000] {manager.py:824} INFO - There are 1 files in /opt/airflow/dags
[2026-03-14T17:09:16.772+0000] {manager.py:997} INFO - 
================================================================================
DAG File Processing Stats

File Path                      PID    Runtime      # DAGs    # Errors  Last Runtime    Last Run               Last # of DB Queries
-----------------------------  -----  ---------  --------  ----------  --------------  -------------------  ----------------------
/opt/airflow/dags/practice.py                           1           0  0.41s           2026-03-14T17:08:54                      12
================================================================================
[2026-03-14T17:09:17.778+0000] {manager.py:821} INFO - Searching for files in /opt/airflow/dags
[2026-03-14T17:09:17.818+0000] {manager.py:824} INFO - There are 1 files in /opt/airflow/dags
[2026-03-14T17:09:22.883+0000] {manager.py:821} INFO - Searching for files in /opt/airflow/dags
[2026-03-14T17:09:22.911+0000] {manager.py:824} INFO - There are 1 files in /opt/airflow/dags
[2026-03-14T17:09:28.004+0000] {manager.py:821} INFO - Searching for files in /opt/airflow/dags
[2026-03-14T17:09:28.035+0000] {manager.py:824} INFO - There are 1 files in /opt/airflow/dags
[2026-03-14T17:09:33.099+0000] {manager.py:821} INFO - Searching for files in /opt/airflow/dags
[2026-03-14T17:09:33.146+0000] {manager.py:824} INFO - There are 1 files in /opt/airflow/dags
[2026-03-14T17:09:38.211+0000] {manager.py:821} INFO - Searching for files in /opt/airflow/dags
[2026-03-14T17:09:38.241+0000] {manager.py:824} INFO - There are 1 files in /opt/airflow/dags
[2026-03-14T17:09:43.305+0000] {manager.py:821} INFO - Searching for files in /opt/airflow/dags
[2026-03-14T17:09:43.337+0000] {manager.py:824} INFO - There are 1 files in /opt/airflow/dags
[2026-03-14T17:09:47.397+0000] {manager.py:997} INFO - 
================================================================================
DAG File Processing Stats

File Path                      PID    Runtime      # DAGs    # Errors  Last Runtime    Last Run               Last # of DB Queries
-----------------------------  -----  ---------  --------  ----------  --------------  -------------------  ----------------------
/opt/airflow/dags/practice.py                           1           0  0.24s           2026-03-14T17:09:25                      12
================================================================================
[2026-03-14T17:09:48.404+0000] {manager.py:821} INFO - Searching for files in /opt/airflow/dags
[2026-03-14T17:09:48.444+0000] {manager.py:824} INFO - There are 1 files in /opt/airflow/dags
[2026-03-14T17:09:53.511+0000] {manager.py:821} INFO - Searching for files in /opt/airflow/dags
[2026-03-14T17:09:53.542+0000] {manager.py:824} INFO - There are 1 files in /opt/airflow/dags
[2026-03-14T17:09:58.642+0000] {manager.py:821} INFO - Searching for files in /opt/airflow/dags
[2026-03-14T17:09:58.675+0000] {manager.py:824} INFO - There are 1 files in /opt/airflow/dags
[2026-03-14T17:10:03.740+0000] {manager.py:821} INFO - Searching for files in /opt/airflow/dags
[2026-03-14T17:10:03.770+0000] {manager.py:824} INFO - There are 1 files in /opt/airflow/dags
[2026-03-14T17:10:08.833+0000] {manager.py:821} INFO - Searching for files in /opt/airflow/dags
[2026-03-14T17:10:08.865+0000] {manager.py:824} INFO - There are 1 files in /opt/airflow/dags
[2026-03-14T17:10:13.937+0000] {manager.py:821} INFO - Searching for files in /opt/airflow/dags
[2026-03-14T17:10:13.977+0000] {manager.py:824} INFO - There are 1 files in /opt/airflow/dags
[2026-03-14T17:10:18.080+0000] {manager.py:997} INFO - 
================================================================================
DAG File Processing Stats

File Path                      PID    Runtime      # DAGs    # Errors  Last Runtime    Last Run               Last # of DB Queries
-----------------------------  -----  ---------  --------  ----------  --------------  -------------------  ----------------------
/opt/airflow/dags/practice.py                           1           0  0.25s           2026-03-14T17:09:55                      12
================================================================================
[2026-03-14T17:10:19.096+0000] {manager.py:821} INFO - Searching for files in /opt/airflow/dags
[2026-03-14T17:10:19.165+0000] {manager.py:824} INFO - There are 1 files in /opt/airflow/dags
[2026-03-14T17:10:24.261+0000] {manager.py:821} INFO - Searching for files in /opt/airflow/dags
[2026-03-14T17:10:24.286+0000] {manager.py:824} INFO - There are 1 files in /opt/airflow/dags
[2026-03-14T17:10:29.385+0000] {manager.py:821} INFO - Searching for files in /opt/airflow/dags
[2026-03-14T17:10:29.415+0000] {manager.py:824} INFO - There are 1 files in /opt/airflow/dags
[2026-03-14T17:10:34.493+0000] {manager.py:821} INFO - Searching for files in /opt/airflow/dags
[2026-03-14T17:10:34.535+0000] {manager.py:824} INFO - There are 1 files in /opt/airflow/dags
[2026-03-14T17:10:39.659+0000] {manager.py:821} INFO - Searching for files in /opt/airflow/dags
[2026-03-14T17:10:39.691+0000] {manager.py:824} INFO - There are 1 files in /opt/airflow/dags
[2026-03-14T17:10:44.763+0000] {manager.py:821} INFO - Searching for files in /opt/airflow/dags
[2026-03-14T17:10:44.793+0000] {manager.py:824} INFO - There are 1 files in /opt/airflow/dags
[2026-03-14T17:10:48.857+0000] {manager.py:997} INFO - 
================================================================================
DAG File Processing Stats

File Path                      PID    Runtime      # DAGs    # Errors  Last Runtime    Last Run               Last # of DB Queries
-----------------------------  -----  ---------  --------  ----------  --------------  -------------------  ----------------------
/opt/airflow/dags/practice.py                           1           0  0.31s           2026-03-14T17:10:26                      12
================================================================================
[2026-03-14T17:10:49.863+0000] {manager.py:821} INFO - Searching for files in /opt/airflow/dags
[2026-03-14T17:10:49.906+0000] {manager.py:824} INFO - There are 1 files in /opt/airflow/dags
[2026-03-14T17:10:54.980+0000] {manager.py:821} INFO - Searching for files in /opt/airflow/dags
[2026-03-14T17:10:55.102+0000] {manager.py:824} INFO - There are 1 files in /opt/airflow/dags
[2026-03-14T17:11:00.880+0000] {manager.py:821} INFO - Searching for files in /opt/airflow/dags
[2026-03-14T17:11:00.916+0000] {manager.py:824} INFO - There are 1 files in /opt/airflow/dags
[2026-03-14T17:11:06.001+0000] {manager.py:821} INFO - Searching for files in /opt/airflow/dags
[2026-03-14T17:11:06.043+0000] {manager.py:824} INFO - There are 1 files in /opt/airflow/dags
[2026-03-14T17:11:11.138+0000] {manager.py:821} INFO - Searching for files in /opt/airflow/dags
[2026-03-14T17:11:11.172+0000] {manager.py:824} INFO - There are 1 files in /opt/airflow/dags
[2026-03-14T17:11:16.241+0000] {manager.py:821} INFO - Searching for files in /opt/airflow/dags
[2026-03-14T17:11:16.279+0000] {manager.py:824} INFO - There are 1 files in /opt/airflow/dags
[2026-03-14T17:11:19.333+0000] {manager.py:997} INFO - 
================================================================================
DAG File Processing Stats

File Path                      PID    Runtime      # DAGs    # Errors  Last Runtime    Last Run               Last # of DB Queries
-----------------------------  -----  ---------  --------  ----------  --------------  -------------------  ----------------------
/opt/airflow/dags/practice.py                           1           0  0.93s           2026-03-14T17:10:58                      12
================================================================================
[2026-03-14T17:11:21.351+0000] {manager.py:821} INFO - Searching for files in /opt/airflow/dags
[2026-03-14T17:11:21.388+0000] {manager.py:824} INFO - There are 1 files in /opt/airflow/dags
[2026-03-14T17:11:26.452+0000] {manager.py:821} INFO - Searching for files in /opt/airflow/dags
[2026-03-14T17:11:26.487+0000] {manager.py:824} INFO - There are 1 files in /opt/airflow/dags
[2026-03-14T17:11:31.594+0000] {manager.py:821} INFO - Searching for files in /opt/airflow/dags
[2026-03-14T17:11:31.625+0000] {manager.py:824} INFO - There are 1 files in /opt/airflow/dags
[2026-03-14T17:11:36.686+0000] {manager.py:821} INFO - Searching for files in /opt/airflow/dags
[2026-03-14T17:11:36.720+0000] {manager.py:824} INFO - There are 1 files in /opt/airflow/dags
